id,name,name_local,type,closed_year,continent,country,city,address,latitude,longitude,phone,services,url,opening_date
store-lego-store-marion,LEGO® Store Marion,,official,,Oceania,Australia,Adelaide,"Westfield, 297 Diagonal Rd, Oaklands Park, Adelaide 5046, Australia",-35.0091,138.5551,(08) 8375 8901,bam;pab,https://brickstorestamps.com/stores/store-lego-store-marion,
store-lego-store-westfield-tea-tree-plaza,LEGO® Store Westfield Tea Tree Plaza,,official,,Oceania,Australia,Adelaide,"976 North East Road, Level 2, Shop 161, Modbury, SA 5092, Australia",-34.92818,138.59993,08 8375 8902,bam;pab,https://brickstorestamps.com/stores/store-lego-store-westfield-tea-tree-plaza,
store-lego-store-brisbane-airport-international-terminal-bne-duty-free,LEGO Store Brisbane Airport International Terminal (BNE Duty Free),,official,,Oceania,Australia,Brisbane,"Brisbane Airport, International Terminal, Airport Drive, Brisbane Airport 4008, Australia",-27.46896,153.0235,,,https://brickstorestamps.com/stores/store-lego-store-brisbane-airport-international-terminal-bne-duty-free,
store-lego-store-brisbane-bne-domestic,LEGO® Store Brisbane - BNE - Domestic,,official,,Oceania,Australia,Brisbane,"Brisbane Airport, Domestic Terminal, Airport Drive, Brisbane Airport 4008, Australia",-27.46896,153.0235,,,https://brickstorestamps.com/stores/store-lego-store-brisbane-bne-domestic,
store-lego-store-chermside,LEGO® Store Chermside,,official,,Oceania,Australia,Brisbane,"Shop/380A Gympie Rd., Chermside 4032, Australia",-27.381285,153.0329411,(07) 5554 9402,bam;pab,https://brickstorestamps.com/stores/store-lego-store-chermside,
store-lego-store-canberra,LEGO® Store Canberra,,official,,Oceania,Australia,Canberra,"Shop CG18-CG21, Ground Level, Canberra Centre, 148 Bunda Street, Canberra ACT 2601, Australia",-35.28028804307899,149.13366056984097,(02) 6246 6801,bam;pab,https://brickstorestamps.com/stores/store-lego-store-canberra,
store-lego-store-dreamworld,LEGO® Store Dreamworld,,official,,Oceania,Australia,Gold Coast,"1 Dreamworld Pkwy,, Gold coast 4209, Australia",-28.00237,153.4146,(07) 5588 1111,bam;pab,https://brickstorestamps.com/stores/store-lego-store-dreamworld,
store-lego-store-robina,LEGO® Store Robina,,official,,Oceania,Australia,Gold Coast,"4067, Robina Town Centre Dr., Robina 4226, Australia",-28.0791244,153.3835385,(07) 5554 9401,bam;pab,https://brickstorestamps.com/stores/store-lego-store-robina,
store-lego-store-hobart,LEGO® Store Hobart,,official,,Oceania,Australia,Hobart,"38 Elizabeth St, Hobart TAS7000, Australia",-42.88251,147.32812,(03) 62408577,bam;pab,https://brickstorestamps.com/stores/store-lego-store-hobart,
store-lego-store-melbourne-airport-mel-airport-store,LEGO Store Melbourne Airport - MEL,,official,,Oceania,Australia,Melbourne,"Melbourne Airport, Departure Drive, Melbourne Airport 3045, Australia",-37.81425,144.96317,,,https://brickstorestamps.com/stores/store-lego-store-melbourne-airport-mel-airport-store,
store-lego-store-doncaster,LEGO® Store Doncaster,,closed,2026,Oceania,Australia,Melbourne,"619 Doncaster Road, Doncaster VIC 3108, Australia",-37.81425,144.96317,(03) 8398 9191,bam;pab,https://brickstorestamps.com/stores/store-lego-store-doncaster,
store-lego-store-eastland,LEGO® Store Eastland,,official,,Oceania,Australia,Melbourne,"Shop 2109A-2110, Level 2, Eastland Shopping Centre, 175 Maroondah Highway, Ringwood VIC 3134, Australia",-37.81324,145.22907,,bam;pab,https://brickstorestamps.com/stores/store-lego-store-eastland,
store-lego-store-highpoint,LEGO® Store Highpoint,,official,,Oceania,Australia,Melbourne,"120-200 Rosamond Road, Maribyrnong VIC 3032, Australia",-37.7732,144.8893,(03) 8398 9192,bam;pab,https://brickstorestamps.com/stores/store-lego-store-highpoint,
store-lego-store-melbourne-central,LEGO® Store Melbourne Central,,official,,Oceania,Australia,Melbourne,"Level 2 Cnr LaTrobe and Swanston Streets Melbourne Central, Melbourne VIC 3000, Australia",-37.81035198579189,144.96323457421434,(03) 8398 9193,bam;pab,https://brickstorestamps.com/stores/store-lego-store-melbourne-central,
store-legoland-discovery-centre-melbourne,LEGOLAND Discovery Centre Melbourne,,official,,Oceania,Australia,Melbourne,,-37.81425,144.96317,,,https://brickstorestamps.com/stores/store-legoland-discovery-centre-melbourne,
store-lego-store-charlestown,LEGO® Store Charlestown,,official,,Oceania,Australia,Newcastle,"Shop 2071/30 Pearson St, Newcastle 2290, Australia",-32.9679,151.6946,(02) 4942 3787,bam;pab,https://brickstorestamps.com/stores/store-lego-store-charlestown,
store-lego-store-karrinyup,LEGO® Store Karrinyup,,official,,Oceania,Australia,Perth,"Shop SP022, Ground Level, Karrinyup Shopping Centre, 200 Karrinyup Rd, Karrinyup WA 6018, Australia",-31.876897853131695,115.7808511816839,(08) 9326 0801,bam;pab,https://brickstorestamps.com/stores/store-lego-store-karrinyup,
store-lego-store-westfield-booragoon,LEGO® Store Westfield Booragoon,,official,,Oceania,Australia,Perth,"Level 1, Shop 127 125-133 Riseley Street, Booragoon Western Australia 6154, Australia",-32.03446638246486,115.83699221978313,(08) 9326 0802,bam;pab,https://brickstorestamps.com/stores/store-lego-store-westfield-booragoon,
store-lego-store-sunshine-plaza,LEGO Store Sunshine Plaza,,official,,Oceania,Australia,Sunshine Coast,"Shop GD551, Sunshine Plaza Shopping Centre, 154-164 Horton Parade, Maroochydore, QLD 4558, Australia",-26.65443,153.09337,07 5554 9437,bam;pab,https://brickstorestamps.com/stores/store-lego-store-sunshine-plaza,
store-lego-store-in-the-australian-head-office,LEGO Store in the Australian Head Office,,official,,Oceania,Australia,Sydney,,-33.86984,151.20828,,bam;pab,https://brickstorestamps.com/stores/store-lego-store-in-the-australian-head-office,
store-lego-store-macquire,LEGO Store Macquarie,,official,,Oceania,Australia,Sydney,,-33.86984,151.20828,,bam;pab,https://brickstorestamps.com/stores/store-lego-store-macquire,
store-lego-store-parramatta,LEGO Store Parramatta,,official,,Oceania,Australia,Sydney,,-33.86984,151.20828,,bam;pab,https://brickstorestamps.com/stores/store-lego-store-parramatta,
store-lego-store-penrith,LEGO Store Penrith,,official,,Oceania,Australia,Sydney,,-33.86984,151.20828,,bam;pab,https://brickstorestamps.com/stores/store-lego-store-penrith,
store-lego-store-sydney-airport-syd-airport-store,LEGO Store Sydney Airport - SYD,,official,,Oceania,Australia,Sydney,"Sydney Airport, Terminal 3 Domestic, Mascot 2020, Australia",-33.86984,151.20828,,,https://brickstorestamps.com/stores/store-lego-store-sydney-airport-syd-airport-store,
store-lego-store-bondi-junction,LEGO® Store Bondi Junction,,closed,2025,Oceania,Australia,Sydney,"AG LEGO® Certified Store, Westfield Bondi Junction, 500 Oxford St, Bondi Junction NSW 2022, Australia",-33.89133,151.25004,,,https://brickstorestamps.com/stores/store-lego-store-bondi-junction,
store-lego-store-broadway,LEGO® Store Broadway,,official,,Oceania,Australia,Sydney,"Level 2, Shop 208/1 Bay St, Ultimo 2007, Australia",-33.8828234,151.1937976,(02) 8275 5182,bam;pab,https://brickstorestamps.com/stores/store-lego-store-broadway,
store-lego-store-castle-towers-shopping-centre,LEGO® Store Castle Towers Shopping Centre,,official,,Oceania,Australia,Sydney,"Shop 327 Castle Towers Shopping Centre, Castle Towers NSW 2154, Australia",-33.731223979191434,151.0049629580518,(02) 8275 5184,bam;pab,https://brickstorestamps.com/stores/store-lego-store-castle-towers-shopping-centre,
store-lego-store-macquarie-centre,LEGO® Store Macquarie Centre,,official,,Oceania,Australia,Sydney,"Shop 3334/3, Macquarie Shopping Centre Cnr Herring Rd & Waterloo Rd, North Ryde NSW 2113, Australia",-33.777238316639554,151.12113211344754,(02) 8275 5186,bam;pab,https://brickstorestamps.com/stores/store-lego-store-macquarie-centre,
store-lego-store-pitt-st-mall,LEGO® Store Pitt St Mall,,official,,Oceania,Australia,Sydney,"400 George Street, entry is Via Pitt Street Mall, Sydney 2000, Australia",-33.86984,151.20828,(02) 82755120,bam;pab,https://brickstorestamps.com/stores/store-lego-store-pitt-st-mall,
store-lego-store-westfield-miranda,LEGO® Store Westfield Miranda,,official,,Oceania,Australia,Sydney,"600 Kingsway Shop 3166-1367, Level 3, Miranda NSW 2228, Australia",-34.03554697842882,151.10063869696165,(02) 8275 5187,bam;pab,https://brickstorestamps.com/stores/store-lego-store-westfield-miranda,
store-lego-store-westfield-parramatta,LEGO® Store Westfield Parramatta,,official,,Oceania,Australia,Sydney,"Shop 3077 159-175 Church Street, Parramatta NSW 2150, Australia",-33.81760255895004,151.00270392390982,(02) 8275 5189,bam;pab,https://brickstorestamps.com/stores/store-lego-store-westfield-parramatta,
store-lego-store-westfield-penrith,LEGO® Store Westfield Penrith,,official,,Oceania,Australia,Sydney,"Level 2, Shop 311/312 585 High Street, Penrith New South Wales 2750, Australia",-33.75174631022385,150.6945227001829,(02) 8275 5185,bam;pab,https://brickstorestamps.com/stores/store-lego-store-westfield-penrith,
store-lego-store-townsville,LEGO® Store Townsville,,official,,Oceania,Australia,Townsville,"Shop 205, Aitkenvale, Aitkenvale QLD 4814, Australia",-19.299143311216376,146.7635487037265,(07) 5554 9403,bam;pab,https://brickstorestamps.com/stores/store-lego-store-townsville,
store-lego-store-vienna-scs,LEGO® Store Vienna SCS,,official,,Europe,Austria,Vienna,"Shopping City Süd, Unit 6, Galerie 164, SCS-Strasse, Vösendorf 2334, Austria",48.112255,16.316325,(+43) 1928081200,bam;pab,https://brickstorestamps.com/stores/store-lego-store-vienna-scs,
store-lego-store-wien-donau-zentrum,LEGO® Store Wien Donau Zentrum,,official,,Europe,Austria,Vienna,"Donau Zentrum, Wagramer Straße 81, Wien 1220, Austria",48.20835,16.3725,+43 1928083500,bam;pab,https://brickstorestamps.com/stores/store-lego-store-wien-donau-zentrum,
store-lego-store-bahrain-city-centre,LEGO® Store Bahrain City Centre,,official,,Asia,Bahrain,Manama,"Manama, Bahrain, Bahrain",26.2235,50.58224,+973 1717 3077,bam;pab,https://brickstorestamps.com/stores/store-lego-store-bahrain-city-centre,
store-lego-store-wijnegem,LEGO® Store Wijnegem,,official,,Europe,Belgium,Antwerp,"Wijnegem - Shop Eat Enjoy, Turnhoutsebaan 5, Space 526, Wijnegem 2110, Belgium",51.22177382,4.500251722,+32 33180025,bam;pab,https://brickstorestamps.com/stores/store-lego-store-wijnegem,
store-lego-store-brussels,LEGO® Store Brussels,,official,,Europe,Belgium,Brussels,"117-119 Rue Neuve, Brussels 1000, Belgium",50.85375,4.35703,+32 27906802,bam;pab,https://brickstorestamps.com/stores/store-lego-store-brussels,
store-legoland-discovery-centre-brussels,LEGOLAND Discovery Centre Brussels,,official,,Europe,Belgium,Brussels,,50.84674,4.35249,,,https://brickstorestamps.com/stores/store-legoland-discovery-centre-brussels,
store-lego-store-sarajevo,LEGO® Store Sarajevo,,official,,Europe,Bosnia and Herzegovina,Sarajevo,"Franca Lehara 2, Sarajevo 71000, Bosnia and Herzegovina",43.856491,18.4036921,+387 33 590-579,bam;pab,https://brickstorestamps.com/stores/store-lego-store-sarajevo,
store-lego-store-balneario,LEGO® Store Balneário,,official,,South America,Brazil,Balneário Camboriú,"Piso L1, Balneário Shopping, Balneário Camboriú, Brazil",-26.99244,-48.63398,,bam;pab,https://brickstorestamps.com/stores/store-lego-store-balneario,
store-lego-store-boulevard-shopping-belem,LEGO® Store Boulevard Shopping Belem,,official,,South America,Brazil,Belém,"Av. Visc. de Souza Franco, 776 - LJ 324/325 NIVEL 3 - Reduto, Belem 66053-000, Brazil",-1.45056,-48.46825,+55 119 968 96131,bam;pab,https://brickstorestamps.com/stores/store-lego-store-boulevard-shopping-belem,
store-lego-store-bh-shopping,LEGO® Store BH Shopping,,official,,South America,Brazil,Belo Horizonte,"BH Shopping - BR-356, 3049 - 72, Belo Horizonte 30320-690, Brazil",-19.974212,-43.944194,+55 31 3228 4001,bam;pab,https://brickstorestamps.com/stores/store-lego-store-bh-shopping,
store-lego-store-iguatemi-campinas,LEGO® Store Iguatemí Campinas,,official,,South America,Brazil,Campinas,"Av. Iguatemi, 777 - Vila Brandina, Campinas 13092-599, Brazil",-22.892062,-47.025778,+55 19 3252 1586,bam;pab,https://brickstorestamps.com/stores/store-lego-store-iguatemi-campinas,
store-lego-store-shopping-estacao-cuiaba,LEGO® Store Shopping Estação Cuiabá,,official,,South America,Brazil,Cuiabá,"Av. Miguel Sutil 9300 - Santa Rosa, Cuiabá - MG, Cuiabá 78040-365, Brazil",-15.59867,-56.09913,+55 659 9820 5801,bam;pab,https://brickstorestamps.com/stores/store-lego-store-shopping-estacao-cuiaba,
store-lego-store-patio-batel,LEGO® Store Pátio Batel,,official,,South America,Brazil,Curitiba,"Av. do Batel, 1868 - 265, Batel, Curitiba 80420-090, Brazil",-25.442578,-49.29048,+554130264991,bam;pab,https://brickstorestamps.com/stores/store-lego-store-patio-batel,
store-lego-store-iguatemi-fortaleza,LEGO® Store Iguatemi Fortaleza,,official,,South America,Brazil,Fortaleza,"Av. Washington Soares, 85 - Edson Queiroz, Fortaleza 60811-341, Brazil",-3.77754,-38.48113,+55 085 98129-3414,bam;pab,https://brickstorestamps.com/stores/store-lego-store-iguatemi-fortaleza,
store-lego-store-flamboyant-goiania,LEGO® Store Flamboyant Goiânia,,official,,South America,Brazil,Goiânia,"Av. Deputado Jamel Cecilio 3300, Jardim Goias - Goiânia, GO, Goiânia 74085-580, Brazil",-16.68088,-49.25327,,bam;pab,https://brickstorestamps.com/stores/store-lego-store-flamboyant-goiania,
store-lego-store-manauara,LEGO® Store Manauara,,official,,South America,Brazil,Manaus,"Av. Mario Ypiranga, 1300 - Adrianópolis, Manaus, AM, Manaus 69053-165, Brazil",-3.13163,-59.9825,,bam;pab,https://brickstorestamps.com/stores/store-lego-store-manauara,
store-lego-store-iguatemi-porto-alegre,LEGO® Store Iguatemi Porto Alegre,,official,,South America,Brazil,Porto Alegre,"Av. João Wallig, 1800 - Passo, Porto Alegre 91340-000, Brazil",-30.0257145,-51.161843,+555130167631,bam;pab,https://brickstorestamps.com/stores/store-lego-store-iguatemi-porto-alegre,
store-lego-store-shopping-recife,LEGO® Store Shopping Recife,,official,,South America,Brazil,Recife,"R. Padre Carapuceiro 777 - Boa Viagem, Recife 51020-900, Brazil",-8.11922,-34.90562,+55 81 9992 0096,bam;pab,https://brickstorestamps.com/stores/store-lego-store-shopping-recife,
store-lego-store-riberao-shopping,LEGO® Store Riberão Shopping,,official,,South America,Brazil,Ribeirão Preto,"Av. Cel. Fernando Ferreira Leite, 154 - Loja 52 - Jardim California, Ribeirão Preto - SP, Brazil, Riberão Preto 14026-900, Brazil",-21.17763,-47.8101,+55 169 9641 3942,bam;pab,https://brickstorestamps.com/stores/store-lego-store-riberao-shopping,
store-lego-store-barra-shopping,LEGO® Store Barra Shopping,,official,,South America,Brazil,Rio de Janeiro,"Av. das Américas, 4666, Rio de Janeiro 22640-970, Brazil",-22.997342,-43.358116,+55 21 3514 5105,bam;pab,https://brickstorestamps.com/stores/store-lego-store-barra-shopping,
store-lego-store-shopping-leblon,LEGO® Store Shopping Leblon,,official,,South America,Brazil,Rio de Janeiro,"Av. Afrânio de Melo Franco, 290 - loja 108 I/J, 1 piso - Leblon, Rio de Janeiro - RJ, Rio de Janeiro 22430-060, Brazil",-22.98231,-43.21692,+55 21 99032 4541,bam;pab,https://brickstorestamps.com/stores/store-lego-store-shopping-leblon,
store-lego-store-centro,LEGO® Store Centro,,official,,South America,Brazil,Rio de Janeiro / SP,,-23.44612,-46.53601,,bam;pab,https://brickstorestamps.com/stores/store-lego-store-centro,
store-lego-store-salvador-shopping,LEGO® Store Salvador Shopping,,official,,South America,Brazil,Salvador,"Av. Tancredo Neves, 3133 - 272, Salvador 41820-910, Brazil",-12.98225,-38.48128,+55 71 3341 7636,bam;pab,https://brickstorestamps.com/stores/store-lego-store-salvador-shopping,
store-lego-store-analia-franco,LEGO® Store Anália Franco,,official,,South America,Brazil,São Paulo,"Av. Reg. Feijó, 1739 - Vila Reg. Feijó, São Paulo - SP, São Paulo 03342-000, Brazil",-23.55065,-46.63338,,bam;pab,https://brickstorestamps.com/stores/store-lego-store-analia-franco,
store-lego-store-centre-norte,LEGO® Store Centre Norte,,official,,South America,Brazil,São Paulo,"Travessa Casalbuono, 120 Loja 311 Vila Guilherme, São Paulo 02089-900, Brazil",-23.51574,-46.61685,+55 11 93097-4000,bam;pab,https://brickstorestamps.com/stores/store-lego-store-centre-norte,
store-lego-store-cidade-jardim,LEGO® Store Cidade Jardim,,official,,South America,Brazil,São Paulo,"Av. Magalhães de Castro,, São Paulo 05502-001, Brazil",-23.5983556,-46.6976142,+551123958012,bam;pab,https://brickstorestamps.com/stores/store-lego-store-cidade-jardim,
store-lego-store-moema,LEGO® Store Moema,,official,,South America,Brazil,São Paulo,"Rua Gaivota, 1301. Moema - São Paulo - SP, São Paulo 04522-033, Brazil",-23.60637,-46.67024,+55 11 98139 6845,bam;pab,https://brickstorestamps.com/stores/store-lego-store-moema,
store-lego-store-morumbi,LEGO® Store Morumbi,,official,,South America,Brazil,São Paulo,"Av. Roque Petroni Júnior, 1089 - Loja 111/110b Jardim das Acacias, Sao Paulo 04707-900, Brazil",-23.623527,-46.698365,+55 11 94173 3352,bam;pab,https://brickstorestamps.com/stores/store-lego-store-morumbi,
store-lego-store-oscar-freiere,LEGO® Store Oscar Freire,,official,,South America,Brazil,São Paulo,,-23.55065,-46.63338,,bam;pab,https://brickstorestamps.com/stores/store-lego-store-oscar-freiere,
store-lego-store-villalobos,LEGO® Store VillaLobos,,official,,South America,Brazil,São Paulo,"Av. das Nações Unidas, 4777, Alto de Pinheiros 05477-000, Brazil",-23.55065,-46.63338,+55 11 3021 5686,bam;pab,https://brickstorestamps.com/stores/store-lego-store-villalobos,
store-lego-store-sofia,LEGO® Store Sofia,,official,,Europe,Bulgaria,Sofia,"Paradise Center ground floor Blvd. Cherni vrah 100, 1407 Hladilnika, Sofia 1407, Bulgaria",42.6977,23.32174,+359 877788118,bam;pab,https://brickstorestamps.com/stores/store-lego-store-sofia,
store-lego-store-calgary,LEGO® Store Calgary,,official,,North America,Canada,Calgary,"6455 Macleod Trail SW, Chinook Centre Unit 0203, Calgary T2H 0K8, Canada",50.996944,-114.073856,+1 (587) 402-6345,bam;pab,https://brickstorestamps.com/stores/store-lego-store-calgary,
store-lego-store-edmonton-southgate-centre,LEGO® Store Edmonton - Southgate Centre,,official,,North America,Canada,Edmonton,"5015 111 St NW #424, Edmonton T6H 4M6, Canada",53.485647,-113.514161,+1 (825) 450-3083,bam;pab,https://brickstorestamps.com/stores/store-lego-store-edmonton-southgate-centre,
store-lego-store-edmonton-west-edmonton-mall,LEGO® Store Edmonton - West Edmonton Mall,,official,,North America,Canada,Edmonton,"West Edmonton Mall, 8882-170th Street, Unit #V182, Edmonton T5T 4M2, Canada",53.54621,-113.49124,+1 (825) 901-8712,bam;minifigure_factory;pab,https://brickstorestamps.com/stores/store-lego-store-edmonton-west-edmonton-mall,
store-lego-store-montreal-laval,LEGO® Store Montreal - Laval,,official,,North America,Canada,Laval,"3035 Boulevard le Carrefour, Laval H7T 1C8, Canada",45.57,-73.751,+1 (579) 805-5010,bam;pab,https://brickstorestamps.com/stores/store-lego-store-montreal-laval,
store-lego-store-cf-markville,LEGO Store CF Markville,,official,,North America,Canada,Markham,"5000 Highway 7 East, Unit 2283B, Markham L3R 4M9, Canada",43.86896,-79.28757,,bam;pab,https://brickstorestamps.com/stores/store-lego-store-cf-markville,
store-lego-store-square-one-shopping-centre,LEGO Store Square One Shopping Centre,,official,,North America,Canada,Mississauga,"100 City Centre Dr, Level 2, Mississauga L5B 2C9, Canada",43.59264,-79.64369,905-270-7771,,https://brickstorestamps.com/stores/store-lego-store-square-one-shopping-centre,2026-11-06
store-lego-travel-retail-store-toronto-pearson-airport,LEGO Travel Retail Store Toronto Pearson Airport,,official,,North America,Canada,Mississauga,"Terminal 3 (post-security, CAN/INTL), Mississauga (Toronto Pearson Airport), Canada",43.6872,-79.61795,,,https://brickstorestamps.com/stores/store-lego-travel-retail-store-toronto-pearson-airport,
store-lego-store-ottawa,LEGO® Store Ottawa,,official,,North America,Canada,Ottawa,"50 Rideau Street, Ottawa K1N 9J7, Canada",45.42088,-75.69011,+1 (613) 319-2110,bam;pab,https://brickstorestamps.com/stores/store-lego-store-ottawa,
store-lego-store-montreal-pointe-claire,LEGO® Store Montreal - Pointe-Claire,,official,,North America,Canada,Pointe-Claire,"6801 Trans-Canada Highway, Pointe-Claire H9R 5J2, Canada",45.4639,-73.8311,+1 (514) 900-1955,bam;pab,https://brickstorestamps.com/stores/store-lego-store-montreal-pointe-claire,
store-lego-store-richmond-centre,LEGO® Store Richmond Centre,,official,,North America,Canada,Richmond,"6551 No. 3 Road, #1440, Richmond V6Y 2B6, Canada",49.16317,-123.13741,+1 (778) 804-9617,bam;pab,https://brickstorestamps.com/stores/store-lego-store-richmond-centre,
store-lego-store-guilford-town-centre,LEGO® Store Guilford Town Centre,,official,,North America,Canada,Surrey,"10355 152 St, Unit 1036, Guildford Town Centre, Surrey V3R 7C1, Canada",49.1904714,-122.7994051,+1 (604) 706-8521,bam;pab,https://brickstorestamps.com/stores/store-lego-store-guilford-town-centre,
store-lego-store-cf-toronto-eaton-centre,LEGO Store CF Toronto Eaton Centre,,official,,North America,Canada,Toronto,"220 Yonge St, Level 3, Toronto M5B 2H1, Canada",43.65415,-79.38079,,,https://brickstorestamps.com/stores/store-lego-store-cf-toronto-eaton-centre,2026-10-23
store-lego-store-toronto-fairview-mall,LEGO® Store Toronto - Fairview Mall,,official,,North America,Canada,Toronto,"1800 Sheppard Avenue East, Toronto M2J 5A7, Canada",43.778779,-79.344721,+1 (437) 523-4598,bam;pab,https://brickstorestamps.com/stores/store-lego-store-toronto-fairview-mall,
store-lego-store-toronto-sherway-gardens,LEGO® Store Toronto - Sherway Gardens,,official,,North America,Canada,Toronto,"25 Sherway Drive, Toronto M9C 1B8, Canada",43.6126518,-79.5559716,+1 (437) 523-4305,bam;pab,https://brickstorestamps.com/stores/store-lego-store-toronto-sherway-gardens,
store-lego-store-toronto-yorkdale,LEGO® Store Toronto - Yorkdale,,official,,North America,Canada,Toronto,"1 Yorkdale Rd, Unit 55, Yorkdale Shopping Centre, Toronto M6A 3A1, Canada",43.72436,-79.4488,(437) 782-8770,bam;pab,https://brickstorestamps.com/stores/store-lego-store-toronto-yorkdale,
store-legoland-discovery-centre-toronto,LEGOLAND Discovery Centre Toronto,,official,,North America,Canada,Toronto,,43.65348,-79.38393,,,https://brickstorestamps.com/stores/store-legoland-discovery-centre-toronto,
store-lego-store-winnipeg,LEGO® Store Winnipeg,,official,,North America,Canada,Winnipeg,"1485 Portage Avenue Unit 0210A, Winnipeg R3G 0W4, Canada",49.89554,-97.13846,+1 (431) 800-3117,bam;pab,https://brickstorestamps.com/stores/store-lego-store-winnipeg,
store-lego-store-calama,LEGO® Store Calama,,official,,South America,Chile,Calama,"AV. Balmaceda 3242, 1390000, Chile",-22.45667,-68.9237137,+562 2656 9667,bam;pab,https://brickstorestamps.com/stores/store-lego-store-calama,
store-lego-store-el-trebol,LEGO® Store El Trébol,,official,,South America,Chile,Concepción,"Av. Pdte. Jorge Alessandri Rodriguez 3177, Talcahuano, Bío Bío 4260000, Chile",-36.79027,-73.06669,+56 9 99130029,bam;pab,https://brickstorestamps.com/stores/store-lego-store-el-trebol,
store-lego-store-alto-las-condes,LEGO® Store Alto Las Condes,,official,,South America,Chile,Santiago,"Av. Presidente Kennedy 9001, l, Santiago 7550000, Chile",-33.382876,-70.545684,+562 2656 9666,bam;pab,https://brickstorestamps.com/stores/store-lego-store-alto-las-condes,
store-lego-store-costanera-centre,LEGO® Store Costanera Centre,,official,,South America,Chile,Santiago,"Avenida Andrés Bello 2425, local 1149, Santiago de Chile 7510689, Chile",-33.417922,-70.606091,+562 2656 9668,bam;pab,https://brickstorestamps.com/stores/store-lego-store-costanera-centre,
store-lego-store-egana,LEGO® Store Egaña,,official,,South America,Chile,Santiago,"Av. Larrain 5862, La Reina, Región Metropolitana, Chile, Santiago 7870154, Chile",-33.45249,-70.56981,+562 9 4223 8387,bam;pab,https://brickstorestamps.com/stores/store-lego-store-egana,
store-lego-store-los-trapenses,LEGO® Store Los Trapenses,,official,,South America,Chile,Santiago,"Jose Alcalde Delano 10533,, Barnechea 7690000, Chile",-33.351623,-70.532981,+562 2656 9671,bam;pab,https://brickstorestamps.com/stores/store-lego-store-los-trapenses,
store-lego-store-manquehue,LEGO® Store Manquehue,,official,,South America,Chile,Santiago,"Av. Manquehue Nte. 1255, Metropolitana 7630000, Chile",-33.385743,-70.572463,+562 2656 9669,bam;pab,https://brickstorestamps.com/stores/store-lego-store-manquehue,
store-lego-store-parque-arauco,LEGO® Store Parque Arauco,,official,,South America,Chile,Santiago,"Mall Parque Arauco, Las Condes, Santiago, Chile",-33.4377,-70.65107,,bam;pab,https://brickstorestamps.com/stores/store-lego-store-parque-arauco,
store-lego-store-vespucio,LEGO® Store Vespucio,,official,,South America,Chile,Santiago,"Av. Vicuña Mackenna Ote. 7110, Santiago de Chile 8242165, Chile",-33.512072,-70.597526,+562 2656 9672,bam;pab,https://brickstorestamps.com/stores/store-lego-store-vespucio,
store-lego-store-marina-arauco,LEGO® Store Marina Arauco,,official,,South America,Chile,Viña del Mar,"Av. 14 Norte 880 local 25, Viña del Mar 2530900, Chile",-33.009974,-71.545923,+562 2656 9673,bam;pab,https://brickstorestamps.com/stores/store-lego-store-marina-arauco,
store-lego-store-the-mix-c-one-anshan,LEGO® Store The Mix C One Anshan,乐高(鞍山万象汇店),official,,Asia,China,Anshan,"L113, 700 Jianguo Avenue,, Anshan, China",41.1076,122.99023,0412-2504242,bam;pab,https://brickstorestamps.com/stores/store-lego-store-the-mix-c-one-anshan,
store-lego-store-baotou-qingshan-wanda,LEGO® Store Baotou Qingshan Wanda,包头乐高授权专卖店(青山万达店),official,,Asia,China,Baotou,包头市青山区万达广场1楼,40.6591,109.8535,,,https://brickstorestamps.com/stores/store-lego-store-baotou-qingshan-wanda,
store-lego-beacon-store-xidan-joy-city,LEGO® Beacon Store Xidan Joy City,乐高品牌标杆店 北京西单,official,,Asia,China,Beijing,北京市西城区西单北大街131号(西单大悦城),39.90946,116.36732,,,https://brickstorestamps.com/stores/store-lego-beacon-store-xidan-joy-city,
store-c-lego-store-beijing-badaling-outlets-certified-store-,LEGO® Store Beijing Badaling Outlets (Certified Store),八达岭奥特莱斯,official,,Asia,China,Beijing,北京市昌平区南口镇陈庄村八达岭奥特莱斯B区708号,40.23409,116.16401,,,https://brickstorestamps.com/stores/store-c-lego-store-beijing-badaling-outlets-certified-store-,
store-c-lego-store-beijing-chang-an-mall-certified-store-pek,LEGO® Store Beijing Chang'an Mall (Certified Store),长安商场,official,,Asia,China,Beijing,北京市西城区复兴门外大街15(长安商场),39.90653,116.33923,,,https://brickstorestamps.com/stores/store-c-lego-store-beijing-chang-an-mall-certified-store-pek,
store-c-lego-store-beijing-changping-yuehui-vanke-certified-,LEGO® Store Beijing Changping Yuehui Vanke (Certified Store),悦荟万科广场,official,,Asia,China,Beijing,北京市昌平区悦荟万科广场1层,40.21097,116.23296,,,https://brickstorestamps.com/stores/store-c-lego-store-beijing-changping-yuehui-vanke-certified-,
store-lego-store-beijing-chaoyang-heshenghui,LEGO® Store Beijing Chaoyang Hopson One,合生汇,official,,Asia,China,Beijing,北京市朝阳区双井街道西大望路与茂兴中街交汇处,39.894,116.4802,,,https://brickstorestamps.com/stores/store-lego-store-beijing-chaoyang-heshenghui,
store-lego-store-beijing-chongwenmen-new-world,LEGO® Store Beijing Chongwenmen New World,北京新世界百货,official,,Asia,China,Beijing,北京市东城区崇文门外大街3号,39.8985,116.418,,,https://brickstorestamps.com/stores/store-lego-store-beijing-chongwenmen-new-world,
store-c-lego-store-beijing-cuiwei-mudanyuan-certified-store-,LEGO® Store Beijing Cuiwei Mudanyuan (Certified Store),翠微百货牡丹园店,official,,Asia,China,Beijing,北京市海淀区花园路2号翠微百货牡丹园店3层,39.97589,116.35986,,,https://brickstorestamps.com/stores/store-c-lego-store-beijing-cuiwei-mudanyuan-certified-store-,
store-lego-store-beijing-dongba-wanda-plaza-lego,LEGO® Store Beijing Dongba Wanda Plaza,LEGO(北京东坝万达广场店),official,,Asia,China,Beijing,北京市朝阳区北京东坝万达广场1层,39.9612,116.5481,,,https://brickstorestamps.com/stores/store-lego-store-beijing-dongba-wanda-plaza-lego,
store-lego-store-beijing-fengke-wanda,LEGO® Store Beijing Fengke Wanda,乐高(万达广场丰科店),official,,Asia,China,Beijing,北京市丰台区丰科路6号,39.8245,116.2994,,,https://brickstorestamps.com/stores/store-lego-store-beijing-fengke-wanda,
store-lego-store-beijing-fenglan-international-shopping,LEGO® Store Beijing Fenglan International Shopping,乐高(枫蓝国际购物中心店),official,,Asia,China,Beijing,"Fenglan Mall,32, Xizhimen N St, Beijing, China",39.95184,116.34983,010-62252522,bam;pab,https://brickstorestamps.com/stores/store-lego-store-beijing-fenglan-international-shopping,
store-c-lego-store-beijing-finance-street-shopping-center-ce,LEGO® Store Beijing Finance Street Shopping Center (Certified Store),北京金融街购物中心,official,,Asia,China,Beijing,北京市西城区金城坊街2号金融街购物中心B1-B107,39.91437,116.35583,,,https://brickstorestamps.com/stores/store-c-lego-store-beijing-finance-street-shopping-center-ce,
store-c-lego-store-beijing-intime-dahongmen-certified-store-,LEGO® Store Beijing Intime Dahongmen (Certified Store),银泰百货大红门店,official,,Asia,China,Beijing,北京市丰台区马家堡东路101号银泰百货大红门店4层,39.84282,116.37968,13911043033,,https://brickstorestamps.com/stores/store-c-lego-store-beijing-intime-dahongmen-certified-store-,
store-c-lego-store-beijing-jingxi-joy-city-certified-store-p,LEGO® Store Beijing Jingxi Joy City (Certified Store),京西大悦城,official,,Asia,China,Beijing,北京市石景山区阜石路173号院1号楼京西大悦城1F-11A,39.92431,116.17676,,,https://brickstorestamps.com/stores/store-c-lego-store-beijing-jingxi-joy-city-certified-store-p,
store-lego-store-beijing-link-reit-zhongguancun,LEGO® Store Beijing Link REIT Zhongguancun,领展购物广场·中关村,official,,Asia,China,Beijing,北京市海淀区丹棱街甲1号,39.9794,116.3143,,,https://brickstorestamps.com/stores/store-lego-store-beijing-link-reit-zhongguancun,
store-c-lego-store-beijing-longqi-shopping-center-certified-,LEGO® Store Beijing Longqi Shopping Center (Certified Store),龙旗购物中心,official,,Asia,China,Beijing,北京市昌平区龙旗购物中心2层,40.06557,116.34141,4008810252,,https://brickstorestamps.com/stores/store-c-lego-store-beijing-longqi-shopping-center-certified-,
store-c-lego-store-beijing-niaochao-tianhong-certified-store,LEGO® Store Beijing Niaochao Tianhong (Certified Store),北京鸟巢天虹,official,,Asia,China,Beijing,北京市朝阳区湖景东路新奥购物中心天虹商场,40.00009,116.38798,010-56329855,,https://brickstorestamps.com/stores/store-c-lego-store-beijing-niaochao-tianhong-certified-store,
store-lego-store-beijing-r-f-plaza,LEGO® Store Beijing R&F Plaza,乐高(北京富力广场店),official,,Asia,China,Beijing,北京市朝阳区东三环中路65号北京富力广场购物中心1F,39.8953,116.4609,,,https://brickstorestamps.com/stores/store-lego-store-beijing-r-f-plaza,
store-c-lego-store-beijing-wangfujing-mall-youanmen-certifie,LEGO® Store Beijing Wangfujing Mall Youanmen (Certified Store),王府井购物中心右安门店,official,,Asia,China,Beijing,北京市西城区右安门内大街79号东南方向90米,39.87068,116.35851,4008810252,,https://brickstorestamps.com/stores/store-c-lego-store-beijing-wangfujing-mall-youanmen-certifie,
store-c-lego-store-beijing-xiangyun-town-certified-store-pek,LEGO® Store Beijing Xiangyun Town (Certified Store),中粮·祥云小镇,official,,Asia,China,Beijing,北京市顺义区安泰大街9号院祥云小镇北区8号楼1层107号,40.08851,116.53021,,,https://brickstorestamps.com/stores/store-c-lego-store-beijing-xiangyun-town-certified-store-pek,
store-c-lego-store-beijing-xinchenli-certified-store-peking,LEGO® Store Beijing Xinchenli (Certified Store),新辰里,official,,Asia,China,Beijing,北京市海淀区学清路甲8号新辰里(学清路店)3F层,40.0072,116.3478,,,https://brickstorestamps.com/stores/store-c-lego-store-beijing-xinchenli-certified-store-peking,
store-lego-store-bhg-tiantongyuan-mall,LEGO® Store BHG Tiantongyuan Mall,,official,,Asia,China,Beijing,"F1-15 BHG Tiantongyuan Mall,, Beijing, China",39.90571,116.3913,010-57859895,bam;pab,https://brickstorestamps.com/stores/store-lego-store-bhg-tiantongyuan-mall,
store-lego-store-bhg-wanliu-mall,LEGO® Store BHG Wanliu Mall,乐高(万柳华联店),official,,Asia,China,Beijing,"F1-04, 2 Bagou Road,, Beijing, China",39.971582,116.289408,010-82589548,bam;pab,https://brickstorestamps.com/stores/store-lego-store-bhg-wanliu-mall,
store-lego-store-capitamall-taiyanggong,LEGO® Store CapitaMall Taiyanggong,乐高(太阳宫凯德MALL店),official,,Asia,China,Beijing,"12 Taiyanggong Middle Road, Beijing, China",39.970674,116.441332,010-84430608,bam;pab,https://brickstorestamps.com/stores/store-lego-store-capitamall-taiyanggong,
store-lego-store-capitamall-tiangongyuan,LEGO® Store CapitaMall Tiangongyuan,,official,,Asia,China,Beijing,"L1-25B, Xinyuan St./Huatuo Rd., Beijing, China",39.90571,116.3913,010-60279360,bam;pab,https://brickstorestamps.com/stores/store-lego-store-capitamall-tiangongyuan,
store-lego-store-beijing-xizhimen-k11-mall,LEGO® Store CapitaMall Xizhimen,凯德MALL西直门广场(暂停营业),closed,,Asia,China,Beijing,北京市西城区西直门外大街1号,39.9418,116.3528,,,https://brickstorestamps.com/stores/store-lego-store-beijing-xizhimen-k11-mall,
store-lego-store-chaoyang-joy-city,LEGO® Store Chaoyang Joy City,朝阳大悦城,official,,Asia,China,Beijing,北京市朝阳区朝阳北路101号,39.90571,116.3913,010-85510927,bam;pab,https://brickstorestamps.com/stores/store-lego-store-chaoyang-joy-city,
store-lego-store-china-world-mall,LEGO® Store China World Mall,北京国贸商城,official,,Asia,China,Beijing,北京市朝阳区建国门外大街1号国贸商城B1,39.9103,116.45418,010-85959221,bam;pab,https://brickstorestamps.com/stores/store-lego-store-china-world-mall,
store-lego-store-colourful-city,LEGO® Store Colourful City,北京清河万象汇,official,,Asia,China,Beijing,北京市海淀区清河中街68号清河万象汇西区1层L127号,40.02877,116.32706,010-62955658,bam;pab,https://brickstorestamps.com/stores/store-lego-store-colourful-city,
store-lego-store-daxing-paradise-walk,LEGO® Store Daxing Paradise Walk,,official,,Asia,China,Beijing,"7 Yongxing Road, Beijing, China",39.90571,116.3913,010-61253788,bam;pab,https://brickstorestamps.com/stores/store-lego-store-daxing-paradise-walk,
store-lego-store-fangshan-paradise-walk,LEGO® Store Fangshan Paradise Walk,,official,,Asia,China,Beijing,"North Gongchen Street, Beijing, China",39.743757,116.134774,010-61352021,bam;pab,https://brickstorestamps.com/stores/store-lego-store-fangshan-paradise-walk,
store-lego-store-han-s-plaza,LEGO® Store Han's Plaza,,official,,Asia,China,Beijing,"L1, 2 South Ronghua Road,, Beijing, China",39.791147,116.507085,010-67870891,bam;pab,https://brickstorestamps.com/stores/store-lego-store-han-s-plaza,
store-lego-store-huawei-plaza,LEGO® Store Huawei Plaza,乐高(华威潮铺街店),official,,Asia,China,Beijing,"No. 130 Xidanbei Street, Beijing, China",39.91034,116.368053,010-66012245,bam;pab,https://brickstorestamps.com/stores/store-lego-store-huawei-plaza,
store-lego-store-in-city-beijing,LEGO® Store In City Beijing,北京公主坟印象城,official,,Asia,China,Beijing,"12 Cuiwei Road, Beijing, China",39.90571,116.3913,010-68280720,bam;pab,https://brickstorestamps.com/stores/store-lego-store-in-city-beijing,
store-lego-store-indigo,LEGO® Store Indigo,,official,,Asia,China,Beijing,"LG-47, 18 Jiuxianqiao Road, Beijing, China",39.96823,116.485741,010-84200841,bam;pab,https://brickstorestamps.com/stores/store-lego-store-indigo,
store-lego-store-livat,LEGO® Store Livat,,official,,Asia,China,Beijing,"5-01-128-SU, 2 West Hongfu Rd., Beijing, China",39.90571,116.3913,010-80223236,bam;pab,https://brickstorestamps.com/stores/store-lego-store-livat,
store-lego-store-longde-plaza,LEGO® Store Longde Plaza,乐高(龙德广场店),official,,Asia,China,Beijing,"186 Litang Road, Beijing, China",40.059078,116.409658,010-86211888,bam;pab,https://brickstorestamps.com/stores/store-lego-store-longde-plaza,
store-lego-store-new-world-department-store,LEGO® Store New World Department Store,乐高(望京新世界百货店),official,,Asia,China,Beijing,"3 Chongwenmen Outer Street,, Beijing, China",39.90571,116.3913,010-67051321,bam;pab,https://brickstorestamps.com/stores/store-lego-store-new-world-department-store,
store-lego-store-new-yansha-mall,LEGO® Store New Yansha Mall,,official,,Asia,China,Beijing,"Beijing, China",39.957321,116.282651,010-88864036,bam;pab,https://brickstorestamps.com/stores/store-lego-store-new-yansha-mall,
store-lego-store-solona-lifestyle-shopping-park,LEGO® Store Solona Lifestyle Shopping Park,,official,,Asia,China,Beijing,,39.90571,116.3913,010-59051801,bam;pab,https://brickstorestamps.com/stores/store-lego-store-solona-lifestyle-shopping-park,
store-lego-store-viva,LEGO® Store Viva,,official,,Asia,China,Beijing,"103/202-1, 63 East 3rd Ring Rd, Beijing, China",39.90571,116.3913,010-59037393,bam;pab,https://brickstorestamps.com/stores/store-lego-store-viva,
store-lego-store-wangfujing-beijing,LEGO® Store Wangfujing Beijing,,official,,Asia,China,Beijing,"No.88 Wangfujing Street, Beijing, China",39.915897,116.411194,+86 010 5978 5220,bam;mosaic_maker;pab,https://brickstorestamps.com/stores/store-lego-store-wangfujing-beijing,
store-legoland-discovery-center-beijing,LEGOLAND Discovery Center Beijing,,official,,Asia,China,Beijing,,39.90571,116.3913,,,https://brickstorestamps.com/stores/store-legoland-discovery-center-beijing,
store-c-lego-store-bengbu-intime-certified-store-bengbu,LEGO® Store Bengbu Intime (Certified Store),银泰百货(蚌埠店),official,,Asia,China,Bengbu,蚌埠市蚌山区银泰百货(蚌埠店)1层,32.919,117.36333,,,https://brickstorestamps.com/stores/store-c-lego-store-bengbu-intime-certified-store-bengbu,
store-c-lego-store-cangzhou-huabei-shangsha-certified-store-,LEGO® Store Cangzhou Huabei Shangsha (Certified Store),华北商厦,official,,Asia,China,Cangzhou,河北省沧州市运河区新华中路7号华北商厦(新华路店)F1,38.31204,116.85201,18532700757,,https://brickstorestamps.com/stores/store-c-lego-store-cangzhou-huabei-shangsha-certified-store-,
store-lego-store-changchun-mixc-lego,LEGO® Store ChangChun MixC LEGO,长春万象城,official,,Asia,China,Changchun,长春市南关区人民大街与解放大路交汇,43.8795,125.3267,,,https://brickstorestamps.com/stores/store-lego-store-changchun-mixc-lego,
store-lego-store-changchun-sky-city-mall,LEGO® Store ChangChun Sky City,摩天活力城MALL,official,,Asia,China,Changchun,长春市南关区卫星路和仙台大街交口东北角,43.835,125.379,,,https://brickstorestamps.com/stores/store-lego-store-changchun-sky-city-mall,
store-lego-store-eurasia-shopping-mall,LEGO® Store Eurasia Shopping Mall,,official,,Asia,China,Changchun,"1F, Ouya Shopping Mall, Changchun, China",43.836792,125.23509,0431-85521886,bam;pab,https://brickstorestamps.com/stores/store-lego-store-eurasia-shopping-mall,
store-lego-store-ferris-power-city,LEGO® Store Ferris Power City,,official,,Asia,China,Changchun,"119 1F,Ferris Power City,, Changchun, China",43.833516,125.371655,0431-80563969,bam;pab,https://brickstorestamps.com/stores/store-lego-store-ferris-power-city,
store-lego-store-hongqi-street-wanda-plaza,LEGO® Store Hongqi Street Wanda Plaza,乐高(万达广场长春红旗街店),official,,Asia,China,Changchun,"616 Hongqi Street, Changchun, China",43.864592,125.28986,0431-80564647,bam;pab,https://brickstorestamps.com/stores/store-lego-store-hongqi-street-wanda-plaza,
store-lego-store-better-life,LEGO® Store Better Life,,official,,Asia,China,Changsha,"G26/27 1099 Fenglin Road, Changsha, China",28.20015,112.97172,0731-85232671,bam;pab,https://brickstorestamps.com/stores/store-lego-store-better-life,
store-lego-store-changsha-id-mall,LEGO® Store ChangSha,长沙悦方ID MALL,official,,Asia,China,Changsha,长沙市天心区坡子街216号,28.1895,112.975,,,https://brickstorestamps.com/stores/store-lego-store-changsha-id-mall,
store-lego-store-changsha-bbk-star-city-world,LEGO® Store ChangSha BBK Star City World,乐高(长沙步步高星城天地店),official,,Asia,China,Changsha,长沙市雨花区中意一路523号步步高星城天地L1层,28.1109,113.0158,,,https://brickstorestamps.com/stores/store-lego-store-changsha-bbk-star-city-world,
store-lego-store-changsha-center-impression-city,LEGO® Store ChangSha Center Impression City,长沙中心印象城,official,,Asia,China,Changsha,长沙市天心区坡子街216号,28.1897,112.9755,,,https://brickstorestamps.com/stores/store-lego-store-changsha-center-impression-city,
store-lego-store-changsha-huijule-highly-set,LEGO® Store ChangSha Huijule Highly Set,长沙荟聚购物中心,official,,Asia,China,Changsha,长沙市岳麓区洋湖路253号,28.1209,112.924,,,https://brickstorestamps.com/stores/store-lego-store-changsha-huijule-highly-set,
store-lego-store-changsha-longhu-furongfu-street,LEGO® Store ChangSha Longhu Furongfu Street,龙湖长沙芙蓉天街,official,,Asia,China,Changsha,长沙市芙蓉区人民东路与望龙路交叉口东南角,28.1906,113.0737,,,https://brickstorestamps.com/stores/store-lego-store-changsha-longhu-furongfu-street,
store-lego-store-changsha-north-star-triangle-dragon,LEGO® Store ChangSha North Star Triangle Dragon,乐高(长沙北辰荟店),official,,Asia,China,Changsha,长沙市开福区湘江北路1500号长沙北辰三角洲大悦城L1-L1-11,28.2389,112.978,,,https://brickstorestamps.com/stores/store-lego-store-changsha-north-star-triangle-dragon,
store-c-lego-store-changsha-songya-lake-wuyue-plaza-certifie,LEGO® Store Changsha Songya Lake Wuyue Plaza (Certified Store),松雅湖吾悦广场,official,,Asia,China,Changsha,长沙市长沙县松雅湖新城吾悦广场1012-1013号,28.25622,113.09559,0731-85666066,,https://brickstorestamps.com/stores/store-c-lego-store-changsha-songya-lake-wuyue-plaza-certifie,
store-lego-store-changsha-xingsha-mixc,LEGO® Store ChangSha Xingsha MixC,乐高授权专卖店(星沙万象汇),official,,Asia,China,Changsha,长沙市长沙县星沙大道178号星沙万象汇L124号商铺,28.2494,113.0867,,,https://brickstorestamps.com/stores/store-lego-store-changsha-xingsha-mixc,
store-lego-store-hc-international-plaza,LEGO® Store HC International Plaza,华创国际广场,official,,Asia,China,Changsha,"109 Furong Middle Road, Changsha, China",28.14508,113.23844,0731-85232670,bam;pab,https://brickstorestamps.com/stores/store-lego-store-hc-international-plaza,
store-lego-store-international-finance-square,LEGO® Store International Finance Square,乐高品牌标杆店(IFS国金中心店),official,,Asia,China,Changsha,"188 West Jiefang Road,, Changsha, China",28.19517,112.96668,0731-85232690,bam;pab,https://brickstorestamps.com/stores/store-lego-store-international-finance-square,
store-lego-store-the-mix-c-one-changsha,LEGO® Store The Mix C One Changsha,,official,,Asia,China,Changsha,"L102, 188 Xingsha Avenue,, China",28.252577,113.080856,0731-85232680,bam;pab,https://brickstorestamps.com/stores/store-lego-store-the-mix-c-one-changsha,
store-c-lego-store-changshu-impression-city-certified-store-,LEGO® Store Changshu Impression City (Certified Store),常熟印象城,official,,Asia,China,Changshu,苏州市常熟市海虞南路88号印象城购物中心(常熟店)F1,31.65148,120.75507,,,https://brickstorestamps.com/stores/store-c-lego-store-changshu-impression-city-certified-store-,
store-c-lego-store-changzhi-wanda-plaza-certified-store-chan,LEGO® Store Changzhi Wanda Plaza (Certified Store),长治高新万达广场,official,,Asia,China,Changzhi,长治市潞州区高新万达广场(纬五路北50米),36.21798,113.12067,,,https://brickstorestamps.com/stores/store-c-lego-store-changzhi-wanda-plaza-certified-store-chan,
store-c-lego-store-changzhou-mixc-certified-store-changzhou,LEGO® Store Changzhou MixC (Certified Store),常州万象城,official,,Asia,China,Changzhou,常州市天宁区万象城内,31.75253,119.95578,,,https://brickstorestamps.com/stores/store-c-lego-store-changzhou-mixc-certified-store-changzhou,
store-c-lego-store-changzhou-taifu-department-store-certifie,LEGO® Store Changzhou Taifu Department Store (Certified Store),泰富百货,official,,Asia,China,Changzhou,常州市钟楼区延陵西路95-97号泰富百货9层,31.78052,119.95055,,,https://brickstorestamps.com/stores/store-c-lego-store-changzhou-taifu-department-store-certifie,
store-lego-store-wuyue-square,LEGO® Store Wuyue Square,,official,,Asia,China,Changzhou,"1F-124-1,188 Middle Wuyi Road,, Changzhou, China",31.729869,119.937465,0519-81886895,bam;pab,https://brickstorestamps.com/stores/store-lego-store-wuyue-square,
store-lego-store-xinbei-wanda-plaza,LEGO® Store Xinbei Wanda Plaza,,official,,Asia,China,Changzhou,"1F-1008-1009,88 M Tongjiang Rd, Changzhou, China",31.819633,119.964142,0519-81815152,bam;pab,https://brickstorestamps.com/stores/store-lego-store-xinbei-wanda-plaza,
store-c-lego-store-chaoyang-wanda-plaza-certified-store-chao,LEGO® Store Chaoyang Wanda Plaza (Certified Store),朝阳万达广场,official,,Asia,China,Chaoyang,朝阳市双塔区黄河路万达3楼3066室,41.5897,120.45596,,,https://brickstorestamps.com/stores/store-c-lego-store-chaoyang-wanda-plaza-certified-store-chao,
store-c-lego-store-chengdu-capitamall-jinniu-certified-store,LEGO® Store Chengdu CapitaMall Jinniu (Certified Store),成都凯德金牛,official,,Asia,China,Chengdu,成都市金牛区交大路183号金牛凯德商场一期L1-0307,30.70603,104.04234,,,https://brickstorestamps.com/stores/store-c-lego-store-chengdu-capitamall-jinniu-certified-store,
store-c-lego-store-chengdu-chungkuang-plaza-certified-store-,LEGO® Store Chengdu Chungkuang Plaza (Certified Store),群光广场,official,,Asia,China,Chengdu,成都市锦江区春熙路南段8号附9号正南方向10米,30.65632,104.07425,,,https://brickstorestamps.com/stores/store-c-lego-store-chengdu-chungkuang-plaza-certified-store-,
store-c-lego-store-chengdu-hopson-one-certified-store-chengd,LEGO® Store Chengdu Hopson One (Certified Store),成都合生汇,official,,Asia,China,Chengdu,成都市温江区光华大道三段1588号合生汇1楼,30.68732,103.86132,,,https://brickstorestamps.com/stores/store-c-lego-store-chengdu-hopson-one-certified-store-chengd,
store-lego-store-fucheng-wandam,LEGO® Store Fucheng Wandam,,official,,Asia,China,Chengdu,,30.65987,104.06332,,bam;pab,https://brickstorestamps.com/stores/store-lego-store-fucheng-wandam,
store-lego-store-joy-city-chengdu,LEGO® Store Joy City Chengdu,LEGO(大悦城店),official,,Asia,China,Chengdu,"1-063, 518 Dayue Road,, Chengdu, China",30.627524,104.009028,028-87481601,bam;pab,https://brickstorestamps.com/stores/store-lego-store-joy-city-chengdu,
store-lego-store-leshijie-capitaland,LEGO® Store Leshijie capitaland,,official,,Asia,China,Chengdu,"No. 1 Taishan North Road,, Chengdu, China",30.65987,104.06332,028-86611878,bam;pab,https://brickstorestamps.com/stores/store-lego-store-leshijie-capitaland,
store-lego-store-longfor-binjiang-paradise-walk,LEGO® Store Longfor Binjiang Paradise Walk,,official,,Asia,China,Chengdu,"1st Floor, PARADISE WALK, Chengdu, China",30.668404,104.122364,028-86057030,bam;pab,https://brickstorestamps.com/stores/store-lego-store-longfor-binjiang-paradise-walk,
store-lego-store-renhe-town,LEGO® Store Renhe Town,,official,,Asia,China,Chengdu,"F137, 505 West Fucheng Blvd., Chengdu, China",30.590499,104.05065,028-85324122,bam;pab,https://brickstorestamps.com/stores/store-lego-store-renhe-town,
store-lego-store-saiho-plaza,LEGO® Store Saiho Plaza,乐高(世豪广场店),official,,Asia,China,Chengdu,"998 Middle Jiannan Avenue,, Chengdu, China",30.551836,104.042912,028-85186318,bam;pab,https://brickstorestamps.com/stores/store-lego-store-saiho-plaza,
store-lego-store-taikoo-li-chengdu,LEGO® Store Taikoo Li Chengdu,乐高(成都店),official,,Asia,China,Chengdu,成都市锦江区中纱帽街8号成都远洋太古里F1,30.6547,104.085,,,https://brickstorestamps.com/stores/store-lego-store-taikoo-li-chengdu,
store-lego-store-the-mix-c-chengdu,LEGO® Store The Mix C Chengdu,成都万象城,official,,Asia,China,Chengdu,"F2-251, 8 Shuangqing Road,, Chengdu, China",30.65987,104.06332,028-81454800,bam;pab,https://brickstorestamps.com/stores/store-lego-store-the-mix-c-chengdu,
store-lego-store-wangfujing-shopping-center,LEGO® Store Wangfujing Shopping Center,,official,,Asia,China,Chengdu,"Wangfujing, No. 9,Kehua Mid Rd, Chengdu, China",30.621829,104.072942,028-85061355,bam;pab,https://brickstorestamps.com/stores/store-lego-store-wangfujing-shopping-center,
store-lego-store-aegean-shopping-mall,LEGO® Store Aegean Shopping Mall,,official,,Asia,China,Chongqing,"1F, Aegean Mall, No.1003, Chongqing, China",30.05518,107.87487,023-63051800,bam;pab,https://brickstorestamps.com/stores/store-lego-store-aegean-shopping-mall,
store-c-lego-store-chongqing-guanghuan-park-certified-store-,LEGO® Store Chongqing Guanghuan Park (Certified Store),重庆光环购物公园,official,,Asia,China,Chongqing,重庆市渝北区怡和路与金州大道交叉路口西侧约克郡LG层A-LG-23号商铺,29.65187,106.52546,,,https://brickstorestamps.com/stores/store-c-lego-store-chongqing-guanghuan-park-certified-store-,
store-c-lego-store-chongqing-ifs-certified-store-chongqing,LEGO® Store Chongqing IFS (Certified Store),重庆IFS国金中心,official,,Asia,China,Chongqing,重庆市两江新区IFS国金中心L138A,29.58003,106.56955,(023)67721503,,https://brickstorestamps.com/stores/store-c-lego-store-chongqing-ifs-certified-store-chongqing,
store-c-lego-store-chongqing-nanping-xinhee-starlight-certif,LEGO® Store Chongqing Nanping Xinhee Starlight (Certified Store),协信星光时代,official,,Asia,China,Chongqing,重庆市南岸区江南大道28号,29.52493,106.56903,(023)62906192,,https://brickstorestamps.com/stores/store-c-lego-store-chongqing-nanping-xinhee-starlight-certif,
store-c-lego-store-chongqing-rongchang-kangning-plaza-certif,LEGO® Store Chongqing Rongchang Kangning Plaza (Certified Store),荣昌康宁广场,official,,Asia,China,Chongqing,重庆市荣昌区滨河西202号正北方向30米,29.40682,105.58214,,,https://brickstorestamps.com/stores/store-c-lego-store-chongqing-rongchang-kangning-plaza-certif,
store-c-lego-store-chongqing-wanzhou-wanda-plaza-certified-s,LEGO® Store Chongqing Wanzhou Wanda Plaza (Certified Store),万州万达广场,official,,Asia,China,Chongqing,重庆市万州区北滨大道998号万达广场(万州店)F4,30.8132,108.38008,,,https://brickstorestamps.com/stores/store-c-lego-store-chongqing-wanzhou-wanda-plaza-certified-s,
store-lego-store-i-mix-park,LEGO® Store I Mix Park,,official,,Asia,China,Chongqing,,29.56567,106.54792,,bam;pab,https://brickstorestamps.com/stores/store-lego-store-i-mix-park,
store-lego-store-longfor-yuanzhu-paradise-walk,LEGO® Store Longfor Yuanzhu Paradise Walk,,official,,Asia,China,Chongqing,"No. 25, Fukang Road,, Chongqing, China",29.602122,106.485649,13837122393,bam;pab,https://brickstorestamps.com/stores/store-lego-store-longfor-yuanzhu-paradise-walk,
store-lego-store-mosaic-metro-park,LEGO® Store Mosaic Metro Park,,official,,Asia,China,Chongqing,"37 Hongsheng Road,, Chongqing, China",29.66277,106.65553,13837122393,bam;pab,https://brickstorestamps.com/stores/store-lego-store-mosaic-metro-park,
store-lego-store-raffles-city-chongqing,LEGO® Store Raffles City Chongqing,乐高(重庆来福士店),official,,Asia,China,Chongqing,"03-52, 18, Xinyi Street, Chongqing, China",29.568836,106.584097,023-68701518,bam;pab,https://brickstorestamps.com/stores/store-lego-store-raffles-city-chongqing,
store-lego-store-the-mix-c-chongqing,LEGO® Store The Mix C Chongqing,,official,,Asia,China,Chongqing,"55 Xiejiawan Road, Chongqing, China",29.520885,106.514177,13837122393,bam;pab,https://brickstorestamps.com/stores/store-lego-store-the-mix-c-chongqing,
store-lego-store-times-paradise-walk,LEGO® Store Times Paradise Walk,,official,,Asia,China,Chongqing,"174 Second Changjiang Road,, Chongqing, China",29.56567,106.54792,023-68818680,bam;pab,https://brickstorestamps.com/stores/store-lego-store-times-paradise-walk,
store-lego-store-u-city-paradise-walk,LEGO® Store U City Paradise Walk,,official,,Asia,China,Chongqing,"94 Daxuecheng North Road,, Chongqing, China",29.609312,106.289413,023-65386639,bam;pab,https://brickstorestamps.com/stores/store-lego-store-u-city-paradise-walk,
store-c-lego-store-chuzhou-suning-plaza-certified-store-chuz,LEGO® Store Chuzhou Suning Plaza (Certified Store),滁州苏宁广场,official,,Asia,China,Chuzhou,滁州市琅琊区琅琊街道南谯北路800号苏宁广场1层127号,32.30517,118.30601,,,https://brickstorestamps.com/stores/store-c-lego-store-chuzhou-suning-plaza-certified-store-chuz,
store-c-lego-store-cixi-xinhefang-yuntai-park-certified-stor,LEGO® Store Cixi Xinhefang Yuntai Park (Certified Store),慈溪新河坊·云泰PARK,official,,Asia,China,Cixi,宁波市慈溪市白沙街道北二环东路565号东南方向10米,30.18512,121.26985,,,https://brickstorestamps.com/stores/store-c-lego-store-cixi-xinhefang-yuntai-park-certified-stor,
store-lego-store-capitamall-peace-plaza,LEGO® Store CapitaMall Peace Plaza,凯德和平广场,official,,Asia,China,Dalian,"1F-01-44/45, 695 Gorky Road,, Dalian, China",38.91305,121.6098,0411-39556667,bam;pab,https://brickstorestamps.com/stores/store-lego-store-capitamall-peace-plaza,
store-c-lego-store-dalian-development-zone-yihe-city-certifi,LEGO® Store Dalian Development Zone Yihe City (Certified Store),大连开发区亿合城,official,,Asia,China,Dalian,大连市金州区大连经济开发区金马路208号,39.04732,121.77672,,,https://brickstorestamps.com/stores/store-c-lego-store-dalian-development-zone-yihe-city-certifi,
store-c-lego-store-dalian-gaoxin-wanda-plaza-certified-store,LEGO® Store Dalian Gaoxin Wanda Plaza (Certified Store),大连高新万达广场,official,,Asia,China,Dalian,大连市甘井子区黄浦路500号大连高新万达广场1层,38.86214,121.52785,,,https://brickstorestamps.com/stores/store-c-lego-store-dalian-gaoxin-wanda-plaza-certified-store,
store-c-lego-store-dalian-huanan-mixc-world-certified-store-,LEGO® Store Dalian Huanan MixC World (Certified Store),大连华南万象汇,official,,Asia,China,Dalian,大连市甘井子区山东路398号,38.99042,121.57994,(0411)39548422,,https://brickstorestamps.com/stores/store-c-lego-store-dalian-huanan-mixc-world-certified-store-,
store-c-lego-store-dalian-parkland-mall-certified-store-dali,LEGO® Store Dalian Parkland Mall (Certified Store),柏威年购物中心,official,,Asia,China,Dalian,大连市中山区中山路129-3号柏威年购物中心一层L1027A,38.91753,121.62339,(0411)39652207,,https://brickstorestamps.com/stores/store-c-lego-store-dalian-parkland-mall-certified-store-dali,
store-lego-store-galleria-mall,LEGO® Store Galleria Mall,,official,,Asia,China,Dalian,"1-08/09 96 Changjiang East Rd, Dalian, China",39.74028,122.25583,0411-66858875,bam;pab,https://brickstorestamps.com/stores/store-lego-store-galleria-mall,
store-lego-store-roosevelt-plaza,LEGO® Store Roosevelt Plaza,大连罗斯福广场(西安路),official,,Asia,China,Dalian,"1F-12017, 139 Xi'an Road,, Dalian, China",38.91305,121.6098,0411-66876989,bam;pab,https://brickstorestamps.com/stores/store-lego-store-roosevelt-plaza,
store-c-lego-store-daqing-sartu-wanda-plaza-certified-store-,LEGO® Store Daqing Sartu Wanda Plaza (Certified Store),萨尔图万达广场,official,,Asia,China,Daqing,大庆市萨尔图区东风路15号正北方向10米,46.59202,125.08857,,,https://brickstorestamps.com/stores/store-c-lego-store-daqing-sartu-wanda-plaza-certified-store-,
store-c-lego-store-dezhou-aodele-times-square-certified-stor,LEGO® Store Dezhou Aodele Times Square (Certified Store),澳德乐时代广场,official,,Asia,China,Dezhou,德州市德城区澳德乐时代广场1楼009号,37.42812,116.36041,,,https://brickstorestamps.com/stores/store-c-lego-store-dezhou-aodele-times-square-certified-stor,
store-lego-store-dg-mall,LEGO® Store DG Mall,,official,,Asia,China,Dongguan,"1020 DG Mall,, Dongguan, China",23.01836,113.74523,0769-28685324,bam;pab,https://brickstorestamps.com/stores/store-lego-store-dg-mall,
store-c-lego-store-dongguan-chang-an-vanke-certified-store-d,LEGO® Store Dongguan Chang'an Vanke (Certified Store),长安万科,official,,Asia,China,Dongguan,东莞市长青南路1号,22.80359,113.79497,,,https://brickstorestamps.com/stores/store-c-lego-store-dongguan-chang-an-vanke-certified-store-d,
store-lego-store-dongguan-songshan-lake-mixc,LEGO® Store Dongguan Songshan Lake MixC,乐高(东莞松山湖万象汇店),official,,Asia,China,Dongguan,东莞市科技三路与总部三路交叉路口东北角松山湖万象汇L1层L119室,22.9565,113.8951,,,https://brickstorestamps.com/stores/store-lego-store-dongguan-songshan-lake-mixc,
store-c-lego-store-dongying-inzone-certified-store-dongying,LEGO® Store Dongying Inzone (Certified Store),银座商城东营店,official,,Asia,China,Dongying,东营市东营区济南路296号银座商城F3,37.46268,118.51393,,,https://brickstorestamps.com/stores/store-c-lego-store-dongying-inzone-certified-store-dongying,
store-c-lego-store-foshan-qiandenghu-global-city-certified-s,LEGO® Store Foshan Qiandenghu Global City (Certified Store),千灯湖环宇城,official,,Asia,China,Foshan,佛山市南海区桂澜中路18号,23.04646,113.15071,,,https://brickstorestamps.com/stores/store-c-lego-store-foshan-qiandenghu-global-city-certified-s,
store-c-lego-store-foshan-shunde-darongcheng-certified-store,LEGO® Store Foshan Shunde Darongcheng (Certified Store),顺成·大融城,official,,Asia,China,Foshan,佛山市顺德区顺成·大融城1楼1004号铺,22.82926,113.2674,0757-22662979,,https://brickstorestamps.com/stores/store-c-lego-store-foshan-shunde-darongcheng-certified-store,
store-c-lego-store-foshan-shunde-happy-coast-plus-certified-,LEGO® Store Foshan Shunde Happy Coast Plus (Certified Store),顺德欢乐海岸PLUS,official,,Asia,China,Foshan,佛山市顺德区大良街道碧桂路以东欢乐海岸PLUS购物中心L132,22.82118,113.30042,,,https://brickstorestamps.com/stores/store-c-lego-store-foshan-shunde-happy-coast-plus-certified-,
store-lego-store-foshan-vanke-plaza,LEGO® Store Foshan Vanke Plaza,,official,,Asia,China,Foshan,"NO.23 Guilan Road,, Foshan, China",23.038716,113.149284,13229621500,bam;pab,https://brickstorestamps.com/stores/store-lego-store-foshan-vanke-plaza,
store-c-lego-store-foshan-wangfujing-certified-store-foshan,LEGO® Store Foshan Wangfujing (Certified Store),佛山王府井购物中心,official,,Asia,China,Foshan,佛山市禅城区季华四路68号佛山王府井购物中心内L1019铺,23.01258,113.09606,,,https://brickstorestamps.com/stores/store-c-lego-store-foshan-wangfujing-certified-store-foshan,
store-lego-store-i-mix-park-foshan,LEGO® Store I Mix Park Foshan,,official,,Asia,China,Foshan,,22.829262,113.267403,18033222385,bam;pab,https://brickstorestamps.com/stores/store-lego-store-i-mix-park-foshan,
store-lego-store-nova,LEGO® Store Nova,,official,,Asia,China,Foshan,"B1-30, 29 Zumiao Road,, Foshan, China",23.029952,113.106559,‭17620745153‬,bam;pab,https://brickstorestamps.com/stores/store-lego-store-nova,
store-c-lego-store-fuqing-wanda-plaza-certified-store-fuqing,LEGO® Store Fuqing Wanda Plaza (Certified Store),福清清昌万达广场,official,,Asia,China,Fuqing,福州市福清市音西清昌大道105号福清清昌万达广场1F1007,25.71705,119.34467,(0591)85162136,,https://brickstorestamps.com/stores/store-c-lego-store-fuqing-wanda-plaza-certified-store-fuqing,
store-c-lego-store-fuzhou-mixc-certified-store-fuzhou,LEGO® Store Fuzhou MixC (Certified Store),福州万象城,official,,Asia,China,Fuzhou,福州市鼓楼区万象城B1层,26.07691,119.27252,,,https://brickstorestamps.com/stores/store-c-lego-store-fuzhou-mixc-certified-store-fuzhou,
store-c-lego-store-fuzhou-sce-world-city-certified-store-fuz,LEGO® Store Fuzhou SCE World City (Certified Store),中骏世界城,official,,Asia,China,Fuzhou,福州市仓山区中骏世界城1层,26.03611,119.31755,,,https://brickstorestamps.com/stores/store-c-lego-store-fuzhou-sce-world-city-certified-store-fuz,
store-c-lego-store-fuzhou-suning-plaza-certified-store-fuzho,LEGO® Store Fuzhou Suning Plaza (Certified Store),苏宁广场,official,,Asia,China,Fuzhou,福州市台江区工业路233号苏宁广场B区1层106号,26.06451,119.28301,,,https://brickstorestamps.com/stores/store-c-lego-store-fuzhou-suning-plaza-certified-store-fuzho,
store-lego-store-aeon-mall,LEGO® Store Aeon Mall,,official,,Asia,China,Guangzhou,"1-112, 1 Safeng Third Road,, Guangzhou, China",23.12884,113.25896,020-22256501,bam;pab,https://brickstorestamps.com/stores/store-lego-store-aeon-mall,
store-lego-store-zhengjia-plaza-guangzhou,LEGO® Store Grandview Mall Guangzhou,广州乐高品牌旗舰店,official,,Asia,China,Guangzhou,广州市天河区天河路228号正佳广场1层,23.1329,113.3273,,,https://brickstorestamps.com/stores/store-lego-store-zhengjia-plaza-guangzhou,
store-c-lego-store-guangzhou-baiyun-mixc-world-certified-sto,LEGO® Store Guangzhou Baiyun MixC World (Certified Store),广州白云万象汇,official,,Asia,China,Guangzhou,广州市白云区棠乐路1号广州白云万象汇L1层032,23.19783,113.25468,,,https://brickstorestamps.com/stores/store-c-lego-store-guangzhou-baiyun-mixc-world-certified-sto,
store-c-lego-store-guangzhou-beijing-road-teemall-certified-,LEGO® Store Guangzhou Beijing Road Teemall (Certified Store),北京路天河城,official,,Asia,China,Guangzhou,广州市越秀区北京路168号天河城B107乐高店铺,23.12227,113.26441,,,https://brickstorestamps.com/stores/store-c-lego-store-guangzhou-beijing-road-teemall-certified-,
store-c-lego-store-guangzhou-ifc-certified-store-guangzhou,LEGO® Store Guangzhou IFC (Certified Store),广州国际金融中心,official,,Asia,China,Guangzhou,广州市天河区珠江西路5号国际金融中心西塔裙楼B1楼,23.12143,113.31732,020-38620073,,https://brickstorestamps.com/stores/store-c-lego-store-guangzhou-ifc-certified-store-guangzhou,
store-c-lego-store-guangzhou-poly-plaza-certified-store-guan,LEGO® Store Guangzhou Poly Plaza (Certified Store),保利广场,official,,Asia,China,Guangzhou,广州市海珠区新港东路10号保利广场1层,23.10103,113.3786,,,https://brickstorestamps.com/stores/store-c-lego-store-guangzhou-poly-plaza-certified-store-guan,
store-c-lego-store-guangzhou-poly-times-certified-store-guan,LEGO® Store Guangzhou Poly Times (Certified Store),保利时光里,official,,Asia,China,Guangzhou,广州市越秀区建设二马路27/29/31号正西方向30米,23.13984,113.27632,,,https://brickstorestamps.com/stores/store-c-lego-store-guangzhou-poly-times-certified-store-guan,
store-lego-store-guangzhou-xinda-jinmao-plaza-haizhu,LEGO® Store Guangzhou Xinda Jinmao Plaza Haizhu,信达金茂广场,official,,Asia,China,Guangzhou,广州市天河区广州大道北路920号,23.1725,113.3193,,,https://brickstorestamps.com/stores/store-lego-store-guangzhou-xinda-jinmao-plaza-haizhu,
store-lego-store-international-grand-city,LEGO® Store International Grand City,乐高(IGC天汇广场店),official,,Asia,China,Guangzhou,"L224, 222 Xinming Road,, Guangzhou, China",23.118954,113.325676,15622585036,bam;pab,https://brickstorestamps.com/stores/store-lego-store-international-grand-city,
store-lego-store-k11,LEGO® Store K11,,official,,Asia,China,Guangzhou,"4F, 6 Zhujiang East Road, Guangzhou, China",23.12884,113.25896,020-87586230,bam;pab,https://brickstorestamps.com/stores/store-lego-store-k11,
store-lego-store-panyu-aeon-mall,LEGO® Store Panyu Aeon Mall,,official,,Asia,China,Guangzhou,"L1-1014-1015-2, 1 Yayun Avenue, Guangzhou, China",23.12884,113.25896,13580576116,bam;pab,https://brickstorestamps.com/stores/store-lego-store-panyu-aeon-mall,
store-lego-store-park-paradise,LEGO® Store Park Paradise,,official,,Asia,China,Guangzhou,"L129-L130,1689 North Baiyun St, Guangzhou, China",23.12884,113.25896,020-62320095,bam;pab,https://brickstorestamps.com/stores/store-lego-store-park-paradise,
store-lego-store-popark,LEGO® Store Popark,,official,,Asia,China,Guangzhou,"B1-1015, 63 Linhe Middle Road,, Guangzhou, China",23.12884,113.25896,020-88523551,bam;pab,https://brickstorestamps.com/stores/store-lego-store-popark,
store-lego-store-rock-square,LEGO® Store Rock Square,,official,,Asia,China,Guangzhou,"B1-S33, 106-108 Industry Ave., Guangzhou, China",23.09203,113.25404,020-31950201,bam;pab,https://brickstorestamps.com/stores/store-lego-store-rock-square,
store-lego-store-sunac-mall-guangzhou,LEGO® Store Sunac Mall Guangzhou,LEGO(花都融创店),official,,Asia,China,Guangzhou,"63 Fenghuang North Road, Guangzhou, China",23.42836,113.22903,020-36999186,bam;pab,https://brickstorestamps.com/stores/store-lego-store-sunac-mall-guangzhou,
store-lego-store-taikoohui,LEGO® Store TaiKooHui,,official,,Asia,China,Guangzhou,"383 Tianhe Road,, Guangzhou, China",23.12884,113.25896,020-83980191,bam;pab,https://brickstorestamps.com/stores/store-lego-store-taikoohui,
store-lego-store-the-mix-c-guilin,LEGO® Store The Mix C Guilin,,official,,Asia,China,Guilin,"1 Liumashan Road,, Guilin, China",25.27799,110.29106,0773-8622108,bam;pab,https://brickstorestamps.com/stores/store-lego-store-the-mix-c-guilin,
store-c-lego-store-guiyang-esteeplaza-certified-store-guiyan,LEGO® Store Guiyang Esteeplaza (Certified Store),国贸逸天城,official,,Asia,China,Guiyang,贵阳市南明区市南路42号国贸逸天城购物中心3层,26.56605,106.71946,,,https://brickstorestamps.com/stores/store-c-lego-store-guiyang-esteeplaza-certified-store-guiyan,
store-c-lego-store-guiyang-guanshanhu-mixc-certified-store-g,LEGO® Store Guiyang Guanshanhu MixC (Certified Store),观山湖万象汇,official,,Asia,China,Guiyang,贵阳市观山湖区万象汇L1层,26.62518,106.61849,,,https://brickstorestamps.com/stores/store-c-lego-store-guiyang-guanshanhu-mixc-certified-store-g,
store-c-lego-store-guiyang-jinyang-century-golden-resources-,LEGO® Store Guiyang Jinyang Century Golden Resources (Certified Store),金阳世纪金源购物中心,official,,Asia,China,Guiyang,贵阳市云岩区金阳南路世纪城D组团世纪金源购物中心A座1F,26.60368,106.62012,,,https://brickstorestamps.com/stores/store-c-lego-store-guiyang-jinyang-century-golden-resources-,
store-c-lego-store-guiyang-nanguo-huajin-certified-store-gui,LEGO® Store Guiyang Nanguo Huajin (Certified Store),南国花锦购物中心,official,,Asia,China,Guiyang,贵阳市云岩区中华中路130号南国花锦购物中心6层,26.58564,106.70909,,,https://brickstorestamps.com/stores/store-c-lego-store-guiyang-nanguo-huajin-certified-store-gui,
store-lego-store-haikou,LEGO® Store Haikou MixC,海口万象城,official,,Asia,China,Haikou,海口市龙华区金贸东路4号正南方向30米,20.02922,110.31038,,,https://brickstorestamps.com/stores/store-lego-store-haikou,
store-c-lego-store-haikou-youyi-sunshine-city-certified-stor,LEGO® Store Haikou Youyi Sunshine City (Certified Store),友谊阳光城,official,,Asia,China,Haikou,海口市龙华区金龙路2号友谊阳光城一楼1018铺,20.0257,110.31973,,,https://brickstorestamps.com/stores/store-c-lego-store-haikou-youyi-sunshine-city-certified-stor,
store-c-lego-store-haining-intime-city-certified-store-haini,LEGO® Store Haining Intime City (Certified Store),海宁银泰城,official,,Asia,China,Haining,嘉兴市海宁市海昌南路银泰城内,30.5021,120.68872,,,https://brickstorestamps.com/stores/store-c-lego-store-haining-intime-city-certified-store-haini,
store-lego-store-grand-canal-place,LEGO® Store Grand Canal Place,,official,,Asia,China,Hangzhou,"58 Lishui Road, Hangzhou, China",30.30773,120.13895,0751-86780459,bam;pab,https://brickstorestamps.com/stores/store-lego-store-grand-canal-place,
store-c-lego-store-hangzhou-binjiang-powerlong-city-plaza-ce,LEGO® Store Hangzhou Binjiang Powerlong City Plaza (Certified Store),宝龙城市广场滨江店,official,,Asia,China,Hangzhou,杭州市滨江区滨盛路3867号宝龙城市广场(滨江店)F1-M-F1-039,30.19032,120.16236,,,https://brickstorestamps.com/stores/store-c-lego-store-hangzhou-binjiang-powerlong-city-plaza-ce,
store-lego-store-in77,LEGO® Store In77,,official,,Asia,China,Hangzhou,"B1-003, Block C1 In77, Hangzhou, China",30.256066,120.159981,0571-87022005,bam;mosaic_maker;pab,https://brickstorestamps.com/stores/store-lego-store-in77,
store-lego-store-intime,LEGO® Store Intime,,official,,Asia,China,Hangzhou,"L1-003, 380 Fengtan Road, Hangzhou, China",30.24896,120.20523,0571-82487040,bam;pab,https://brickstorestamps.com/stores/store-lego-store-intime,
store-lego-store-lining-intime-city,LEGO® Store Lining Intime City,乐高(杭州临平银泰城店),official,,Asia,China,Hangzhou,"1F-120/121, 118 Centry Avenue,, Hangzhou, China",30.407516,120.298631,0571-86107591,bam;pab,https://brickstorestamps.com/stores/store-lego-store-lining-intime-city,
store-lego-store-raffles-city,LEGO® Store Raffles City,,official,,Asia,China,Hangzhou,,30.24896,120.20523,,bam;pab,https://brickstorestamps.com/stores/store-lego-store-raffles-city,
store-lego-store-the-mix-c-hangzhou,LEGO® Store The Mix C,,official,,Asia,China,Hangzhou,,30.24896,120.20523,0571-82395736,,https://brickstorestamps.com/stores/store-lego-store-the-mix-c-hangzhou,
store-lego-store-the-mix-c-one,LEGO® Store The Mix C One,,official,,Asia,China,Hangzhou,,30.24896,120.20523,,bam;pab,https://brickstorestamps.com/stores/store-lego-store-the-mix-c-one,
store-lego-store-the-mixc,LEGO® Store The Mixc,,official,,Asia,China,Hangzhou,"701 Fuchun Road,, Hangzhou, China",30.25442,120.20939,0571-89700772,bam;pab,https://brickstorestamps.com/stores/store-lego-store-the-mixc,
store-lego-store-xiasha-in-city,LEGO® Store Xiasha In City,银泰百货(下沙店),official,,Asia,China,Hangzhou,"97 Jinsha Avenue,, Hangzhou, China",30.311165,120.33111,0571-86689585,bam;pab,https://brickstorestamps.com/stores/store-lego-store-xiasha-in-city,
store-lego-store-xixi-in-city,LEGO® Store Xixi In City,,official,,Asia,China,Hangzhou,"P3-1-014, 1 Wuchang Avenue,, Hangzhou, China",30.24896,120.20523,0571-89185067,bam;pab,https://brickstorestamps.com/stores/store-lego-store-xixi-in-city,
store-lego-store-yuhang-wanda-plaza,LEGO® Store Yuhang Wanda Plaza,,official,,Asia,China,Hangzhou,"1888, West Wenyi Road, Hanghou, China",30.24896,120.20523,0571-88771171,bam;pab,https://brickstorestamps.com/stores/store-lego-store-yuhang-wanda-plaza,
store-lego-store-china-world-mall-harbin,LEGO® Store China World Mall Harbin,国贸城,official,,Asia,China,Harbin,哈尔滨市南岗区果戈里大街361号,45.7601,126.6454,,,https://brickstorestamps.com/stores/store-lego-store-china-world-mall-harbin,
store-c-lego-store-harbin-haxi-wanda-plaza-certified-store-h,LEGO® Store Harbin Haxi Wanda Plaza (Certified Store),万达广场哈尔滨哈西店,official,,Asia,China,Harbin,哈尔滨市南岗区中兴大道168号东北方向30米,45.69793,126.5788,0451-86651607,,https://brickstorestamps.com/stores/store-c-lego-store-harbin-haxi-wanda-plaza-certified-store-h,
store-lego-store-harbin-hongbo-central-park,LEGO® Store Harbin Hongbo Central Park,乐高(红博中央公园店),official,,Asia,China,Harbin,哈尔滨市南岗区红旗大街339号红博商业中央公园B2层39室,45.757,126.6997,,,https://brickstorestamps.com/stores/store-lego-store-harbin-hongbo-central-park,
store-lego-store-harbin-kaide-store-on-xuefu-road,LEGO® Store Harbin Kaide store on Xuefu Road,乐高(学府凯德店),official,,Asia,China,Harbin,哈尔滨市南岗区学府路1-1凯德广场学府店01-84-85,45.7211,126.6083,,,https://brickstorestamps.com/stores/store-lego-store-harbin-kaide-store-on-xuefu-road,
store-lego-store-harbin-wangfujing-harbin-palace,LEGO® Store Harbin Wangfujing Harbin Palace,王府井购物中心,official,,Asia,China,Harbin,哈尔滨市道里区景江东路899号,45.7339,126.5669,,,https://brickstorestamps.com/stores/store-lego-store-harbin-wangfujing-harbin-palace,
store-c-lego-store-harbin-yuanda-nangang-certified-store-har,LEGO® Store Harbin Yuanda Nangang (Certified Store),远大购物中心南岗店,official,,Asia,China,Harbin,哈尔滨市南岗区果戈里大街378号远大购物中心(南岗店)6F层,45.75903,126.63765,,,https://brickstorestamps.com/stores/store-c-lego-store-harbin-yuanda-nangang-certified-store-har,
store-c-lego-store-harbin-yuanda-qunli-certified-store-harbi,LEGO® Store Harbin Yuanda Qunli (Certified Store),远大购物中心群力店,official,,Asia,China,Harbin,哈尔滨市道里区群力大道1176号远大购物中心(群力店)6层,45.73686,126.5533,,,https://brickstorestamps.com/stores/store-c-lego-store-harbin-yuanda-qunli-certified-store-harbi,
store-c-lego-store-harbin-zhuozhan-mall-certified-store-harb,LEGO® Store Harbin Zhuozhan Mall (Certified Store),卓展购物中心B座,official,,Asia,China,Harbin,哈尔滨市道里区上海街90号,45.75856,126.59787,(0451)51185125,,https://brickstorestamps.com/stores/store-c-lego-store-harbin-zhuozhan-mall-certified-store-harb,
store-lego-store-baohe-wanda-suning,LEGO® Store Baohe Wanda Suning,乐高(合肥包河万达广场店),official,,Asia,China,Hefei,"Wanda Plaza, 130 Maanshan Road, Hefei, China",31.859958,117.297043,0551—63525660,bam;pab,https://brickstorestamps.com/stores/store-lego-store-baohe-wanda-suning,
store-c-lego-store-hefei-baohe-mixc-world-certified-store-he,LEGO® Store Hefei Baohe MixC World (Certified Store),包河万象汇,official,,Asia,China,Hefei,合肥市包河区包河万象汇1层,31.80968,117.30104,,,https://brickstorestamps.com/stores/store-c-lego-store-hefei-baohe-mixc-world-certified-store-he,
store-c-lego-store-hefei-xinqiao-airport-certified-store-hef,LEGO® Store Hefei Xinqiao Airport (Certified Store),合肥新桥国际机场,official,,Asia,China,Hefei,合肥市蜀山区高刘镇新桥国际机场2F层,31.98857,116.96296,,,https://brickstorestamps.com/stores/store-c-lego-store-hefei-xinqiao-airport-certified-store-hef,
store-lego-store-the-mix-c-hefei,LEGO® Store The Mix C Hefei,合肥万象城,official,,Asia,China,Hefei,"111 Qianshan Road,, Hefei, China",31.86657,117.28143,0551- 63857291,bam;pab,https://brickstorestamps.com/stores/store-lego-store-the-mix-c-hefei,
store-c-lego-store-hengyang-zhengxiang-wanda-plaza-certified,LEGO® Store Hengyang Zhengxiang Wanda Plaza (Certified Store),衡阳蒸湘万达广场,official,,Asia,China,Hengyang,衡阳市蒸湘区幸福路13号(万达广场(衡阳蒸湘店)),26.88626,112.58616,,,https://brickstorestamps.com/stores/store-c-lego-store-hengyang-zhengxiang-wanda-plaza-certified,
store-c-lego-store-hohhot-saihan-wanda-plaza-certified-store,LEGO® Store Hohhot Saihan Wanda Plaza (Certified Store),呼和浩特赛罕万达广场,official,,Asia,China,Hohhot,呼和浩特市赛罕区敕勒川街道新华东街26号万达广场一层东庭139号,40.83438,111.72907,,,https://brickstorestamps.com/stores/store-c-lego-store-hohhot-saihan-wanda-plaza-certified-store,
store-c-lego-store-hohhot-victory-mall-certified-store-hohho,LEGO® Store Hohhot Victory Mall (Certified Store),维多利摩尔城,official,,Asia,China,Hohhot,呼和浩特市赛罕区新华东街89号西南方向160米,40.82928,111.70322,,,https://brickstorestamps.com/stores/store-c-lego-store-hohhot-victory-mall-certified-store-hohho,
store-c-lego-store-hohhot-zhenhua-plaza-certified-store-hohh,LEGO® Store Hohhot Zhenhua Plaza (Certified Store),振华购物广场,official,,Asia,China,Hohhot,呼和浩特市回民区振华购物广场一楼,40.81693,111.66155,,,https://brickstorestamps.com/stores/store-c-lego-store-hohhot-zhenhua-plaza-certified-store-hohh,
store-lego-store-huaian-xinya-plaza-lego,LEGO® Store Huaian Xinya Plaza,LEGO,official,,Asia,China,Huai'an,淮安市清江浦区淮海东路142号新亚广场1F,33.59825,119.02082,,,https://brickstorestamps.com/stores/store-lego-store-huaian-xinya-plaza-lego,
store-c-lego-store-huangshi-wushang-mall-certified-store-hua,LEGO® Store Huangshi Wushang Mall (Certified Store),黄石武商MALL,official,,Asia,China,Huangshi,黄石市西塞山区武汉路99号黄石武商MALLF1层,30.20844,115.0848,15348285063,,https://brickstorestamps.com/stores/store-c-lego-store-huangshi-wushang-mall-certified-store-hua,
store-c-lego-store-huizhou-huamao-tiandi-certified-store-hui,LEGO® Store Huizhou Huamao Tiandi (Certified Store),华贸天地,official,,Asia,China,Huizhou,惠州市惠城区文昌一路9号(华贸天地),23.10637,114.40949,,,https://brickstorestamps.com/stores/store-c-lego-store-huizhou-huamao-tiandi-certified-store-hui,
store-lego-store-jiangmen-grand-city,LEGO® Store Jiangmen Grand City,汇悦·大融城,official,,Asia,China,Jiangmen,江门市蓬江区白石大道166号,22.6118,113.0822,,,https://brickstorestamps.com/stores/store-lego-store-jiangmen-grand-city,
store-c-lego-store-jiangyin-yaohan-certified-store-jiangyin,LEGO® Store Jiangyin Yaohan (Certified Store),江阴八佰伴,official,,Asia,China,Jiangyin,江阴市虹桥南路258号八佰伴1层L1056,31.90094,120.2658,0510-86088860,,https://brickstorestamps.com/stores/store-c-lego-store-jiangyin-yaohan-certified-store-jiangyin,
store-c-lego-store-jiaxing-yaohan-certified-store-jiaxing,LEGO® Store Jiaxing Yaohan (Certified Store),嘉兴八佰伴,official,,Asia,China,Jiaxing,嘉兴市南湖区中山路1360号,30.76065,120.72725,,,https://brickstorestamps.com/stores/store-c-lego-store-jiaxing-yaohan-certified-store-jiaxing,
store-c-lego-store-jinan-harmony-plaza-certified-store-jinan,LEGO® Store Jinan Harmony Plaza (Certified Store),和谐广场,official,,Asia,China,Jinan,济南市槐荫区经十路22799号和谐广场F1,36.64914,116.97327,,,https://brickstorestamps.com/stores/store-c-lego-store-jinan-harmony-plaza-certified-store-jinan,
store-c-lego-store-jinan-inzone-luoyuan-street-certified-sto,LEGO® Store Jinan Inzone Luoyuan Street (Certified Store),银座商城泺源大街店,official,,Asia,China,Jinan,济南市历下区泺源大街66号正东方向160米,36.65946,117.02645,13256716021,,https://brickstorestamps.com/stores/store-c-lego-store-jinan-inzone-luoyuan-street-certified-sto,
store-c-lego-store-jinan-julong-plaza-certified-store-jinan,LEGO® Store Jinan Julong Plaza (Certified Store),聚隆广场,official,,Asia,China,Jinan,济南市历城区花园路136-7号一层乐高授权专卖店,36.68253,117.05687,,,https://brickstorestamps.com/stores/store-c-lego-store-jinan-julong-plaza-certified-store-jinan,
store-c-lego-store-jinan-lingxiucheng-guihe-certified-store-,LEGO® Store Jinan Lingxiucheng Guihe (Certified Store),贵和购物中心(领秀城店),official,,Asia,China,Jinan,济南市市中区二环南路与英雄山路交叉口贵和购物中心(领秀城店)L1-17-18,36.59308,116.99632,,,https://brickstorestamps.com/stores/store-c-lego-store-jinan-lingxiucheng-guihe-certified-store-,
store-c-lego-store-jinan-parc-66-certified-store-jinan,LEGO® Store Jinan Parc 66 (Certified Store),济南恒隆广场,official,,Asia,China,Jinan,济南市历下区济南恒隆广场西翼3层320C-320D,36.66416,117.01758,,,https://brickstorestamps.com/stores/store-c-lego-store-jinan-parc-66-certified-store-jinan,
store-lego-store-the-mix-c-jinan,LEGO® Store The Mix C Jinan,,official,,Asia,China,Jinan,"LG236,NE Yaojia Rd/E Yaojia Rd, Jinan, China",36.65198,117.11385,0531-82612786,bam;pab,https://brickstorestamps.com/stores/store-lego-store-the-mix-c-jinan,
store-c-lego-store-jingzhou-wanda-plaza-certified-store-jing,LEGO® Store Jingzhou Wanda Plaza (Certified Store),荆州万达广场,official,,Asia,China,Jingzhou,荆州市沙市区荆州万达广场1层,30.34117,112.21857,,,https://brickstorestamps.com/stores/store-c-lego-store-jingzhou-wanda-plaza-certified-store-jing,
store-c-lego-store-jinjiang-sm-city-certified-store-jinjiang,LEGO® Store Jinjiang SM City (Certified Store),晋江SM国际广场,official,,Asia,China,Jinjiang,泉州市晋江市福兴路684号SM国际广场一楼1080-1081,24.7799,118.56286,,,https://brickstorestamps.com/stores/store-c-lego-store-jinjiang-sm-city-certified-store-jinjiang,
store-c-lego-store-jiujiang-liansheng-happy-city-certified-s,LEGO® Store Jiujiang Liansheng Happy City (Certified Store),联盛九江快乐城,official,,Asia,China,Jiujiang,九江市浔阳区联盛九江快乐城1层A1008A,29.70407,115.96523,,,https://brickstorestamps.com/stores/store-c-lego-store-jiujiang-liansheng-happy-city-certified-s,
store-lego-store-joycity-kunming,LEGO® Store Joycity Kunming,昆明大悦城,official,,Asia,China,Kunming,"6-1-06,618 Huancheng North Rd, Kunming, China",25.03994,102.71691,13840077808,bam;pab,https://brickstorestamps.com/stores/store-lego-store-joycity-kunming,
store-c-lego-store-kunming-mixc-certified-store-kunming,LEGO® Store Kunming MixC (Certified Store),昆明万象城乐高灵感体验馆,official,,Asia,China,Kunming,昆明市官渡区民航路与环城南路交汇处昆明万象城,25.03236,102.73249,,,https://brickstorestamps.com/stores/store-c-lego-store-kunming-mixc-certified-store-kunming,
store-c-lego-store-kunming-spring-city-66-certified-store-ku,LEGO® Store Kunming Spring City 66 (Certified Store),昆明恒隆广场,official,,Asia,China,Kunming,昆明市盘龙区东风东路21号恒隆商场B1层B112AB号,25.03988,102.72008,,,https://brickstorestamps.com/stores/store-c-lego-store-kunming-spring-city-66-certified-store-ku,
store-c-lego-store-kunming-tongde-plaza-certified-store-kunm,LEGO® Store Kunming Tongde Plaza (Certified Store),昆明广场(同德),official,,Asia,China,Kunming,昆明市盘龙区北京路928号昆明广场F1,25.07134,102.72242,,,https://brickstorestamps.com/stores/store-c-lego-store-kunming-tongde-plaza-certified-store-kunm,
store-lego-store-shuncheng-shopping-mall,LEGO® Store Shuncheng Shopping Mall,,official,,Asia,China,Kunming,"1FE1-15\16\17\2,Shuncheng Mall, Kunming, China",25.03811,102.70624,0871-65892718,bam;pab,https://brickstorestamps.com/stores/store-lego-store-shuncheng-shopping-mall,
store-lego-store-the-mix-c-kunshan,LEGO® Store The Mix C Kunshan,乐高(昆山万象汇店),official,,Asia,China,Kunshan,"L148,1266 Qianjingxi Road, Kunshan, China",31.38693,120.97647,0512-57826750,bam;pab,https://brickstorestamps.com/stores/store-lego-store-the-mix-c-kunshan,
store-c-lego-store-langfang-wanda-plaza-certified-store-lang,LEGO® Store Langfang Wanda Plaza (Certified Store),廊坊万达广场,official,,Asia,China,Langfang,廊坊市广阳区万达广场1层130-131A,39.52068,116.70084,,,https://brickstorestamps.com/stores/store-c-lego-store-langfang-wanda-plaza-certified-store-lang,
store-lego-store-lanzhou-center,LEGO® Store Lanzhou Center,乐高(兰州中心店),official,,Asia,China,Lanzhou,兰州市七里河区西津西路16号兰州中心F1,36.06817,103.77345,17352222133,bam;pab,https://brickstorestamps.com/stores/store-lego-store-lanzhou-center,
store-c-lego-store-lanzhou-mixc-certified-store-lanzhou,LEGO® Store Lanzhou MixC (Certified Store),兰州万象城,official,,Asia,China,Lanzhou,兰州市城关区庆阳路2号兰州万象城B121C,36.05471,103.84286,,,https://brickstorestamps.com/stores/store-c-lego-store-lanzhou-mixc-certified-store-lanzhou,
store-c-lego-store-lanzhou-xinda-plaza-certified-store-lanzh,LEGO® Store Lanzhou Xinda Plaza (Certified Store),欣大购物广场,official,,Asia,China,Lanzhou,兰州市城关区雁滩路3115号正西方向100米,36.06185,103.86916,,,https://brickstorestamps.com/stores/store-c-lego-store-lanzhou-xinda-plaza-certified-store-lanzh,
store-c-lego-store-leshan-saiho-plaza-certified-store-leshan,LEGO® Store Leshan Saiho Plaza (Certified Store),乐山世豪广场,official,,Asia,China,Leshan,乐山市市中区世豪广场一楼C146室,29.60226,103.72435,,,https://brickstorestamps.com/stores/store-c-lego-store-leshan-saiho-plaza-certified-store-leshan,
store-c-lego-store-lhasa-wanda-plaza-certified-store-lhasa,LEGO® Store Lhasa Wanda Plaza (Certified Store),拉萨万达广场,official,,Asia,China,Lhasa,拉萨市城关区万达广场,29.65909,91.18107,,,https://brickstorestamps.com/stores/store-c-lego-store-lhasa-wanda-plaza-certified-store-lhasa,
store-c-lego-store-linyi-mixc-world-certified-store-linyi,LEGO® Store Linyi MixC World (Certified Store),临沂万象汇,official,,Asia,China,Linyi,临沂市兰山区沂蒙路159号临沂万象汇一层L158铺,35.05599,118.33786,(0539)3102990,,https://brickstorestamps.com/stores/store-c-lego-store-linyi-mixc-world-certified-store-linyi,
store-c-lego-store-liuzhou-mixc-certified-store-liuzhou,LEGO® Store Liuzhou MixC (Certified Store),柳州万象城,official,,Asia,China,Liuzhou,柳州市鱼峰区文昌路华润万象城L1层133店铺,24.32552,109.44608,,,https://brickstorestamps.com/stores/store-c-lego-store-liuzhou-mixc-certified-store-liuzhou,
store-c-lego-store-longyan-wanbao-plaza-certified-store-long,LEGO® Store Longyan Wanbao Plaza (Certified Store),龙岩万宝广场,official,,Asia,China,Longyan,龙岩市新罗区万宝广场1F1044号,25.08676,117.01599,,,https://brickstorestamps.com/stores/store-c-lego-store-longyan-wanbao-plaza-certified-store-long,
store-lego-store-wangfujing-shopping-mall,LEGO® Store Wangfujing Shopping mall,,official,,Asia,China,Luoyang,"Lichun Road,, Luoyang, China",34.66338,112.44346,13837122393,bam;pab,https://brickstorestamps.com/stores/store-lego-store-wangfujing-shopping-mall,
store-lego-store-mix-c-luzhou,LEGO® Store Mix C Luzhou,,official,,Asia,China,Luzhou,"1st Floor,MIXC, No.1,Section 1, Luzhou, China",28.87447,105.43851,0830-3897628,bam;pab,https://brickstorestamps.com/stores/store-lego-store-mix-c-luzhou,
store-lego-store-fucheng-wanda,LEGO® Store Fucheng Wanda,,official,,Asia,China,Mianyang,"Wanda Plaza, 9 Huayuan Road, Mianyang, China",31.46027,104.71607,8168723381,,https://brickstorestamps.com/stores/store-lego-store-fucheng-wanda,
store-c-lego-store-mudanjiang-wanda-plaza-certified-store-mu,LEGO® Store Mudanjiang Wanda Plaza (Certified Store),牡丹江万达广场,official,,Asia,China,Mudanjiang,牡丹江市西安区西新安街与西八条路交叉口东南60米,44.56785,129.59398,,,https://brickstorestamps.com/stores/store-c-lego-store-mudanjiang-wanda-plaza-certified-store-mu,
store-c-lego-store-nanchang-mixc-certified-store-nanchang,LEGO® Store Nanchang MixC (Certified Store),南昌万象城,official,,Asia,China,Nanchang,南昌市红谷滩区学府大道388号万象城L146号,28.65906,115.84404,,,https://brickstorestamps.com/stores/store-c-lego-store-nanchang-mixc-certified-store-nanchang,
store-c-lego-store-nanchang-mixc-world-certified-store-nanch,LEGO® Store Nanchang MixC World (Certified Store),南昌万象汇,official,,Asia,China,Nanchang,南昌市青山湖区高新大道1918号东北方向20米,28.6785,115.95418,(0791)86374314,,https://brickstorestamps.com/stores/store-c-lego-store-nanchang-mixc-world-certified-store-nanch,
store-lego-store-deji-plaza,LEGO® Store Deji Plaza,,official,,Asia,China,Nanjing,"F635 Deji Plaza Phase II,, Nanjing, China",32.04383,118.77886,025-86777635,bam;pab,https://brickstorestamps.com/stores/store-lego-store-deji-plaza,
store-lego-store-golden-eagle-hubintiandi,LEGO® Store Golden Eagle Hubintiandi,,official,,Asia,China,Nanjing,,32.102343,118.918185,025-87720701,bam;pab,https://brickstorestamps.com/stores/store-lego-store-golden-eagle-hubintiandi,
store-lego-store-king-mo,LEGO® Store KING MO,,official,,Asia,China,Nanjing,"1698 Shuanglong Avenue,, Nanjing, China",31.9713,118.80883,025-86153001,bam;pab,https://brickstorestamps.com/stores/store-lego-store-king-mo,
store-c-lego-store-nanjing-chengbei-mixc-world-certified-sto,LEGO® Store Nanjing Chengbei MixC World (Certified Store),南京城北万象汇,official,,Asia,China,Nanjing,南京市栖霞区城北万象汇B馆1层,32.12348,118.83015,,,https://brickstorestamps.com/stores/store-c-lego-store-nanjing-chengbei-mixc-world-certified-sto,
store-lego-store-nanjing-hanlogon,LEGO® Store Nanjing Hanlogon,,official,,Asia,China,Nanjing,"8 Taining Road,, Nanjing, China",32.04383,118.77886,025-57730750,bam;pab,https://brickstorestamps.com/stores/store-lego-store-nanjing-hanlogon,
store-c-lego-store-nanjing-jiangbei-hongyue-city-certified-s,LEGO® Store Nanjing Jiangbei Hongyue City (Certified Store),江北虹悦城,official,,Asia,China,Nanjing,南京市浦口区德盈龙华国际广场东北50米(龙华路南),32.06985,118.63485,,,https://brickstorestamps.com/stores/store-c-lego-store-nanjing-jiangbei-hongyue-city-certified-s,
store-c-lego-store-nanjing-jiangning-longwan-paradise-walk-c,LEGO® Store Nanjing Jiangning Longwan Paradise Walk (Certified Store),江宁龙湾天街,official,,Asia,China,Nanjing,南京市江宁区潭园西路龙湖龙湾天街A-1F-13,31.9406,118.83815,,,https://brickstorestamps.com/stores/store-c-lego-store-nanjing-jiangning-longwan-paradise-walk-c,
store-c-lego-store-nanjing-jianye-wuyue-plaza-certified-stor,LEGO® Store Nanjing Jianye Wuyue Plaza (Certified Store),南京建邺吾悦广场,official,,Asia,China,Nanjing,南京市建邺区汉中门大街299南京建邺吾悦广场1层,32.03907,118.72972,,,https://brickstorestamps.com/stores/store-c-lego-store-nanjing-jianye-wuyue-plaza-certified-stor,
store-lego-store-one-mall,LEGO® Store One Mall,,official,,Asia,China,Nanjing,"F1-38, 258 Jiangzhong East Rd., Nanjing, China",32.04383,118.77886,025-85655698,bam;pab,https://brickstorestamps.com/stores/store-lego-store-one-mall,
store-lego-store-rsun-plaza,LEGO® Store Rsun Plaza,乐高(弘阳广场店),official,,Asia,China,Nanjing,"48 North Daqiao Road,, Nanjing, China",32.14097,118.71951,025-58876113,bam;pab,https://brickstorestamps.com/stores/store-lego-store-rsun-plaza,
store-lego-store-wonder-city,LEGO® Store Wonder City,,official,,Asia,China,Nanjing,,32.04383,118.77886,,bam;pab,https://brickstorestamps.com/stores/store-lego-store-wonder-city,
store-c-lego-store-nanning-zhongshan-mixc-world-certified-st,LEGO® Store Nanning Zhongshan MixC World (Certified Store),南宁中山万象汇,official,,Asia,China,Nanning,南宁市青秀区中山路万象汇LG层106,22.81254,108.31843,,,https://brickstorestamps.com/stores/store-c-lego-store-nanning-zhongshan-mixc-world-certified-st,
store-lego-store-the-mix-c-nanning,LEGO® Store The Mix C Nanning,,official,,Asia,China,Nanning,"136 Minzu Avenue,, Nanning, China",22.81577,108.31802,0771-5578234,bam;pab,https://brickstorestamps.com/stores/store-lego-store-the-mix-c-nanning,
store-c-lego-store-nantong-cbd-dayoujing-certified-store-nan,LEGO® Store Nantong CBD Dayoujing (Certified Store),南通CBD大有境,official,,Asia,China,Nantong,南通市崇川区桃园路12号南通CBD大有境A座1层,31.97121,120.88938,,,https://brickstorestamps.com/stores/store-c-lego-store-nantong-cbd-dayoujing-certified-store-nan,
store-lego-store-the-mix-c-nantong,LEGO® Store The Mix C Nantong,,official,,Asia,China,Nantong,"B1-L5, Beida St/Yongyi Road, Nantong, China",31.98279,120.89046,0531-55882531,bam;pab,https://brickstorestamps.com/stores/store-lego-store-the-mix-c-nantong,
store-c-lego-store-ningbo-hankyu-certified-store-ningbo,LEGO® Store Ningbo Hankyu (Certified Store),阪急百货宁波店,official,,Asia,China,Ningbo,宁波市鄞州区海晏北路189阪急百货宁波店4层,29.86349,121.61017,,,https://brickstorestamps.com/stores/store-c-lego-store-ningbo-hankyu-certified-store-ningbo,
store-lego-store-ningbo-yingzhou-mixc-city,LEGO® Store Ningbo Yingzhou Mixc City,,official,,Asia,China,Ningbo,"L121,351 Qianhubei Road,, Ningbo, China",29.86222,121.62039,13705714816,bam;pab,https://brickstorestamps.com/stores/store-lego-store-ningbo-yingzhou-mixc-city,
store-lego-store-raffles-city-ningbo,LEGO® Store Raffles City,乐高(来福士店),official,,Asia,China,Ningbo,"L135, 500 Dazha South Road, Ji, Ningbo, China",29.87196,121.54996,0574-87476302,,https://brickstorestamps.com/stores/store-lego-store-raffles-city-ningbo,
store-lego-store-yintai-city,LEGO® Store Yintai City,,official,,Asia,China,Ningbo,"399 Zhonghe Road,, Ningbo, China",29.8911,121.82137,0574-86820803,bam;pab,https://brickstorestamps.com/stores/store-lego-store-yintai-city,
store-c-lego-store-ordos-wanda-plaza-certified-store-ordos,LEGO® Store Ordos Wanda Plaza (Certified Store),鄂尔多斯万达广场,official,,Asia,China,Ordos,鄂尔多斯市东胜区万达广场2层,39.82006,109.97636,,,https://brickstorestamps.com/stores/store-c-lego-store-ordos-wanda-plaza-certified-store-ordos,
store-c-lego-store-ordos-wangfujing-certified-store-ordos,LEGO® Store Ordos Wangfujing (Certified Store),王府井百货(东胜),official,,Asia,China,Ordos,鄂尔多斯市东胜区伊金霍洛西街1号王府井百货B1,39.81601,109.98429,,,https://brickstorestamps.com/stores/store-c-lego-store-ordos-wangfujing-certified-store-ordos,
store-c-lego-store-panjin-wanda-plaza-certified-store-panjin,LEGO® Store Panjin Wanda Plaza (Certified Store),盘锦万达广场,official,,Asia,China,Panjin,盘锦市兴隆台区万达广场1层1005,41.0974,122.07189,,,https://brickstorestamps.com/stores/store-c-lego-store-panjin-wanda-plaza-certified-store-panjin,
store-c-lego-certified-store-qingdao-laoshan-mixc-world-qing,LEGO® Certified Store Qingdao Laoshan MixC World,,official,,Asia,China,Qingdao,"L116, 深圳路101号 青岛崂山万象汇, 崂山区, Qingdao, China",36.11781,120.44316,,,https://brickstorestamps.com/stores/store-c-lego-certified-store-qingdao-laoshan-mixc-world-qing,
store-lego-store-hisense-plaza,LEGO® Store Hisense Plaza,LEGO乐高授权专卖店(海信广场店),official,,Asia,China,Qingdao,"B1-0139 Hisense Plaza,, Qingdao, China",36.06632,120.37777,0532-66788033,bam;pab,https://brickstorestamps.com/stores/store-lego-store-hisense-plaza,
store-c-lego-store-qingdao-jinshi-plaza-certified-store-qing,LEGO® Store Qingdao Jinshi Plaza (Certified Store),金狮购物广场,official,,Asia,China,Qingdao,青岛市崂山区金家岭街道香港东路195号乙金狮购物广场1层63A,36.09612,120.4582,0532-55725799,,https://brickstorestamps.com/stores/store-c-lego-store-qingdao-jinshi-plaza-certified-store-qing,
store-lego-store-qingdao-vientiane-city,LEGO® Store Qingdao MixC,青岛万象城,official,,Asia,China,Qingdao,青岛市市南区万象城L125号,36.0661,120.3792,,,https://brickstorestamps.com/stores/store-lego-store-qingdao-vientiane-city,
store-c-lego-store-qiqihar-wanda-plaza-certified-store-qiqih,LEGO® Store Qiqihar Wanda Plaza (Certified Store),齐齐哈尔万达广场,official,,Asia,China,Qiqihar,齐齐哈尔市建华区新江路1号万达广场F1,47.36519,123.94379,,,https://brickstorestamps.com/stores/store-c-lego-store-qiqihar-wanda-plaza-certified-store-qiqih,
store-c-lego-store-quanzhou-wanda-plaza-certified-store-quan,LEGO® Store Quanzhou Wanda Plaza (Certified Store),泉州万达广场,official,,Asia,China,Quanzhou,泉州市丰泽区宝洲路679号万达广场F1,24.88486,118.59493,,,https://brickstorestamps.com/stores/store-c-lego-store-quanzhou-wanda-plaza-certified-store-quan,
store-lego-store-sce-world-city-mall,LEGO® Store SCE World City Mall,,official,,Asia,China,Quanzhou,"69 Anji South Road, Quanzhou, China",24.92251,118.65447,13926596064,bam;pab,https://brickstorestamps.com/stores/store-lego-store-sce-world-city-mall,
store-c-lego-store-sanya-summer-mall-certified-store-sanya,LEGO® Store Sanya Summer Mall (Certified Store),三亚夏日站,official,,Asia,China,Sanya,三亚市吉阳区育秀路2号夏日站L1-04-02铺,18.29689,109.48702,,,https://brickstorestamps.com/stores/store-c-lego-store-sanya-summer-mall-certified-store-sanya,
store-lego-store-bailian-nanqiao-shopping-mall,LEGO® Store Bailian Nanqiao Shopping Mall,,official,,Asia,China,Shanghai,"1F-20, 588, Baiqi Road,, Shanghai, China",31.23234,121.4691,021-67108879,bam;pab,https://brickstorestamps.com/stores/store-lego-store-bailian-nanqiao-shopping-mall,
store-lego-store-bailian-youyicheng-shopping-mall,LEGO® Store Bailian Youyicheng Shopping Mall,百联又一城购物中心,official,,Asia,China,Shanghai,"B1-1-011, 8 Songhu Road, Shanghai, China",31.303492,121.511323,021-65012280,bam;pab,https://brickstorestamps.com/stores/store-lego-store-bailian-youyicheng-shopping-mall,
store-lego-store-baoyang-powerlong,LEGO® Store Baoyang Powerlong,,official,,Asia,China,Shanghai,"669 Tongji road, Baoshan, Shanghai, China",31.398207,121.476663,021-66782286,bam;pab,https://brickstorestamps.com/stores/store-lego-store-baoyang-powerlong,
store-lego-store-capitamall-luone,LEGO® Store CapitaMall LuOne,,official,,Asia,China,Shanghai,"L304, 123 Xujiahui Road,, Shanghai, China",31.211817,121.472123,021-63010698,bam;pab,https://brickstorestamps.com/stores/store-lego-store-capitamall-luone,
store-lego-store-capitamall-minhang,LEGO® Store CapitaMall Minhang,乐高(凯德龙之梦购物中心莘庄店),official,,Asia,China,Shanghai,"1F-29, 6088 Humin Road,, Shanghai, China",31.110254,121.37291,021-54478216,bam;pab,https://brickstorestamps.com/stores/store-lego-store-capitamall-minhang,
store-lego-store-citic-wanda-plaza,LEGO® Store Citic Wanda Plaza,乐高,official,,Asia,China,Shanghai,"L1-1051,Shengxin/Shuangding Rd, Shanghai, China",31.332408,121.250767,021-59141921,bam;pab,https://brickstorestamps.com/stores/store-lego-store-citic-wanda-plaza,
store-lego-store-cloud-nine-mall,LEGO® Store Cloud Nine Mall,乐高(龙之梦购物公园长宁店),official,,Asia,China,Shanghai,"L1, 1018 Changning Road, Shanghai, China",31.220441,121.412118,021-62308571,bam;pab,https://brickstorestamps.com/stores/store-lego-store-cloud-nine-mall,
store-lego-store-daning-life-hub,LEGO® Store Daning Life Hub,,official,,Asia,China,Shanghai,"Unit 5,1878 Gonghexin Road, Shanghai, China",31.23234,121.4691,021-66277397,bam;pab,https://brickstorestamps.com/stores/store-lego-store-daning-life-hub,
store-lego-store-disneytown-shanghai,LEGO® Store Disneytown Shanghai,,official,,Asia,China,Shanghai,"申迪西路255弄660号和665号, 中国上海浦东新区2 201205, China",31.1373318,121.6583326,86 21 5033 3308,bam;pab,https://brickstorestamps.com/stores/store-lego-store-disneytown-shanghai,
store-lego-store-global-harbour,LEGO® Store Global Harbour,,official,,Asia,China,Shanghai,,31.233653,121.407281,021-52680121,bam;pab,https://brickstorestamps.com/stores/store-lego-store-global-harbour,
store-lego-store-grand-gateway-66,LEGO® Store Grand Gateway 66,乐高(港汇恒隆广场店),official,,Asia,China,Shanghai,"B107J, 1 Hongqiao Road, Shanghai, China",31.19654,121.432472,021-64283899,bam;pab,https://brickstorestamps.com/stores/store-lego-store-grand-gateway-66,
store-lego-store-hkri-taikoo-hui,LEGO® Store HKRI Taikoo Hui,乐高(太古汇店),official,,Asia,China,Shanghai,"L242, 789 Nanjing West Road, Shanghai, China",31.230234,121.458661,021-32035176,bam;pab,https://brickstorestamps.com/stores/store-lego-store-hkri-taikoo-hui,
store-lego-store-i-mix-park-shanghai,LEGO® Store I Mix Park,LEGO,official,,Asia,China,Shanghai,"102, Lane 1111 Hutai Road,, Shanghai, China",31.28225,121.420803,021-56720517,,https://brickstorestamps.com/stores/store-lego-store-i-mix-park-shanghai,
store-lego-store-joy-city,LEGO® Store Joy City,,official,,Asia,China,Shanghai,,31.23234,121.4691,,bam;pab,https://brickstorestamps.com/stores/store-lego-store-joy-city,
store-lego-store-kerry-parkside,LEGO® Store Kerry Parkside,浦东嘉里城,official,,Asia,China,Shanghai,"B1-119A, 1378 Huamu Road, Shanghai, China",31.23234,121.4691,021-50207752,bam;pab,https://brickstorestamps.com/stores/store-lego-store-kerry-parkside,
store-lego-store-l-mall,LEGO® Store L+Mall,,official,,Asia,China,Shanghai,"L512, 655 Shangcheng Road,, Shanghai, China",31.23234,121.4691,021-50611359,bam;pab,https://brickstorestamps.com/stores/store-lego-store-l-mall,
store-lego-store-one-itc,LEGO® Store One ITC,,official,,Asia,China,Shanghai,,31.199062,121.433304,021-64282916,bam;pab,https://brickstorestamps.com/stores/store-lego-store-one-itc,
store-lego-store-people-s-square-shanghai,LEGO® Store People's Square Shanghai,乐高旗舰店(人民广场店),official,,Asia,China,Shanghai,"829 East Nanjing Rd, Shanghai 200000, China",31.232661,121.475073,021-63232655,bam;mosaic_maker;pab,https://brickstorestamps.com/stores/store-lego-store-people-s-square-shanghai,
store-lego-store-qibao-vanke-mall,LEGO® Store Qibao Vanke Mall,,official,,Asia,China,Shanghai,"3366 Caobao Road,, Shanghai, China",31.23234,121.4691,021-33582229,bam;pab,https://brickstorestamps.com/stores/store-lego-store-qibao-vanke-mall,
store-lego-store-shanghai-bailian-century,LEGO® Store Shanghai Bailian Century,乐高(百联世纪购物中心店),official,,Asia,China,Shanghai,上海市浦东新区世纪大道1217百联世纪购物中心1层L123,31.23,121.5265,,,https://brickstorestamps.com/stores/store-lego-store-shanghai-bailian-century,
store-c-lego-store-shanghai-century-link-certified-store-sha,LEGO® Store Shanghai Century Link (Certified Store),世纪汇广场,official,,Asia,China,Shanghai,上海市浦东新区世纪大道1192号世纪汇广场,31.22951,121.52294,,,https://brickstorestamps.com/stores/store-c-lego-store-shanghai-century-link-certified-store-sha,
store-lego-store-shanghai-century-plaza,LEGO® Store Shanghai Century Plaza,上海置地广场,official,,Asia,China,Shanghai,上海市黄浦区南京东路409号,31.2362,121.4822,,,https://brickstorestamps.com/stores/store-lego-store-shanghai-century-plaza,
store-lego-store-shanghai-changning-raffles-city,LEGO® Store Shanghai Changning Raffles City,长宁来福士广场,official,,Asia,China,Shanghai,上海市长宁区长宁路1139号,31.2163,121.4145,,,https://brickstorestamps.com/stores/store-lego-store-shanghai-changning-raffles-city,
store-lego-store-shanghai-daewoo-jiuguang,LEGO® Store Shanghai Daewoo Jiuguang,乐高(久光百货店),official,,Asia,China,Shanghai,上海市静安区南京西路1618号久光百货(上海店)6层,31.2235,121.4462,,,https://brickstorestamps.com/stores/store-lego-store-shanghai-daewoo-jiuguang,
store-c-lego-store-shanghai-dingxiang-international-certifie,LEGO® Store Shanghai Dingxiang International (Certified Store),丁香国际商业中心,official,,Asia,China,Shanghai,上海市浦东新区丁香路858号丁香国际商业中心LG1,31.22763,121.54663,,,https://brickstorestamps.com/stores/store-c-lego-store-shanghai-dingxiang-international-certifie,
store-lego-store-shanghai-florentia-village,LEGO® Store Shanghai Florentia Village,佛罗伦萨小镇(上海名品奥特莱斯),official,,Asia,China,Shanghai,上海市浦东新区祝桥镇卓耀路58弄,31.1968,121.7642,,,https://brickstorestamps.com/stores/store-lego-store-shanghai-florentia-village,
store-lego-store-shanghai-forte-vanke-vitality-city,LEGO® Store Shanghai Forte Vanke Vitality City,乐高,official,,Asia,China,Shanghai,上海市浦东新区沪南路2229号复地活力城南区1层,31.1577,121.5647,,,https://brickstorestamps.com/stores/store-lego-store-shanghai-forte-vanke-vitality-city,
store-lego-store-shanghai-hongqiao-nanfeng-city,LEGO® Store Shanghai Hongqiao Nanfeng City,乐高(虹桥南丰城店),official,,Asia,China,Shanghai,上海市长宁区遵义路100号虹桥南丰城南区L1层SU 1-L110,31.2073,121.4078,,,https://brickstorestamps.com/stores/store-lego-store-shanghai-hongqiao-nanfeng-city,
store-lego-store-shanghai-iapm-iapm,LEGO® Store Shanghai IAPM,乐高(环贸IAPM授权专卖店),official,,Asia,China,Shanghai,上海市徐汇区淮海中路999号环贸iapm商场B1,31.21615,121.45837,,,https://brickstorestamps.com/stores/store-lego-store-shanghai-iapm-iapm,
store-c-lego-store-shanghai-jinqiao-international-plaza-cert,LEGO® Store Shanghai Jinqiao International Plaza (Certified Store),金桥国际商业广场,official,,Asia,China,Shanghai,上海市浦东新区张杨路3611号金桥国际商业广场6座1层,31.25794,121.57538,021-50120210,,https://brickstorestamps.com/stores/store-c-lego-store-shanghai-jinqiao-international-plaza-cert,
store-c-lego-store-shanghai-jiuguang-center-certified-store-,LEGO® Store Shanghai Jiuguang Center (Certified Store),上海久光中心,official,,Asia,China,Shanghai,上海市静安区共和新路2188号上海久光中心L1层L129,31.27833,121.44658,,,https://brickstorestamps.com/stores/store-c-lego-store-shanghai-jiuguang-center-certified-store-,
store-lego-store-shanghai-kerry-center,LEGO® Store Shanghai Kerry Center,乐高(静安嘉里中心北区店),official,,Asia,China,Shanghai,上海市静安区嘉里中心,31.223713,121.449666,,,https://brickstorestamps.com/stores/store-lego-store-shanghai-kerry-center,
store-lego-store-shanghai-lcm-zhihui-xuhui-plaza-lcm,LEGO® Store Shanghai LCM Zhihui Xuhui Plaza,乐高(上海LCM置汇旭辉广场店),official,,Asia,China,Shanghai,上海市浦东新区崮山路500号,31.2427,121.5558,,,https://brickstorestamps.com/stores/store-lego-store-shanghai-lcm-zhihui-xuhui-plaza-lcm,
store-lego-store-shanghai-lujiazui,LEGO® Store Shanghai Lujiazui,乐高(国金中心商场店),official,,Asia,China,Shanghai,上海市浦东新区世纪大道8号国金中心商场LG2-LG2-53,31.23528,121.50293,,,https://brickstorestamps.com/stores/store-lego-store-shanghai-lujiazui,
store-lego-store-shanghai-magnolia,LEGO® Store Shanghai Magnolia,乐高(上海白玉兰广场店),official,,Asia,China,Shanghai,上海市虹口区东长治路588号上海白玉兰广场LG1层,31.249699,121.498239,,,https://brickstorestamps.com/stores/store-lego-store-shanghai-magnolia,
store-lego-store-shanghai-minhang-longhu-paradise-walk,LEGO® Store Shanghai Minhang Longhu Paradise Walk,龙湖上海闵行天街,official,,Asia,China,Shanghai,上海市闵行区剑川路1000号,31.0262,121.4149,,,https://brickstorestamps.com/stores/store-lego-store-shanghai-minhang-longhu-paradise-walk,
store-lego-store-shanghai-nanfang-mall,LEGO® Store Shanghai Nanfang Mall,南方商城,official,,Asia,China,Shanghai,上海市闵行区沪闵路,31.134,121.3991,,,https://brickstorestamps.com/stores/store-lego-store-shanghai-nanfang-mall,
store-c-lego-store-shanghai-nanxiang-impression-city-certifi,LEGO® Store Shanghai Nanxiang Impression City (Certified Store),南翔印象城,official,,Asia,China,Shanghai,上海市嘉定区南翔印象城1层38A,31.30698,121.30015,,,https://brickstorestamps.com/stores/store-c-lego-store-shanghai-nanxiang-impression-city-certifi,
store-c-lego-store-shanghai-new-world-city-certified-store-s,LEGO® Store Shanghai New World City (Certified Store),新世界城,official,,Asia,China,Shanghai,上海市黄浦区南京西路2~68号东北方向60米,31.23713,121.46889,021-63588888,,https://brickstorestamps.com/stores/store-c-lego-store-shanghai-new-world-city-certified-store-s,
store-c-lego-store-shanghai-pudong-airport-s2-certified-stor,LEGO® Store Shanghai Pudong Airport S2 (Certified Store),上海浦东国际机场S2,official,,Asia,China,Shanghai,上海市浦东新区浦东机场S2国内混流层2层,31.13707,121.81196,,,https://brickstorestamps.com/stores/store-c-lego-store-shanghai-pudong-airport-s2-certified-stor,
store-lego-store-shanghai-pudong-expo-source,LEGO® Store Shanghai Pudong Expo Source,乐高,official,,Asia,China,Shanghai,上海市浦东新区上南路168号世博源三区B层3B35,31.18476,121.49244,,,https://brickstorestamps.com/stores/store-lego-store-shanghai-pudong-expo-source,
store-lego-store-shanghai-sky-city,LEGO® Store Shanghai Sky City,乐高(天空之城店),official,,Asia,China,Shanghai,上海市青浦区崧泽大道2229弄66号上海天空万科广场GF层GF-74,31.1778,121.2545,,,https://brickstorestamps.com/stores/store-lego-store-shanghai-sky-city,
store-lego-store-shanghai-songjiang-impression-city-lego,LEGO® Store Shanghai Songjiang Impression City,LEGO开新总动员(松江首店),official,,Asia,China,Shanghai,上海市松江区广富林路1788弄1号松江印象城1层L117,31.0602,121.2229,,,https://brickstorestamps.com/stores/store-lego-store-shanghai-songjiang-impression-city-lego,
store-lego-store-shanghai-taikoo-li-qiantan,"LEGO® Store Shanghai Taikoo Li, Qiantan",上海乐高授权专卖店(前滩太古里店),official,,Asia,China,Shanghai,上海市浦东新区东育路500号前滩太古里木区B1层W1-B1-01号铺,31.15383,121.48175,,,https://brickstorestamps.com/stores/store-lego-store-shanghai-taikoo-li-qiantan,
store-c-lego-store-shanghai-yifeng-times-plaza-certified-sto,LEGO® Store Shanghai Yifeng Times Plaza (Certified Store),亿丰时代广场,official,,Asia,China,Shanghai,上海市浦东新区云台路800号,31.16488,121.50319,,,https://brickstorestamps.com/stores/store-c-lego-store-shanghai-yifeng-times-plaza-certified-sto,
store-c-lego-store-shanghai-zhongsheng-world-mall-certified-,LEGO® Store Shanghai Zhongsheng World Mall (Certified Store),仲盛世界商城,official,,Asia,China,Shanghai,上海市闵行区闵城路180临西北方向140米,31.10873,121.38161,021-52231791,,https://brickstorestamps.com/stores/store-c-lego-store-shanghai-zhongsheng-world-mall-certified-,
store-lego-store-sinar-mas-plaza,LEGO® Store Sinar Mas Plaza,,official,,Asia,China,Shanghai,"LG1-18, 501 East Daming Road,, Shanghai, China",31.25169,121.493784,021-65127308,bam;pab,https://brickstorestamps.com/stores/store-lego-store-sinar-mas-plaza,
store-lego-store-super-brand-mall,LEGO® Store Super Brand Mall,正大广场,official,,Asia,China,Shanghai,"168 West Lujiazui Road,, Shanghai, China",31.23234,121.4691,021-50875150,bam;pab,https://brickstorestamps.com/stores/store-lego-store-super-brand-mall,
store-lego-store-the-mix-c-shanghai,LEGO® Store The Mix C Shanghai,,official,,Asia,China,Shanghai,"1779 Wuzhong Road,, Shanghai, China",31.23234,121.4691,021-52217616,bam;pab,https://brickstorestamps.com/stores/store-lego-store-the-mix-c-shanghai,
store-lego-store-the-sky-mall,LEGO® Store The Sky Mall,,official,,Asia,China,Shanghai,"L1-43-45, 5001 Dushi Road,, Shanghai, China",31.23234,121.4691,021-52231791,bam;pab,https://brickstorestamps.com/stores/store-lego-store-the-sky-mall,
store-lego-store-wongtee-plaza,LEGO® Store Wongtee Plaza,,official,,Asia,China,Shanghai,"L2-68-69, 118 Fuhua 3rd Road,, Shanghai, China",31.23127,121.47002,0755-82780519,bam;pab,https://brickstorestamps.com/stores/store-lego-store-wongtee-plaza,
store-lego-store-yuqiao-wolicity,LEGO® Store Yuqiao Wolicity,,official,,Asia,China,Shanghai,"2419 Lunan Road, Shanghai, China",31.159904,121.560441,021-68772105,bam;pab,https://brickstorestamps.com/stores/store-lego-store-yuqiao-wolicity,
store-legoland-discovery-centre-shanghai,LEGOLAND Discovery Centre Shanghai,,official,,Asia,China,Shanghai,,31.23234,121.4691,,,https://brickstorestamps.com/stores/store-legoland-discovery-centre-shanghai,
store-legoland-shanghai-they-have-stamps-for-halloween-and-christmas,LEGOLAND Shanghai,,official,,Asia,China,Shanghai,"Jinshan District, Shanghai, China",31.23234,121.4691,,bam;pab,https://brickstorestamps.com/stores/store-legoland-shanghai-they-have-stamps-for-halloween-and-christmas,
store-c-lego-store-shantou-mixc-certified-store-shantou,LEGO® Store Shantou MixC (Certified Store),汕头万象城,official,,Asia,China,Shantou,汕头市龙湖区长平路95号万象城1楼,23.36486,116.71307,,,https://brickstorestamps.com/stores/store-c-lego-store-shantou-mixc-certified-store-shantou,
store-c-lego-store-shaoxing-jindi-intime-city-certified-stor,LEGO® Store Shaoxing Jindi Intime City (Certified Store),金帝银泰城,official,,Asia,China,Shaoxing,绍兴市越城区解放南路777号金帝银泰城1层,29.9882,120.57691,,,https://brickstorestamps.com/stores/store-c-lego-store-shaoxing-jindi-intime-city-certified-stor,
store-lego-store-joy-city-shenyang,LEGO® Store Joy City,乐高(沈阳大悦城店),official,,Asia,China,Shenyang,"1F-C122/123, 10 Xiao Dong Road, Shenyang, China",41.799837,123.460777,024-66690008,,https://brickstorestamps.com/stores/store-lego-store-joy-city-shenyang,
store-lego-store-shenyang-huanggu-mixc,LEGO® Store Shenyang Huanggu MixC,乐高(沈阳皇姑万象汇店),official,,Asia,China,Shenyang,沈阳市皇姑区崇山东路18号皇姑万象汇1层L143,41.8343,123.4581,,,https://brickstorestamps.com/stores/store-lego-store-shenyang-huanggu-mixc,
store-lego-store-shenyang-huanggu-vientiane-plaza,LEGO® Store Shenyang Huanggu Vientiane Plaza,沈阳三台子万象汇,official,,Asia,China,Shenyang,沈阳市皇姑区黄河北大街33号,41.8712,123.4179,,,https://brickstorestamps.com/stores/store-lego-store-shenyang-huanggu-vientiane-plaza,
store-lego-store-shenyang-mixc-mall,LEGO® Store Shenyang MixC Mall,沈阳万象城,official,,Asia,China,Shenyang,沈阳市和平区青年大街288号,41.7765,123.4346,,,https://brickstorestamps.com/stores/store-lego-store-shenyang-mixc-mall,
store-lego-store-the-mix-c-one-shenyang,LEGO® Store The Mix C One,华润·万象汇(铁西),official,,Asia,China,Shenyang,"L185, 158 East Jianshe Road,, Shenyang, China",41.792835,123.366193,024-66690007,,https://brickstorestamps.com/stores/store-lego-store-the-mix-c-one-shenyang,
store-lego-store-the-mix-c-shenyang,LEGO® Store The Mix C Shenyang,,official,,Asia,China,Shenyang,,41.80261,123.42791,024-62760005,bam;pab,https://brickstorestamps.com/stores/store-lego-store-the-mix-c-shenyang,
store-lego-store-zhongxing-department-store,LEGO® Store Zhongxing Department Store,乐高(沈阳中兴店),official,,Asia,China,Shenyang,"701-702,7F,86 Taiyuan N. Road, Shenyang, China",41.79167,123.39389,024-66687755,bam;pab,https://brickstorestamps.com/stores/store-lego-store-zhongxing-department-store,
store-legoland-discovery-center-shenyang,LEGOLAND Discovery Center Shenyang,沈阳乐高探索中心,official,,Asia,China,Shenyang,沈阳市和平区博览路2甲2号 沈阳新世界博览馆 (K11),41.74773,123.43289,,,https://brickstorestamps.com/stores/store-legoland-discovery-center-shenyang,
store-lego-store-coco-park,LEGO® Store Coco Park,,official,,Asia,China,Shenzhen,"L2-041 Coco Park, Wuhe Avenue,, Shenzhen, China",22.54457,114.05454,0755-28715664,bam;pab,https://brickstorestamps.com/stores/store-lego-store-coco-park,
store-lego-store-haiya-mega-mall,LEGO® Store HaiYa Mega Mall,乐高(海雅缤纷城店),official,,Asia,China,Shenzhen,"No. 99, Jian'an 1st Road,, Shenzhen, China",22.56178,113.90108,0755-86662572,bam;pab,https://brickstorestamps.com/stores/store-lego-store-haiya-mega-mall,
store-lego-store-mh-mall,LEGO® Store MH Mall,,official,,Asia,China,Shenzhen,"8 Golf Boulevard, Shenzhen, China",22.54457,114.05454,18925267469,bam;pab,https://brickstorestamps.com/stores/store-lego-store-mh-mall,
store-lego-store-o-plaza,LEGO® Store O'plaza,,official,,Asia,China,Shenzhen,"L-052-053, 2008 Binhai Avenue,, Shenzhen, China",22.54457,114.05454,0755-86662572,bam;pab,https://brickstorestamps.com/stores/store-lego-store-o-plaza,
store-lego-store-raffles-city-shenzhen,LEGO® Store Raffles City Shenzhen,,official,,Asia,China,Shenzhen,"No. 2163 Nanhai Avenue,, Shenzhen, China",22.54457,114.05454,15602217518,bam;pab,https://brickstorestamps.com/stores/store-lego-store-raffles-city-shenzhen,
store-lego-store-shenzhen,LEGO® Store Shenzhen,中航城君尚购物中心,official,,Asia,China,Shenzhen,深圳市福田区华强北街道中航路1号,22.5422,114.083,,,https://brickstorestamps.com/stores/store-lego-store-shenzhen,
store-c-lego-store-shenzhen-bao-an-airport-certified-store-s,LEGO® Store Shenzhen Bao'an Airport (Certified Store),深圳宝安机场,official,,Asia,China,Shenzhen,深圳市宝安区福永街道宝安机场三楼,22.63332,113.80504,,,https://brickstorestamps.com/stores/store-c-lego-store-shenzhen-bao-an-airport-certified-store-s,
store-lego-store-shenzhen-coast-dongchao-lego,LEGO® Store Shenzhen Coast Dongchao,乐高LEGO(海岸城店),official,,Asia,China,Shenzhen,深圳市南山区海岸城购物中心东区,22.5166,113.9362,,,https://brickstorestamps.com/stores/store-lego-store-shenzhen-coast-dongchao-lego,
store-c-lego-store-shenzhen-happy-coast-certified-store-shen,LEGO® Store Shenzhen Happy Coast (Certified Store),欢乐海岸购物中心,official,,Asia,China,Shenzhen,深圳市南山区白石路东8号欢乐海岸购物中心039-041号,22.52908,113.98449,0755-86662572,,https://brickstorestamps.com/stores/store-c-lego-store-shenzhen-happy-coast-certified-store-shen,
store-c-lego-store-shenzhen-longgang-vanke-plaza-certified-s,LEGO® Store Shenzhen Longgang Vanke Plaza (Certified Store),龙岗万科广场,official,,Asia,China,Shenzhen,深圳市龙岗区龙翔大道7188号万科广场L1层,22.71765,114.23882,(0755)89589357,,https://brickstorestamps.com/stores/store-c-lego-store-shenzhen-longgang-vanke-plaza-certified-s,
store-c-lego-store-shenzhen-longhua-rainbow-tianyi-certified,LEGO® Store Shenzhen Longhua Rainbow Tianyi (Certified Store),深圳天虹购物中心(中航天逸),official,,Asia,China,Shenzhen,深圳市龙华区中航天逸,22.62992,114.01606,,,https://brickstorestamps.com/stores/store-c-lego-store-shenzhen-longhua-rainbow-tianyi-certified,
store-c-lego-store-shenzhen-yitian-holiday-plaza-certified-s,LEGO® Store Shenzhen Yitian Holiday Plaza (Certified Store),益田假日广场,official,,Asia,China,Shenzhen,深圳市南山区深南大道9028号益田假日广场F1层-32,22.54031,113.97028,,,https://brickstorestamps.com/stores/store-c-lego-store-shenzhen-yitian-holiday-plaza-certified-s,
store-lego-store-the-mix-c,LEGO® Store The Mix C,,official,,Asia,China,Shenzhen,,22.54457,114.05454,,bam;pab,https://brickstorestamps.com/stores/store-lego-store-the-mix-c,
store-lego-store-the-mix-c-shenzhen,LEGO® Store The Mix C Shenzhen,乐高(万象城店),official,,Asia,China,Shenzhen,"L465, 1881 Baoan South Road, Shenzhen, China",22.542478,114.105681,0755-82202184,bam;pab,https://brickstorestamps.com/stores/store-lego-store-the-mix-c-shenzhen,
store-lego-store-the-mix-c-world,LEGO® Store The Mix C World,深圳万象天地,official,,Asia,China,Shenzhen,"SL325, 9668 Shennan Boulevard, Shenzhen, China",22.54457,114.05454,0755-22678480,bam;pab,https://brickstorestamps.com/stores/store-lego-store-the-mix-c-world,
store-lego-store-uniwalk,LEGO® Store Uniwalk,,official,,Asia,China,Shenzhen,"L1-109, 99 Xinhu Road,, Shenzhen, China",22.556896,113.882443,0755-23504525,bam;pab,https://brickstorestamps.com/stores/store-lego-store-uniwalk,
store-lego-store-upper-hills,LEGO® Store Upper Hills,,official,,Asia,China,Shenzhen,"L1-120C, 5001 Huanggang Road,, Shenzhen, China",22.558714,114.065178,0755-23944462,bam;pab,https://brickstorestamps.com/stores/store-lego-store-upper-hills,
store-lego-store-beiguo-shijiazhuang,LEGO® Store Beiguo Shijiazhuang,乐高(北国商城店),official,,Asia,China,Shijiazhuang,石家庄市桥西区中山东路188号北国商城F4,38.04183,114.50314,0311-85260341,bam;pab,https://brickstorestamps.com/stores/store-lego-store-beiguo-shijiazhuang,
store-c-lego-store-shijiazhuang-beiguo-outlets-certified-sto,LEGO® Store Shijiazhuang Beiguo Outlets (Certified Store),北国奥特莱斯,official,,Asia,China,Shijiazhuang,石家庄市鹿泉区青龙山大道88号北国奥特莱斯F1,37.95534,114.39249,,,https://brickstorestamps.com/stores/store-c-lego-store-shijiazhuang-beiguo-outlets-certified-sto,
store-c-lego-store-shijiazhuang-letai-certified-store-shijia,LEGO® Store Shijiazhuang Letai (Certified Store),勒泰商场,official,,Asia,China,Shijiazhuang,石家庄市长安区勒泰商场1F-25A,38.04405,114.50067,,,https://brickstorestamps.com/stores/store-c-lego-store-shijiazhuang-letai-certified-store-shijia,
store-lego-store-the-mix-c-shijiazhuang,LEGO® Store The Mix C Shijiazhuang,,official,,Asia,China,Shijiazhuang,"No.108 Zhongshangxi Road, Shijiazhuang, China",38.04297,114.50884,0311-85330388,bam;pab,https://brickstorestamps.com/stores/store-lego-store-the-mix-c-shijiazhuang,
store-c-lego-store-shiyan-wushang-mall-certified-store-shiya,LEGO® Store Shiyan Wushang Mall (Certified Store),十堰武商MALL,official,,Asia,China,Shiyan,十堰市茅箭区人民北路1号,32.65471,110.78097,,,https://brickstorestamps.com/stores/store-c-lego-store-shiyan-wushang-mall-certified-store-shiya,
store-c-lego-store-suqian-powerlong-plaza-certified-store-su,LEGO® Store Suqian Powerlong Plaza (Certified Store),宿迁宝龙广场,official,,Asia,China,Suqian,宿迁市宿城区西湖路36号,33.95247,118.28294,(0527)84550527,,https://brickstorestamps.com/stores/store-c-lego-store-suqian-powerlong-plaza-certified-store-su,
store-lego-store-sip-sports-plaza,LEGO® Store SIP Sports Plaza,,official,,Asia,China,Suzhou,"L1-14-15-16B, 999 Zhongxin Ave, Suzhou, China",31.309505,120.74227,0512-67223580,bam;pab,https://brickstorestamps.com/stores/store-lego-store-sip-sports-plaza,
store-lego-store-suzhou-center,LEGO® Store Suzhou Center,乐高(苏州中心商场店),official,,Asia,China,Suzhou,"Suxiu Road,, Suzhou, China",31.318907,120.673771,0512-67225373,bam;pab,https://brickstorestamps.com/stores/store-lego-store-suzhou-center,
store-c-lego-store-suzhou-jiuguang-certified-store-suzhou,LEGO® Store Suzhou Jiuguang (Certified Store),苏州久光百货,official,,Asia,China,Suzhou,苏州市吴中区旺墩路268号,31.32148,120.71184,,,https://brickstorestamps.com/stores/store-c-lego-store-suzhou-jiuguang-certified-store-suzhou,
store-c-lego-store-suzhou-longfor-shishan-paradise-walk-cert,LEGO® Store Suzhou Longfor Shishan Paradise Walk (Certified Store),苏州龙湖狮山天街,official,,Asia,China,Suzhou,苏州市虎丘区龙湖狮山天街1F-25号,31.297,120.55291,,,https://brickstorestamps.com/stores/store-c-lego-store-suzhou-longfor-shishan-paradise-walk-cert,
store-c-lego-store-suzhou-new-district-aeon-mall-certified-s,LEGO® Store Suzhou New District Aeon Mall (Certified Store),永旺梦乐城苏州新区,official,,Asia,China,Suzhou,苏州市虎丘区城际路19号,31.37172,120.52573,,,https://brickstorestamps.com/stores/store-c-lego-store-suzhou-new-district-aeon-mall-certified-s,
store-c-lego-store-suzhou-wujiang-mixc-world-certified-store,LEGO® Store Suzhou Wujiang MixC World (Certified Store),吴江万象汇,official,,Asia,China,Suzhou,苏州市吴江区万象汇1层L135,31.13822,120.61217,(0512)63956010,,https://brickstorestamps.com/stores/store-c-lego-store-suzhou-wujiang-mixc-world-certified-store,
store-c-lego-store-suzhou-yanlord-cangjie-certified-store-su,LEGO® Store Suzhou Yanlord Cangjie (Certified Store),仁恒仓街,official,,Asia,China,Suzhou,苏州市姑苏区仓街1号仓街商业广场LG1层106号商铺,31.3143,120.6352,,,https://brickstorestamps.com/stores/store-c-lego-store-suzhou-yanlord-cangjie-certified-store-su,
store-lego-store-park-taiyuan-north-america-new-world,LEGO® Store Park Taiyuan North America New World,乐高(北美新天地时尚中心店),official,,Asia,China,Taiyuan,太原市小店区长风街116号,37.8164,112.563,,,https://brickstorestamps.com/stores/store-lego-store-park-taiyuan-north-america-new-world,
store-lego-store-park-taiyuan-times-city,LEGO® Store Park Taiyuan Times City,乐高(公元时代城店),official,,Asia,China,Taiyuan,太原市万柏林区迎泽西大街120号公元时代城1号楼,37.8569,112.5088,,,https://brickstorestamps.com/stores/store-lego-store-park-taiyuan-times-city,
store-lego-store-taiyuan-longhu-wanda-plaza,LEGO® Store Taiyuan Longhu Wanda Plaza,太原龙湖万达广场,official,,Asia,China,Taiyuan,太原市杏花岭区城坊街与解放路交汇处,37.884,112.5606,,,https://brickstorestamps.com/stores/store-lego-store-taiyuan-longhu-wanda-plaza,
store-lego-store-taiyuan-maoye-tiandi-qinxian-north-street,"LEGO® Store Taiyuan Maoye Tiandi, Qinxian North Street",乐高授权专卖店(太原茂业天地店),official,,Asia,China,Taiyuan,太原市小店区营盘街道亲贤北街茂业天地一期1层,37.8239,112.5658,,,https://brickstorestamps.com/stores/store-lego-store-taiyuan-maoye-tiandi-qinxian-north-street,
store-c-lego-store-taiyuan-mixc-certified-store-taiyuan,LEGO® Store Taiyuan MixC (Certified Store),太原万象城,official,,Asia,China,Taiyuan,太原市万柏林区长兴路万象城一层L135A号,37.80699,112.52203,,,https://brickstorestamps.com/stores/store-c-lego-store-taiyuan-mixc-certified-store-taiyuan,
store-c-lego-store-taiyuan-tongzhiren-certified-store-taiyua,LEGO® Store Taiyuan Tongzhiren (Certified Store),同至人购物中心,official,,Asia,China,Taiyuan,太原市迎泽区朝阳街39号同至人购物中心,37.85619,112.58903,,,https://brickstorestamps.com/stores/store-c-lego-store-taiyuan-tongzhiren-certified-store-taiyua,
store-c-lego-store-taizhou-hailing-wanda-plaza-certified-sto,LEGO® Store Taizhou Hailing Wanda Plaza (Certified Store),泰州海陵万达广场,official,,Asia,China,Taizhou (Jiangsu),泰州市海陵区济川东路232号万达广场F1,32.47384,119.91213,,,https://brickstorestamps.com/stores/store-c-lego-store-taizhou-hailing-wanda-plaza-certified-sto,
store-c-lego-store-taizhou-powerlong-city-certified-store-ta,LEGO® Store Taizhou Powerlong City (Certified Store),椒江宝龙城,official,,Asia,China,Taizhou (Zhejiang),台州市椒江区宝龙城1层,28.67616,121.40431,,,https://brickstorestamps.com/stores/store-c-lego-store-taizhou-powerlong-city-certified-store-ta,
store-lego-store-aegean-sea-tangshan,LEGO® Store Aegean Sea Tangshan,,official,,Asia,China,Tangshan,"127 Fengchengguomao,, Tangshan, China",39.6296,118.17387,0315-5903188,bam;pab,https://brickstorestamps.com/stores/store-lego-store-aegean-sea-tangshan,
store-lego-store-luneng-city-center-plaza,LEGO® Store Luneng City Center Plaza,,official,,Asia,China,Tianjin,"1F-09-10 Luneng City Center Pl, Tianjin, China",39.08441,117.19575,022-23351850,bam;pab,https://brickstorestamps.com/stores/store-lego-store-luneng-city-center-plaza,
store-lego-store-nankai-joy-city,LEGO® Store Nankai Joy City,,official,,Asia,China,Tianjin,"2F-A8A, 6, Nanmen Outer Street, Tianjin, China",39.135095,117.173648,022-58107671,bam;pab,https://brickstorestamps.com/stores/store-lego-store-nankai-joy-city,
store-lego-store-riverside-66,LEGO® Store Riverside 66,,official,,Asia,China,Tianjin,"F1-1012A Riverside 66,, Tianjin, China",39.126921,117.192153,022-27242855,bam;pab,https://brickstorestamps.com/stores/store-lego-store-riverside-66,
store-c-lego-store-tianjin-binhai-jinyuanbao-certified-store,LEGO® Store Tianjin Binhai Jinyuanbao (Certified Store),金元宝滨海国际购物中心,official,,Asia,China,Tianjin,天津市滨海新区黄海路19号金元宝国际购物中心3层3418,39.03206,117.68155,,,https://brickstorestamps.com/stores/store-c-lego-store-tianjin-binhai-jinyuanbao-certified-store,
store-c-lego-store-tianjin-florentia-village-certified-store,LEGO® Store Tianjin Florentia Village (Certified Store),京津佛罗伦萨小镇,official,,Asia,China,Tianjin,天津市武清区京津佛罗伦萨小镇北区93号,39.37465,117.01097,,,https://brickstorestamps.com/stores/store-c-lego-store-tianjin-florentia-village-certified-store,
store-lego-store-tianjin-henglong,LEGO® Store Tianjin Henglong,乐高(天津恒隆广场店),official,,Asia,China,Tianjin,天津市和平区张自忠路158号,39.128,117.1985,,,https://brickstorestamps.com/stores/store-lego-store-tianjin-henglong,
store-c-lego-store-tianjin-mixc-certified-store-tianjin,LEGO® Store Tianjin MixC (Certified Store),天津万象城,official,,Asia,China,Tianjin,天津市河西区乐园道9号万象城B1,39.08935,117.20643,,,https://brickstorestamps.com/stores/store-c-lego-store-tianjin-mixc-certified-store-tianjin,
store-c-lego-store-tianjin-sino-ocean-indigo-certified-store,LEGO® Store Tianjin Sino-Ocean Indigo (Certified Store),天津远洋乐堤港,official,,Asia,China,Tianjin,天津市河东区津滨大道160号天津远洋乐堤港,39.12039,117.24876,,,https://brickstorestamps.com/stores/store-c-lego-store-tianjin-sino-ocean-indigo-certified-store,
store-lego-store-tianjin-tianhecheng,LEGO® Store Tianjin Tianhecheng,天津天河城购物中心,official,,Asia,China,Tianjin,天津市和平区南京路263号,39.1276,117.2035,,,https://brickstorestamps.com/stores/store-lego-store-tianjin-tianhecheng,
store-c-lego-store-tianjin-zhongbei-aeon-mall-certified-stor,LEGO® Store Tianjin Zhongbei Aeon Mall (Certified Store),中北永旺购物中心,official,,Asia,China,Tianjin,天津市西青区阜盛道1号中北永旺购物中心一层L126-1,39.14275,117.08524,,,https://brickstorestamps.com/stores/store-c-lego-store-tianjin-zhongbei-aeon-mall-certified-stor,
store-c-lego-store-tongxiang-wuyue-plaza-certified-store-ton,LEGO® Store Tongxiang Wuyue Plaza (Certified Store),桐乡新城吾悦广场,official,,Asia,China,Tongxiang,嘉兴市桐乡市东悦路与圆明路交叉口东40米,30.62999,120.58403,,,https://brickstorestamps.com/stores/store-c-lego-store-tongxiang-wuyue-plaza-certified-store-ton,
store-c-lego-store-urumqi-friendship-mall-certified-store-ur,LEGO® Store Urumqi Friendship Mall (Certified Store),友好商场,official,,Asia,China,Urumqi,乌鲁木齐市沙依巴克区友好北路518号,43.82292,87.58701,,,https://brickstorestamps.com/stores/store-c-lego-store-urumqi-friendship-mall-certified-store-ur,
store-c-lego-store-weifang-taihua-city-certified-store-weifa,LEGO® Store Weifang Taihua City (Certified Store),泰华城新天地,official,,Asia,China,Weifang,潍坊市奎文区东风东街泰华城新天地1楼,36.71027,119.10591,,,https://brickstorestamps.com/stores/store-c-lego-store-weifang-taihua-city-certified-store-weifa,
store-c-lego-store-weihai-wego-plaza-certified-store-weihai,LEGO® Store Weihai WEGO Plaza (Certified Store),威海威高广场,official,,Asia,China,Weihai,威海市环翠区新威路17号威高购物中心,37.50366,122.11799,,,https://brickstorestamps.com/stores/store-c-lego-store-weihai-wego-plaza-certified-store-weihai,
store-c-lego-store-wenling-intime-city-certified-store-wenli,LEGO® Store Wenling Intime City (Certified Store),温岭银泰城,official,,Asia,China,Wenling,台州市温岭市中华路728号温岭银泰城1层,28.396,121.35753,,,https://brickstorestamps.com/stores/store-c-lego-store-wenling-intime-city-certified-store-wenli,
store-lego-store-mingcheng-plaza,LEGO® Store Mingcheng Plaza,,closed,2026,Asia,China,Wenzhou,"B1007, 163 Gongyuan Road, Wenzhou, China",28.01701,120.65927,0577-86001180,bam;pab,https://brickstorestamps.com/stores/store-lego-store-mingcheng-plaza,
store-lego-store-the-mix-c-wenzhou,LEGO® Store The Mix C Wenzhou,乐高(万象城店),official,,Asia,China,Wenzhou,"999 Wenrui Avenue,, Wenzhou, China",27.99639,120.69535,0577-86687200,bam;pab,https://brickstorestamps.com/stores/store-lego-store-the-mix-c-wenzhou,
store-lego-store-han-street,LEGO® Store Han Street,,official,,Asia,China,Wuhan,"J2-5-37/38A,1st St ChuheHan St, Wuhan, China",30.57889,114.29212,027-87338806,bam;pab,https://brickstorestamps.com/stores/store-lego-store-han-street,
store-lego-store-international-plaza-wuhan,LEGO® Store International Plaza,,official,,Asia,China,Wuhan,"C5-15, 688 Jiefang Boulevard,, Wuhan, China",30.57889,114.29212,027-85577906,,https://brickstorestamps.com/stores/store-lego-store-international-plaza-wuhan,
store-lego-store-jinyintan-aeon-mall-wuhan,LEGO® Store JinYinTan Aeon Mall Wuhan,,official,,Asia,China,Wuhan,"JiangJun Road,, Wuhan, China",30.652553,114.232789,13926596064,bam;pab,https://brickstorestamps.com/stores/store-lego-store-jinyintan-aeon-mall-wuhan,
store-lego-store-lingjiaohu-wanda-plaza,LEGO® Store Lingjiaohu Wanda Plaza,,official,,Asia,China,Wuhan,"5 Tangjiadun Road, Wuhan, China",30.57889,114.29212,027-85559535,bam;pab,https://brickstorestamps.com/stores/store-lego-store-lingjiaohu-wanda-plaza,
store-lego-store-tiandi-horizon-shopping-center,LEGO® Store Tiandi Horizon Shopping Center,乐高(壹方购物中心店),official,,Asia,China,Wuhan,"L2-A123 No 1515 Zhongshan St., Wuhan, China",30.611368,114.30443,027-82295585,bam;pab,https://brickstorestamps.com/stores/store-lego-store-tiandi-horizon-shopping-center,
store-c-lego-store-wuhan-intime-creative-city-certified-stor,LEGO® Store Wuhan Intime Creative City (Certified Store),银泰创意城,official,,Asia,China,Wuhan,武汉市洪山区珞喻路街道口银泰创意体验城1层3号门1F019,30.52831,114.3518,,,https://brickstorestamps.com/stores/store-c-lego-store-wuhan-intime-creative-city-certified-stor,
store-lego-store-wuhan-livat-center,LEGO® Store Wuhan Livat Center,,official,,Asia,China,Wuhan,"2 Bihu Road, Livat Center,, Wuhan, China",30.57889,114.29212,027-83895851,bam;pab,https://brickstorestamps.com/stores/store-lego-store-wuhan-livat-center,
store-c-lego-store-wuhan-mixc-certified-store-wuhan,LEGO® Store Wuhan MixC (Certified Store),武汉万象城,official,,Asia,China,Wuhan,武汉市江岸区万象城B1层,30.60159,114.27345,,,https://brickstorestamps.com/stores/store-c-lego-store-wuhan-mixc-certified-store-wuhan,
store-c-lego-store-wuhan-moore-city-certified-store-wuhan,LEGO® Store Wuhan Moore City (Certified Store),武汉摩尔城,official,,Asia,China,Wuhan,武汉市汉阳区王家湾龙阳大道特6号武汉摩尔城L1,30.56139,114.20262,,,https://brickstorestamps.com/stores/store-c-lego-store-wuhan-moore-city-certified-store-wuhan,
store-c-lego-store-wuhan-world-city-plaza-certified-store-wu,LEGO® Store Wuhan World City Plaza (Certified Store),世界城广场,official,,Asia,China,Wuhan,武汉市洪山区珞喻路766世界城广场1层,30.50862,114.39967,027-87771670,,https://brickstorestamps.com/stores/store-c-lego-store-wuhan-world-city-plaza-certified-store-wu,
store-c-lego-store-wuhan-wushang-dream-time-certified-store-,LEGO® Store Wuhan Wushang Dream Time (Certified Store),武商梦时代,official,,Asia,China,Wuhan,武汉市武昌区武珞路598号武商梦时代C区1层110/111,30.53076,114.33647,,,https://brickstorestamps.com/stores/store-c-lego-store-wuhan-wushang-dream-time-certified-store-,
store-lego-store-zhongyuan-mall,LEGO® Store Zhongyuan Mall,,official,,Asia,China,Wuhan,"Zhongyuan Mall,, Wuhan, China",30.629361,114.371666,17354437794,bam;pab,https://brickstorestamps.com/stores/store-lego-store-zhongyuan-mall,
store-lego-store-wuhu-yaohan,LEGO® Store Wuhu yaohan,乐高(芜湖八佰伴店),official,,Asia,China,Wuhu,"35-31, Zhongshan North Road,, Wuhu, China",31.34156,118.36117,0553—2931802,bam;pab,https://brickstorestamps.com/stores/store-lego-store-wuhu-yaohan,
store-lego-store-binhu-wanda-plaza,LEGO® Store Binhu Wanda Plaza,,official,,Asia,China,Wuxi,"F1-02, 35 Liangxi Road,, Wuxi, China",31.564632,120.262272,0510-85808089,bam;pab,https://brickstorestamps.com/stores/store-lego-store-binhu-wanda-plaza,
store-lego-store-livat-wuxi,LEGO® Store Livat Wuxi,荟聚(锡山),official,,Asia,China,Wuxi,"2-11-14A, 3 Middle Tuanjie Rd, Wuxi, China",31.57766,120.29528,0510-88250205,bam;pab,https://brickstorestamps.com/stores/store-lego-store-livat-wuxi,
store-lego-store-the-mix-c-wuxi,LEGO® Store The Mix C Wuxi,,official,,Asia,China,Wuxi,"99 Jinshi road, Wuxi, Wuxi, China",31.57766,120.29528,0510-85858089,bam;pab,https://brickstorestamps.com/stores/store-lego-store-the-mix-c-wuxi,
store-c-lego-store-wuxi-binhu-mixc-world-certified-store-wux,LEGO® Store Wuxi Binhu MixC World (Certified Store),无锡滨湖万象汇,official,,Asia,China,Wuxi,无锡市滨湖区太湖大道1688号无锡滨湖万象汇,31.54364,120.25637,,,https://brickstorestamps.com/stores/store-c-lego-store-wuxi-binhu-mixc-world-certified-store-wux,
store-c-lego-store-wuxi-binhu-sam-s-club-certified-store-wux,LEGO® Store Wuxi Binhu Sam's Club (Certified Store),无锡滨湖山姆,official,,Asia,China,Wuxi,无锡市滨湖区观山路196号山姆会员商店无锡经开店,31.49624,120.31542,,,https://brickstorestamps.com/stores/store-c-lego-store-wuxi-binhu-sam-s-club-certified-store-wux,
store-c-lego-store-wuxi-coastal-city-certified-store-wuxi,LEGO® Store Wuxi Coastal City (Certified Store),无锡海岸城,official,,Asia,China,Wuxi,无锡市滨湖区立信大道168号海岸城购物中心,31.49058,120.2982,,,https://brickstorestamps.com/stores/store-c-lego-store-wuxi-coastal-city-certified-store-wuxi,
store-c-lego-store-wuxi-xidong-yaohan-certified-store-wuxi,LEGO® Store Wuxi Xidong Yaohan (Certified Store),锡东八佰伴,official,,Asia,China,Wuxi,无锡市锡山区锡沪路东亭西段1号八佰伴L1022,31.58637,120.34424,,,https://brickstorestamps.com/stores/store-c-lego-store-wuxi-xidong-yaohan-certified-store-wuxi,
store-lego-beacon-store-saga-shopping-center,LEGO® Beacon Store Saga Shopping Center,乐高(赛格店),official,,Asia,China,Xi'an,"Saga Shopping Center, Xi'an, China",34.22473,108.94302,,,https://brickstorestamps.com/stores/store-lego-beacon-store-saga-shopping-center,
store-lego-store-cityon-wangfujing,LEGO® Store CityOn Wangfujing,,official,,Asia,China,Xi'an,"NO.178, Fengcheng 7th Road, Xian, China",34.339361,108.941526,18092403257,bam;pab,https://brickstorestamps.com/stores/store-lego-store-cityon-wangfujing,
store-lego-store-g-park-xi-an,LEGO® Store G Park Xi'an,,official,,Asia,China,Xi'an,"GPARK Mall,No.22,Xinghuo Road, Xi'an, China",34.28645,108.91605,17792026921,bam;pab,https://brickstorestamps.com/stores/store-lego-store-g-park-xi-an,
store-lego-store-joycity-xi-an,LEGO® Store JOYCITY XI'AN,西安大悦城,official,,Asia,China,Xi'an,"No.66 Ci’en West Road, XI'AN, China",34.221873,108.956449,2985720118,bam;pab,https://brickstorestamps.com/stores/store-lego-store-joycity-xi-an,
store-lego-store-nanmen-wangfujing,LEGO® Store Nanmen Wangfujing,,official,,Asia,China,Xi'an,"188 North Changan Road,, Xi'an, China",34.261,108.94234,15829797414,bam;pab,https://brickstorestamps.com/stores/store-lego-store-nanmen-wangfujing,
store-c-lego-store-xi-an-century-ginwa-new-block-certified-s,LEGO® Store Xi'an Century Ginwa New Block (Certified Store),西安世纪金花New Block,official,,Asia,China,Xi'an,西安市未央区未央路150号(西安世纪金花New Block),34.33023,108.94218,,,https://brickstorestamps.com/stores/store-c-lego-store-xi-an-century-ginwa-new-block-certified-s,
store-c-lego-store-xi-an-darongcheng-certified-store-xi-an,LEGO® Store Xi'an Darongcheng (Certified Store),大融城,official,,Asia,China,Xi'an,西安市未央区凤城七路51号大融城1F,34.33958,108.94347,,,https://brickstorestamps.com/stores/store-c-lego-store-xi-an-darongcheng-certified-store-xi-an,
store-c-lego-store-xi-an-gaoxin-wanda-one-certified-store-xi,LEGO® Store Xi'an Gaoxin Wanda One (Certified Store),西安高新万达ONE,official,,Asia,China,Xi'an,西安市雁塔区木塔寨西路719号西安高新万达广场1066B,34.20993,108.88789,,,https://brickstorestamps.com/stores/store-c-lego-store-xi-an-gaoxin-wanda-one-certified-store-xi,
store-c-lego-store-xi-an-lehui-center-certified-store-xi-an,LEGO® Store Xi'an Lehui Center (Certified Store),乐荟中心,official,,Asia,China,Xi'an,西安市雁塔区乐荟中心1层,34.18652,108.93491,,,https://brickstorestamps.com/stores/store-c-lego-store-xi-an-lehui-center-certified-store-xi-an,
store-c-lego-store-xi-an-livat-certified-store-xi-an,LEGO® Store Xi'an Livat (Certified Store),西安荟聚购物中心,official,,Asia,China,Xi'an,西安市雁塔区西安荟聚购物中心1层,34.17479,108.89598,,,https://brickstorestamps.com/stores/store-c-lego-store-xi-an-livat-certified-store-xi-an,
store-c-lego-store-xi-an-longfor-xiangti-paradise-walk-certi,LEGO® Store Xi'an Longfor Xiangti Paradise Walk (Certified Store),龙湖西安香醍天街,official,,Asia,China,Xi'an,西安市灞桥区龙湖西安香醍天街1层,34.26307,109.03216,029-19992872792,,https://brickstorestamps.com/stores/store-c-lego-store-xi-an-longfor-xiangti-paradise-walk-certi,
store-c-lego-store-xi-an-momopark-certified-store-xi-an,LEGO® Store Xi'an MOMOPARK (Certified Store),MOMOPARK,official,,Asia,China,Xi'an,西安市雁塔区小寨西路232号MOMOPARK1楼,34.22386,108.92791,,,https://brickstorestamps.com/stores/store-c-lego-store-xi-an-momopark-certified-store-xi-an,
store-c-lego-store-xi-an-qujiang-creative-valley-certified-s,LEGO® Store Xi'an Qujiang Creative Valley (Certified Store),西安创意谷,official,,Asia,China,Xi'an,西安市雁塔区雁翔路3369号曲江创意谷LG-38,34.21513,109.0075,,,https://brickstorestamps.com/stores/store-c-lego-store-xi-an-qujiang-creative-valley-certified-s,
store-lego-store-yitian-holiday-galaxy,LEGO® Store Yitian Holiday Galaxy,乐高授权专卖店(西安益田假日世界购物中心店),official,,Asia,China,Xi'an,"Yitian Mall, #166,Changle W Rd, Xi'an, China",34.2704,108.96876,17792026910,bam;pab,https://brickstorestamps.com/stores/store-lego-store-yitian-holiday-galaxy,
store-lego-store-zhongda-international-shopping-mall,LEGO® Store Zhongda International Shopping mall,,official,,Asia,China,Xi'an,"No.72, Gaoxin Rd, Yanta Distr, Xi'an, China",34.223286,108.89288,17392493447,bam;pab,https://brickstorestamps.com/stores/store-lego-store-zhongda-international-shopping-mall,
store-lego-store-international-plaza,LEGO® Store International Plaza,,official,,Asia,China,Xiamen,,24.48011,118.08535,,bam;pab,https://brickstorestamps.com/stores/store-lego-store-international-plaza,
store-lego-store-the-mix-c-xiamen,LEGO® Store The Mix C Xiamen,,official,,Asia,China,Xiamen,"99, Hubin East Road, Xiamen, China",24.476288,118.106232,5520359,bam;pab,https://brickstorestamps.com/stores/store-lego-store-the-mix-c-xiamen,
store-lego-store-xiamen-baolong-one-city,LEGO® Store Xiamen Baolong One City,乐高(厦门宝龙一城店),official,,Asia,China,Xiamen,厦门市思明区金山路1号,24.486,118.1736,,,https://brickstorestamps.com/stores/store-lego-store-xiamen-baolong-one-city,
store-c-lego-store-xiamen-c-d-wanyue-city-certified-store-xi,LEGO® Store Xiamen C&D Wanyue City (Certified Store),建发湾悦城,official,,Asia,China,Xiamen,厦门市湖里区日圆二里1号建发湾悦城F1,24.51828,118.15679,,,https://brickstorestamps.com/stores/store-c-lego-store-xiamen-c-d-wanyue-city-certified-store-xi,
store-c-lego-store-xiangyang-wushang-mall-certified-store-xi,LEGO® Store Xiangyang Wushang Mall (Certified Store),襄阳武商MALL,official,,Asia,China,Xiangyang,襄阳市樊城区长虹路13号襄阳武商MALLF1,32.04043,112.13016,,,https://brickstorestamps.com/stores/store-c-lego-store-xiangyang-wushang-mall-certified-store-xi,
store-c-lego-store-xingtai-comma-cube-park-certified-store-x,LEGO® Store Xingtai Comma Cube Park (Certified Store),逗号立方购物公园,official,,Asia,China,Xingtai,邢台市信都区中兴西大街逗号立方购物公园3层,37.06173,114.47234,,,https://brickstorestamps.com/stores/store-c-lego-store-xingtai-comma-cube-park-certified-store-x,
store-c-lego-store-xining-chengdong-wuyue-plaza-certified-st,LEGO® Store Xining Chengdong Wuyue Plaza (Certified Store),西宁城东吾悦广场,official,,Asia,China,Xining,西宁市城东区八一东路177号西宁城东吾悦广场1层1051号铺,36.58462,101.83625,,,https://brickstorestamps.com/stores/store-c-lego-store-xining-chengdong-wuyue-plaza-certified-st,
store-c-lego-store-xining-wangfujing-elephant-city-certified,LEGO® Store Xining Wangfujing Elephant City (Certified Store),王府井大象城,official,,Asia,China,Xining,西宁市城西区五四西路68号王府井大象城LG层,36.64607,101.7193,,,https://brickstorestamps.com/stores/store-c-lego-store-xining-wangfujing-elephant-city-certified,
store-c-lego-store-xinxiang-powerlong-plaza-certified-store-,LEGO® Store Xinxiang Powerlong Plaza (Certified Store),新乡宝龙广场,official,,Asia,China,Xinxiang,新乡市红旗区新乡宝龙广场1层,35.29577,113.91525,,,https://brickstorestamps.com/stores/store-c-lego-store-xinxiang-powerlong-plaza-certified-store-,
store-c-lego-store-xinyang-xiya-hemei-plaza-certified-store-,LEGO® Store Xinyang Xiya Hemei Plaza (Certified Store),西亚和美广场,official,,Asia,China,Xinyang,信阳市浉河区东方红大道188号西亚和美广场F4层,32.12446,114.06268,,,https://brickstorestamps.com/stores/store-c-lego-store-xinyang-xiya-hemei-plaza-certified-store-,
store-lego-store-pangdonglai-angel-city-xuchang,LEGO® Store Pangdonglai Angel City Xuchang,乐高(胖东来天使城店),official,,Asia,China,Xuchang,许昌市魏都区建安大道与三里桥街交叉口西北180米,34.0361,113.8464,,,https://brickstorestamps.com/stores/store-lego-store-pangdonglai-angel-city-xuchang,
store-lego-store-suning-plaza,LEGO® Store Suning Plaza,徐州苏宁广场,official,,Asia,China,Xuzhou,"29 Huaihai East Road,, Xuzhou, China",34.26517,117.19171,0516-83715070,bam;pab,https://brickstorestamps.com/stores/store-lego-store-suning-plaza,
store-lego-store-golden-eagle-julonghu,LEGO® Store Golden Eagle Julonghu,,official,,Asia,China,Yancheng,"268 Jiefang Nan Lu, Yancheng, China",33.34956,120.1577,0515-88820515,bam;pab,https://brickstorestamps.com/stores/store-lego-store-golden-eagle-julonghu,
store-c-lego-store-yancheng-binhai-aubolia-plaza-certified-s,LEGO® Store Yancheng Binhai Aubolia Plaza (Certified Store),欧堡利亚海悦城,official,,Asia,China,Yancheng,盐城市滨海县东坎镇欧堡利亚路1号欧堡利亚商业广场F3,33.99346,119.81388,,,https://brickstorestamps.com/stores/store-c-lego-store-yancheng-binhai-aubolia-plaza-certified-s,
store-c-lego-store-yancheng-dayoujing-certified-store-yanche,LEGO® Store Yancheng Dayoujing (Certified Store),中南盐城大有境,official,,Asia,China,Yancheng,盐城市盐都区新都街道解放南路278号中南盐城大有境1层L1028A号商铺,33.32321,120.17528,,,https://brickstorestamps.com/stores/store-c-lego-store-yancheng-dayoujing-certified-store-yanche,
store-lego-store-mix-c-yangzhou,LEGO® Store Mix C Yangzhou,,official,,Asia,China,Yangzhou,"600 Wenchang Middle Road, Yangzhou, China",32.39698,119.42093,0514-82181667,bam;pab,https://brickstorestamps.com/stores/store-lego-store-mix-c-yangzhou,
store-c-lego-store-yangzhou-jinghua-city-certified-store-yan,LEGO® Store Yangzhou Jinghua City (Certified Store),扬州京华城,official,,Asia,China,Yangzhou,扬州市邗江区京华城路168号京华城1楼,32.38618,119.36917,,,https://brickstorestamps.com/stores/store-c-lego-store-yangzhou-jinghua-city-certified-store-yan,
store-lego-store-joycity-yantai,LEGO® Store Joycity Yantai,,official,,Asia,China,Yantai,"38, Joy City, No.150 Beima Rd, Yantai, China",37.46193,121.44253,0535-6610855,bam;pab,https://brickstorestamps.com/stores/store-lego-store-joycity-yantai,
store-c-lego-store-yantai-mixc-world-certified-store-yantai,LEGO® Store Yantai MixC World (Certified Store),烟台万象汇,official,,Asia,China,Yantai,烟台市莱山区观海路228号烟台万象汇1楼,37.47025,121.44561,,,https://brickstorestamps.com/stores/store-c-lego-store-yantai-mixc-world-certified-store-yantai,
store-lego-store-wanda-yichang,LEGO® Store Wanda YiChang,,official,,Asia,China,Yichang,"YanJiang Avenue,, YiChang, China",30.70454,111.29085,0717-6274899,bam;pab,https://brickstorestamps.com/stores/store-lego-store-wanda-yichang,
store-c-lego-store-yinchuan-wangfujing-outlets-certified-sto,LEGO® Store Yinchuan Wangfujing Outlets (Certified Store),王府井奥莱(阅彩城),official,,Asia,China,Yinchuan,银川市金凤区正源北街277号王府井奥莱F1,38.51408,106.25214,,,https://brickstorestamps.com/stores/store-c-lego-store-yinchuan-wangfujing-outlets-certified-sto,
store-c-lego-store-yiwu-heart-mall-certified-store-yiwu,LEGO® Store Yiwu Heart Mall (Certified Store),义乌之心,official,,Asia,China,Yiwu,金华市义乌市稠城街道之心一楼L店铺,29.31265,120.06918,,,https://brickstorestamps.com/stores/store-c-lego-store-yiwu-heart-mall-certified-store-yiwu,
store-c-lego-store-yixing-yaohan-certified-store-yixing,LEGO® Store Yixing Yaohan (Certified Store),宜兴八佰伴购物中心,official,,Asia,China,Yixing,无锡市宜兴市解放东路288号宜兴八佰伴购物中心3F层,31.3604,119.83813,,,https://brickstorestamps.com/stores/store-c-lego-store-yixing-yaohan-certified-store-yixing,
store-c-lego-store-yuncheng-wanda-plaza-certified-store-yunc,LEGO® Store Yuncheng Wanda Plaza (Certified Store),运城万达广场,official,,Asia,China,Yuncheng,运城市盐湖区禹西路与铺安街交汇正南方向10米,35.04331,111.02409,,,https://brickstorestamps.com/stores/store-c-lego-store-yuncheng-wanda-plaza-certified-store-yunc,
store-c-lego-store-yuxi-wanda-plaza-certified-store-yuxi,LEGO® Store Yuxi Wanda Plaza (Certified Store),玉溪万达广场,official,,Asia,China,Yuxi,玉溪市红塔区玉溪万达广场1层,24.35614,102.5447,18087709610,,https://brickstorestamps.com/stores/store-c-lego-store-yuxi-wanda-plaza-certified-store-yuxi,
store-lego-store-colorful-city,LEGO® Store Colorful City,乐高(余姚五彩城店),official,,Asia,China,Yuyao,"L133,888 Chengdong Road, Yuyao, China",30.04031,121.15009,0574-62077277,,https://brickstorestamps.com/stores/store-lego-store-colorful-city,
store-c-lego-store-zhangjiagang-manbate-plaza-certified-stor,LEGO® Store Zhangjiagang Manbate Plaza (Certified Store),张家港曼巴特购物广场,official,,Asia,China,Zhangjiagang,苏州市张家港市曼巴特购物广场,31.8631,120.54112,,,https://brickstorestamps.com/stores/store-c-lego-store-zhangjiagang-manbate-plaza-certified-stor,
store-c-lego-store-zhanjiang-dingsheng-plaza-certified-store,LEGO® Store Zhanjiang Dingsheng Plaza (Certified Store),湛江鼎盛广场,official,,Asia,China,Zhanjiang,湛江市霞山区新园街道人民大道南116号,21.21337,110.39811,,,https://brickstorestamps.com/stores/store-c-lego-store-zhanjiang-dingsheng-plaza-certified-store,
store-lego-store-cityon-wangfujing-2,LEGO® Store CityOn Wangfujing,,official,,Asia,China,Zhengzhou,"Dikun Street/Dide Street, Zhengzhou, China",34.785003,113.712167,0371-61657977,bam;pab,https://brickstorestamps.com/stores/store-lego-store-cityon-wangfujing-2,
store-lego-store-david-plaza,LEGO® Store David Plaza,,official,,Asia,China,Zhengzhou,"BF-37 David Plaza, Taikang Rd, Zhengzhou, China",34.74725,113.61932,0371-63323667,bam;pab,https://brickstorestamps.com/stores/store-lego-store-david-plaza,
store-lego-store-grand-emporium,LEGO® Store Grand Emporium,,official,,Asia,China,Zhengzhou,"L215, Huayuan Rd / Dongfeng Rd, Zhengzhou, China",34.74725,113.61932,0371-66675305,bam;pab,https://brickstorestamps.com/stores/store-lego-store-grand-emporium,
store-lego-store-yoyo-park,LEGO® Store YOYO PARK,,official,,Asia,China,Zhengzhou,"A1F-08/09,Guoji Rd/Fengqing Rd, Zhengzhou, China",34.74725,113.61932,0371-61285698,bam;pab,https://brickstorestamps.com/stores/store-lego-store-yoyo-park,
store-c-lego-store-zhengzhou-greenland-360-plaza-certified-s,LEGO® Store Zhengzhou Greenland 360 Plaza (Certified Store),绿地新都会360,official,,Asia,China,Zhengzhou,郑州市金水区金水东路80-5号正南方向30米,34.77058,113.76068,(0371)80961287,,https://brickstorestamps.com/stores/store-c-lego-store-zhengzhou-greenland-360-plaza-certified-s,
store-lego-store-zhengzhou-zhengdong-mixc,LEGO® Store Zhengzhou Zhengdong MixC,郑州郑东万象城,official,,Asia,China,Zhengzhou,郑州市金水区金水东路辅路与才高街交叉口,34.7651,113.7638,,,https://brickstorestamps.com/stores/store-lego-store-zhengzhou-zhengdong-mixc,
store-c-lego-store-zhengzhou-zhenghong-city-certified-store-,LEGO® Store Zhengzhou Zhenghong City (Certified Store),正弘城,official,,Asia,China,Zhengzhou,郑州市金水区正弘城3层,34.79751,113.67481,,,https://brickstorestamps.com/stores/store-c-lego-store-zhengzhou-zhenghong-city-certified-store-,
store-c-lego-store-zhengzhou-zhenghong-hui-certified-store-z,LEGO® Store Zhengzhou Zhenghong Hui (Certified Store),正弘汇,official,,Asia,China,Zhengzhou,郑州市中原区正弘汇2层L222,34.80994,113.56128,(0371)55522260,,https://brickstorestamps.com/stores/store-c-lego-store-zhengzhou-zhenghong-hui-certified-store-z,
store-c-lego-store-zhenjiang-yaohan-certified-store-zhenjian,LEGO® Store Zhenjiang Yaohan (Certified Store),镇江八佰伴,official,,Asia,China,Zhenjiang,镇江市京口区中山东路288号,32.20684,119.44327,,,https://brickstorestamps.com/stores/store-c-lego-store-zhenjiang-yaohan-certified-store-zhenjian,
store-c-lego-store-zhongshan-huafa-mall-certified-store-zhon,LEGO® Store Zhongshan Huafa Mall (Certified Store),中山华发商都,official,,Asia,China,Zhongshan,中山市石岐街道范围内,22.51674,113.36209,,,https://brickstorestamps.com/stores/store-c-lego-store-zhongshan-huafa-mall-certified-store-zhon,
store-c-lego-store-zhongshan-mixc-world-certified-store-zhon,LEGO® Store Zhongshan MixC World (Certified Store),中山万象汇,official,,Asia,China,Zhongshan,中山市石岐万象汇G59号,22.52302,113.3818,(0760)88809846,,https://brickstorestamps.com/stores/store-c-lego-store-zhongshan-mixc-world-certified-store-zhon,
store-c-lego-store-zhoukou-wanshunda-certified-store-zhoukou,LEGO® Store Zhoukou Wanshunda (Certified Store),周口万顺达百货,official,,Asia,China,Zhoukou,周口市川汇区界牌街万顺达百货,33.61922,114.64318,,,https://brickstorestamps.com/stores/store-c-lego-store-zhoukou-wanshunda-certified-store-zhoukou,
store-lego-store-fuhuali-midtown,LEGO® Store Fuhuali Midtown,,official,,Asia,China,Zhuhai,"2023-2035 West Jiuzhou Avenue,, Zhuhai, China",22.23745,113.53613,0756-8616525,bam;pab,https://brickstorestamps.com/stores/store-lego-store-fuhuali-midtown,
store-lego-store-zhuhai-haufa-shangdu-lego,LEGO® Store Zhuhai Haufa Shangdu,LEGO乐高授权专卖店(华发商都店),official,,Asia,China,Zhuhai,珠海市香洲区大道华发商都B馆一层B1007A号,22.2246,113.5114,,,https://brickstorestamps.com/stores/store-lego-store-zhuhai-haufa-shangdu-lego,
store-c-lego-store-zibo-mixc-certified-store-zibo,LEGO® Store Zibo MixC (Certified Store),淄博万象汇,official,,Asia,China,Zibo,淄博市张店区万象汇1楼,36.80137,118.05501,0533-2836639,,https://brickstorestamps.com/stores/store-c-lego-store-zibo-mixc-certified-store-zibo,
store-lego-store-viva-barranquilla,LEGO® Store Viva Barranquilla,,official,,South America,Colombia,Barranquilla,"Cra 51B #87-50, local 205. Barranquilla, Atlántico, Colombia, Barranquilla 080015, Colombia",11.00881,-74.82042,+57 5 385 9830,bam;pab,https://brickstorestamps.com/stores/store-lego-store-viva-barranquilla,
store-lego-store-andino,LEGO® Store Andino,,official,,South America,Colombia,Bogotá,"CC. Andino. Carrera 11 #82-71, Bogotá 1100111, Colombia",4.666863,-74.053124,+57 1 611 3266,bam;pab,https://brickstorestamps.com/stores/store-lego-store-andino,
store-lego-store-santafe-bogota,LEGO® Store Santafe Bogota,,official,,South America,Colombia,Bogotá,"CC. Santafé. Calle 185 #45-03, Bogotá 111166, Colombia",4.763831,-74.045529,+57 1 605 0872,bam;pab,https://brickstorestamps.com/stores/store-lego-store-santafe-bogota,
store-lego-store-titan,LEGO® Store Titan,,official,,South America,Colombia,Bogotá,"Ac 80 #80-94, Bogotá, Colombia, Bogotá 111011, Colombia",4.594799,-74.086517,+57 1 609 2967,bam;pab,https://brickstorestamps.com/stores/store-lego-store-titan,
store-lego-store-unicentro-bogota,LEGO® Store Unicentro Bogota,,official,,South America,Colombia,Bogotá,"CC. Unicentro. Ak. 15 #124-30, Bogotá 111011, Colombia",4.70241,-74.04199,+57 300 447 5142,bam;pab,https://brickstorestamps.com/stores/store-lego-store-unicentro-bogota,
store-lego-store-jardin-plaza,LEGO® Store Jardín Plaza,,official,,South America,Colombia,Cali,"CC. Jardín Plaza. Carrera 98 #16-200, Cali 760031, Colombia",3.368664,-76.527203,+57 2 318 7488,bam;pab,https://brickstorestamps.com/stores/store-lego-store-jardin-plaza,
store-lego-store-viva-envigado,LEGO® Store Viva Envigado,,official,,South America,Colombia,Envigado,"CC Viva. Carrera 48 #32B sur -139 local 126 piso 1, Envigado, Colombia",6.178465,-75.591237,+57 4 321 7153,bam;pab,https://brickstorestamps.com/stores/store-lego-store-viva-envigado,
store-lego-store-el-tesoro,LEGO® Store El Tesoro,,official,,South America,Colombia,Medellín,"CC El Tesoro. Carrera 25A #1A Sur 45, Medellín 050022, Colombia",6.199368,-75.574504,+57 4 321 7153,bam;pab,https://brickstorestamps.com/stores/store-lego-store-el-tesoro,
store-lego-store-escazu,LEGO® Store Escazu,,official,,Central America,Costa Rica,Escazú,"CC. Avenida Escazu, Autopista Próspero Fernández, costado este del Hospital CIMA en Escazú, San José 10203, Costa Rica",9.939114,-84.142929,+506 2243 0253,bam;pab,https://brickstorestamps.com/stores/store-lego-store-escazu,
store-lego-store-oxigeno,LEGO® Store Oxigeno,,official,,Central America,Costa Rica,Heredia,"CC. Oxígeno, 40103, San Francisco de Heredia 40103, Costa Rica",9.999808,-84.119841,+506 2243 0254,bam;pab,https://brickstorestamps.com/stores/store-lego-store-oxigeno,
store-lego-store-lincoln,LEGO® Store Lincoln,,official,,Central America,Costa Rica,San José,"Lincoln Plaza, San Vicente M., 11401, Costa Rica",9.964729,-84.056326,+506 2243 0256,bam;pab,https://brickstorestamps.com/stores/store-lego-store-lincoln,
store-lego-store-zagreb,LEGO® Store Zagreb,,official,,Europe,Croatia,Zagreb,"Ulica Vice Vukova 6, Arena Centar 1st floor, Zagreb 10020, Croatia",45.7698696,15.9359575,+385 95 151 1000,bam;pab,https://brickstorestamps.com/stores/store-lego-store-zagreb,
store-lego-store-prauge-opening-soon,LEGO® Store Praha,,official,,Europe,Czechia,Prague,"Na Příkopě 25, Praha 1, Praha 11000, Czechia",50.08747,14.42125,,bam;pab,https://brickstorestamps.com/stores/store-lego-store-prauge-opening-soon,
store-lego-store-praha-chodov,LEGO® Store Praha Chodov,,official,,Europe,Czechia,Prague,"Roztylská 2321/19<br/>Westfield Chodov, Praha 11 148 00, Czechia",50.0306,14.4906,+42 0226400286,bam;pab,https://brickstorestamps.com/stores/store-lego-store-praha-chodov,
store-lego-campus-billund,LEGO Campus Billund,,official,,Europe,Denmark,Billund,,55.7247,9.11958,,,https://brickstorestamps.com/stores/store-lego-campus-billund,
store-lego-shop-hotel-legoland-hotel-shop,LEGO Shop Hotel LEGOLAND (Hotel-Shop),,official,,Europe,Denmark,Billund,"Hotel LEGOLAND, LEGOLAND Billund Resort, Nordmarksvej 9, Billund 7190, Denmark",55.7247,9.11958,,,https://brickstorestamps.com/stores/store-lego-shop-hotel-legoland-hotel-shop,
store-lego-shop-legoland-woodland-village,LEGO Shop LEGOLAND Woodland Village,,official,,Europe,Denmark,Billund,"LEGOLAND Holiday Village, Woodland Village, Ellehammers Alle, Billund 7190, Denmark",55.7247,9.11958,,,https://brickstorestamps.com/stores/store-lego-shop-legoland-woodland-village,
store-lego-store-billund-airport,LEGO Store Billund Airport,,official,,Europe,Denmark,Billund,"Passagerterminalen 10, Billund 7190, Denmark",55.7247,9.11958,,,https://brickstorestamps.com/stores/store-lego-store-billund-airport,
store-lego-house-billund,LEGO® House Billund,,official,,Europe,Denmark,Billund,"Ole Kirks Plads 1, Billund 7190, Denmark",55.731113,9.11479,+45 82 82 04 00,bam;minifigure_factory;mosaic_maker;pab,https://brickstorestamps.com/stores/store-lego-house-billund,
store-lego-store-legoland-billund-resort,LEGO® Store LEGOLAND® Billund Resort,,official,,Europe,Denmark,Billund,"Nordmarksvej 9, Billund 7190, Denmark",55.7247,9.11958,+4579501717,bam;mosaic_maker;pab,https://brickstorestamps.com/stores/store-lego-store-legoland-billund-resort,
store-lego-store-copenhagen-airport-t2,LEGO Store Copenhagen Airport T2,,official,,Europe,Denmark,Copenhagen,,55.68672,12.57007,,,https://brickstorestamps.com/stores/store-lego-store-copenhagen-airport-t2,
store-lego-store-copenhagen-airport-t3,LEGO Store Copenhagen Airport T3,,official,,Europe,Denmark,Copenhagen,,55.68672,12.57007,,,https://brickstorestamps.com/stores/store-lego-store-copenhagen-airport-t3,
store-lego-store-k-benhavn,LEGO® Store København,,official,,Europe,Denmark,Copenhagen,"Vimmelskaftet 37, København 1161, Denmark",55.67857,12.57589,+45 32755542,bam;pab,https://brickstorestamps.com/stores/store-lego-store-k-benhavn,
store-lego-store-tivoli-gardens,LEGO® Store Tivoli Gardens,,official,,Europe,Denmark,Copenhagen,"Vesterbrogade 3, København 1630, Denmark",55.67373614,12.56856978,+45 32755538,bam;minifigure_factory;pab,https://brickstorestamps.com/stores/store-lego-store-tivoli-gardens,
store-lego-store-annecy,LEGO® Store Annecy,,official,,Europe,France,Annecy,"Centre Commercial Courrier - 65 rue Carnot., Annecy 74000, France",45.90405,6.12334,+33 4 26 89 98 15,,https://brickstorestamps.com/stores/store-lego-store-annecy,
store-lego-biarritz,LEGO® Biarritz,,official,,Europe,France,Biarritz,"Av. Jean Léon Laporte, 64600 Anglet, Francia, Anglet 64600, France",43.48325,-1.55928,+33 188380772,bam;pab,https://brickstorestamps.com/stores/store-lego-biarritz,
store-lego-store-bordeaux-sainte-catherine,LEGO® Store Bordeaux Sainte-Catherine,,official,,Europe,France,Bordeaux,"Promenade Sainte Catherine - Rue Guiraude, Bordeaux 33000, France",44.839557,-0.574975,+33 537180053,bam;pab,https://brickstorestamps.com/stores/store-lego-store-bordeaux-sainte-catherine,
store-lego-store-cergy,LEGO® Store Cergy,,official,,Europe,France,Cergy,"LES 3 FONTAINES, RUE DE LA CROIX DES MAHEUX, Cergy 95000, France",49.03816333,2.08127981,+33 172 18 03 72,bam;pab,https://brickstorestamps.com/stores/store-lego-store-cergy,
store-lego-store-clermont-ferrand,LEGO® Store Clermont-Ferrand,,official,,Europe,France,Clermont-Ferrand,"Centre Commercial Carré Jaude - 2 rue Giscard de la tour fondue, Clermont-Ferrand 63000, France",45.77746,3.08194,+33 451640213,bam;pab,https://brickstorestamps.com/stores/store-lego-store-clermont-ferrand,
store-lego-store-creteil,LEGO® Store Créteil,,official,,Europe,France,Créteil,"Créteil Soleil - Avenue de la France Libre, Créteil 94000, France",48.779614,2.45605,(+33) 01 76 46 11 16,bam;pab,https://brickstorestamps.com/stores/store-lego-store-creteil,
store-lego-store-dijon,LEGO® Store Dijon,,official,,Europe,France,Dijon,"Centre Commercial La Toison d'Or, Route de Langres, Dijon 21000, France",47.357222,5.050917,+33 3 73 62 01 15,bam;pab,https://brickstorestamps.com/stores/store-lego-store-dijon,
store-lego-store-grenoble,LEGO® Store Grenoble,,official,,Europe,France,Grenoble,"55 Grand Place, Grenoble 38100, France",45.15729,5.73219,+33 48 02 80 217,bam;pab,https://brickstorestamps.com/stores/store-lego-store-grenoble,
store-lego-store-le-havre,LEGO® Store Le Havre,,official,,Europe,France,Le Havre,"70 Quai Frissard, Le Havre 76600, France",49.49021949803988,0.12966988303149035,+33 2 78 92 01 06,bam;pab,https://brickstorestamps.com/stores/store-lego-store-le-havre,
store-lego-store-lens,LEGO® Store Lens,,official,,Europe,France,Lens,"Centre commercial Aushopping Noyelles, Avenue de la République, Lens 62950, France",50.42917,2.83198,+33 03 10 04 82 05,bam;pab,https://brickstorestamps.com/stores/store-lego-store-lens,
store-lego-store-carre-senart,LEGO® Store Carré Sénart,,official,,Europe,France,Lieusaint,"3 All. du Préambule, Lieusaint, Francia, Paris 77127, France",48.63166,2.55148,,bam;pab,https://brickstorestamps.com/stores/store-lego-store-carre-senart,
store-lego-store-lille,LEGO® Store Lille,,official,,Europe,France,Lille,"Centre Commercial Euralille - 100 Avenue Willy Brandt, Lille 59800, France",50.63802487,3.073570727,+33375940120,bam;pab,https://brickstorestamps.com/stores/store-lego-store-lille,
store-lego-store-lyon-airport,LEGO Store Lyon Airport,,official,,Europe,France,Lyon,"Aéroport Lyon Saint-Exupéry, Terminal 1, nach der Sicherheitskontrolle, Colombier-Saugnieu 69125, France",45.75781,4.83201,,,https://brickstorestamps.com/stores/store-lego-store-lyon-airport,
store-lego-store-lyon-la-part-dieu,LEGO® Store Lyon La Part-Dieu,,official,,Europe,France,Lyon,"Centre commercial La Part Dieu - 17 Rue du Docteur Bouchut, Lyon 69003, France",45.76232,4.85587,+33 451640226,bam;pab,https://brickstorestamps.com/stores/store-lego-store-lyon-la-part-dieu,
store-lego-store-at-disneyland-paris,LEGO® Store at Disneyland® Paris,,official,,Europe,France,Marne-la-Vallée,"Euro Disneyland Paris - Disney Village - 34 Route Nationale, Chessy 77700, France",48.869142,2.784876,+33 451 640 218,bam;minifigure_factory;mosaic_maker;pab,https://brickstorestamps.com/stores/store-lego-store-at-disneyland-paris,
store-lego-store-marseille,LEGO® Store Marseille,,official,,Europe,France,Marseille,"Centre Commercial Les Terrasses du Port - 9 Quai du Lazaret, Marseille 13002, France",43.306746,5.364202,+33 159020498,bam;pab,https://brickstorestamps.com/stores/store-lego-store-marseille,
store-lego-store-metz,LEGO® Store Metz,,official,,Europe,France,Metz,"Centre commercial MUSE, 2 Rue des Messageries, 57000 Metz, Metz 57000, France",49.1197,6.17636,+33 1 89 54 71 16,bam;pab,https://brickstorestamps.com/stores/store-lego-store-metz,
store-lego-certified-store-montpellier,LEGO Certified Store Montpellier,,official,,Europe,France,Montpellier,"Centre commercial Polygone, Montpellier 34000, France",43.61124,3.87673,,,https://brickstorestamps.com/stores/store-lego-certified-store-montpellier,
store-lego-store-nancy,LEGO® Store Nancy,,official,,Europe,France,Nancy,"7 Rue S. Georges, Nancy, France",48.69372,6.18341,+33 356620214,bam;pab,https://brickstorestamps.com/stores/store-lego-store-nancy,
store-lego-store-nantes,LEGO® Store Nantes,,official,,Europe,France,Nantes,"BOULEVARD SALVADOR ALLENDE, SAINT-HERBLAIN 44800, France",47.219472,-1.622926,+33 27 23 49 931,bam;pab,https://brickstorestamps.com/stores/store-lego-store-nantes,
store-lego-store-nice,LEGO® Store Nice,,official,,Europe,France,Nice,"Centre Commercial Cap 3000 - Avenue Eugène Donadeï, Saint-Laurent-du-Var 06700, France",43.659699,7.195204,+33 451640222,bam;pab,https://brickstorestamps.com/stores/store-lego-store-nice,
store-lego-store-paris-les-halles,LEGO® Store Paris - Les Halles,,official,,Europe,France,Paris,"1, Passage de la Canopée, Paris 75001, France",48.862366,2.341618,+33 159020378,bam;mosaic_maker;pab,https://brickstorestamps.com/stores/store-lego-store-paris-les-halles,
store-lego-store-paris-les-4-temps,"LEGO® Store Paris, Les 4 Temps",,official,,Europe,France,Paris,"15 Parv. de la Défense, 92092 Puteaux, Paris 92092, France",48.8535,2.34839,+33 1 70 98 83 62,bam;pab,https://brickstorestamps.com/stores/store-lego-store-paris-les-4-temps,
store-lego-store-paris-so-ouest,"LEGO® Store Paris, So Ouest",,official,,Europe,France,Paris,"Centre Commercial So Ouest -21 rue d'Alsace, Levallois-Perret 92300, France",48.89242,2.29621,+33 159020370,bam;pab,https://brickstorestamps.com/stores/store-lego-store-paris-so-ouest,
store-lego-store-rennes,LEGO® Store Rennes,,official,,Europe,France,Rennes,"RENNES ALMA, 5, Rue du Bosphore, Rennes 35200, France",48.0832029,-1.6794911,02 30 88 01 27,bam;pab,https://brickstorestamps.com/stores/store-lego-store-rennes,
store-lego-store-rosny,LEGO® Store Rosny,,official,,Europe,France,Rosny-sous-Bois,"Centre commercial Rosny 2, Avenue du Général de Gaulle, Rosny-sous-Bois 93110, France",48.882029,2.478472,+33 1.84.74.10.36,bam;pab,https://brickstorestamps.com/stores/store-lego-store-rosny,
store-lego-store-strasbourg,LEGO® Store Strasbourg,,official,,Europe,France,Strasbourg,"Place des Halles, Strasbourg 67000, France",48.58461,7.75071,,bam;pab,https://brickstorestamps.com/stores/store-lego-store-strasbourg,
store-lego-store-toulon,LEGO® Store Toulon,,official,,Europe,France,Toulon,"Centre Commercial Grand Var, La Valette-du-Var 83160, France",43.12573,5.93049,+33 4 12 01 02 03,bam;pab,https://brickstorestamps.com/stores/store-lego-store-toulon,
store-lego-store-toulouse,LEGO® Store Toulouse,,official,,Europe,France,Toulouse,"Centre Commercial Blagnac, 2 Allée Emile Zola, Blagnac 31700, France",43.6451453,1.371388,+33 5 67 34 11 01,bam;pab,https://brickstorestamps.com/stores/store-lego-store-toulouse,
store-lego-store-berlin-airport,LEGO Store Berlin Airport,,official,,Europe,Germany,Berlin,"Willy-Brandt-Platz, Schönefeld 12521, Germany",52.51739,13.39513,+49 30 609178842,,https://brickstorestamps.com/stores/store-lego-store-berlin-airport,
store-lego-flagshipstore-berlin,LEGO® Flagshipstore Berlin,,closed,2025,Europe,Germany,Berlin,"Tauentzienstraße 20, Berlin 10789, Germany",52.5024106,13.3403089,,bam;minifigure_factory;mosaic_maker;pab,https://brickstorestamps.com/stores/store-lego-flagshipstore-berlin,
store-lego-store-berlin,LEGO® Store Berlin,,official,,Europe,Germany,Berlin,"Tauentzienstraße 8, Berlin 10789, Germany",52.503621,13.3387646,+49 3080093992,bam;pab,https://brickstorestamps.com/stores/store-lego-store-berlin,
store-lego-store-mall-of-berlin,LEGO® Store Mall of Berlin,,official,,Europe,Germany,Berlin,"Leipziger Platz 12, Berlin 10117, Germany",52.51739,13.39513,+49 3052006236,bam;pab,https://brickstorestamps.com/stores/store-lego-store-mall-of-berlin,
store-legoland-discovery-center-berlin,LEGOLAND Discovery Center Berlin,,official,,Europe,Germany,Berlin,,52.51739,13.39513,,,https://brickstorestamps.com/stores/store-legoland-discovery-center-berlin,
store-lego-store-bonn,LEGO® Store Bonn,,official,,Europe,Germany,Bonn,"Poststraße, Bonn 53111, Germany",50.73526,7.10246,+49 22828653972,bam;pab,https://brickstorestamps.com/stores/store-lego-store-bonn,
store-lego-store-koeln,LEGO® Store Köln,,official,,Europe,Germany,Cologne,"Hohe Straße 77-79, Köln 50667, Germany",50.9373965,6.9561034,+49 22165051368,bam;minifigure_factory;pab,https://brickstorestamps.com/stores/store-lego-store-koeln,
store-c-lego-store-koeln-hohe-strasse-68-82-koeln,LEGO® Store Köln (2013-2023),,closed,2023,Europe,Germany,Cologne,"Hohe Straße 68-82, Köln 50667, Germany",50.9371233,6.9565584,,,https://brickstorestamps.com/stores/store-c-lego-store-koeln-hohe-strasse-68-82-koeln,
store-lego-store-dresden,LEGO® Store Dresden,,official,,Europe,Germany,Dresden,"Altmarkt-Galerie, Webergasse 1, Dresden 01067, Germany",51.04933,13.73814,+49 35189732777,bam;pab,https://brickstorestamps.com/stores/store-lego-store-dresden,
store-lego-store-duesseldorf,LEGO® Store Düsseldorf,,official,,Europe,Germany,Düsseldorf,"Flinger Strasse 50, Düsseldorf 40213, Germany",51.2254,6.77631,+49 21138769215,bam;minifigure_factory;pab,https://brickstorestamps.com/stores/store-lego-store-duesseldorf,
store-lego-store-essen,LEGO® Store Essen,,official,,Europe,Germany,Essen,"Limbecker Straße 25, Essen 45127, Germany",51.45719,7.01032,+49 20156574835,bam;pab,https://brickstorestamps.com/stores/store-lego-store-essen,
store-lego-store-frankfurt,LEGO® Store Frankfurt,,official,,Europe,Germany,Frankfurt,"Zeil 106, Frankfurt 60313, Germany",50.1143005,8.6814656,+49 6971047438,bam;pab,https://brickstorestamps.com/stores/store-lego-store-frankfurt,
store-lego-store-frankfurt-mtz,LEGO® Store Frankfurt MTZ,,official,,Europe,Germany,Frankfurt,"Main-Taunus-Zentrum Unit 23, Frankfurt 65843, Germany",50.11725,8.52747,,,https://brickstorestamps.com/stores/store-lego-store-frankfurt-mtz,
store-legoland-deutschland,LEGOLAND Deutschland,,official,,Europe,Germany,Günzburg,,48.46898,10.27453,,bam;mosaic_maker;pab,https://brickstorestamps.com/stores/store-legoland-deutschland,
store-lego-store-hamburg,LEGO® Store Hamburg,,official,,Europe,Germany,Hamburg,"Spitalerstraße 12, Hamburg 20095, Germany",53.55017,10.00132,+49 4022898029,bam;pab,https://brickstorestamps.com/stores/store-lego-store-hamburg,
store-legoland-discovery-center-hamburg,LEGOLAND Discovery Center Hamburg,,official,,Europe,Germany,Hamburg,,53.55017,10.00132,,,https://brickstorestamps.com/stores/store-legoland-discovery-center-hamburg,
store-lego-store-hannover,LEGO® Store Hannover,,official,,Europe,Germany,Hannover,"Grosse Packhofstrasse 30, Hannover 30159, Germany",52.37448,9.73855,+49 51193678361,bam;pab,https://brickstorestamps.com/stores/store-lego-store-hannover,
store-lego-store-leipzig,LEGO® Store Leipzig,,official,,Europe,Germany,Leipzig,"Brühl 1, Leipzig 04109, Germany",51.34364768,12.37327951,+49 34133974568,bam;pab,https://brickstorestamps.com/stores/store-lego-store-leipzig,
store-lego-store-flughafen-munchen-terminal-1,LEGO Store Flughafen München Terminal 1,,official,,Europe,Germany,Munich,"Terminalstraße West, München-Flughafen 85356, Germany",48.13711,11.57538,+49 89 975 844 44,,https://brickstorestamps.com/stores/store-lego-store-flughafen-munchen-terminal-1,
store-lego-store-munich-airport-t2,LEGO Store Munich Airport T2,,official,,Europe,Germany,Munich,"Terminalstraße Nord, München-Flughafen 85356, Germany",48.13711,11.57538,+49 89 975 844 44,,https://brickstorestamps.com/stores/store-lego-store-munich-airport-t2,
store-lego-store-muenchen-pasing,LEGO® Store München Pasing,,official,,Europe,Germany,Munich,"Pasinger Bahnhofsplatz 5, München 81241, Germany",48.1489598,11.4618191,+49 8954194987,bam;pab,https://brickstorestamps.com/stores/store-lego-store-muenchen-pasing,
store-lego-store-muenchen-riem-arcaden,LEGO® Store München Riem Arcaden,,official,,Europe,Germany,Munich,"Willy-Brandt-Platz 5, München 81829, Germany",48.13219306,11.69187136,+49 8954194983,bam;pab,https://brickstorestamps.com/stores/store-lego-store-muenchen-riem-arcaden,
store-lego-store-muenchen-zentrum,LEGO® Store München Zentrum,,official,,Europe,Germany,Munich,"Kaufingerstrasse 9, Munich 80331, Germany",48.13711,11.57538,+49 8954195092,bam;minifigure_factory;mosaic_maker;pab,https://brickstorestamps.com/stores/store-lego-store-muenchen-zentrum,
store-lego-store-nuernberg,LEGO® Store Nürnberg,,official,,Europe,Germany,Nuremberg,"Breite Gasse 39, Nürnberg 90402, Germany",49.4499695,11.0753333,+49 91188187537,bam;pab,https://brickstorestamps.com/stores/store-lego-store-nuernberg,
store-lego-store-oberhausen,LEGO® Store Oberhausen,,official,,Europe,Germany,Oberhausen,"Centroallee 170, Oberhausen 46047, Germany",51.4897994,6.8776847,+49 20888026475,bam;pab,https://brickstorestamps.com/stores/store-lego-store-oberhausen,
store-c-lego-store-oberhausen-centroallee-228-oberhausen,LEGO® Store Oberhausen (2003-2021),,closed,2021,Europe,Germany,Oberhausen,"Centroallee 228, Oberhausen 46047, Germany",51.4897994,6.8776847,,,https://brickstorestamps.com/stores/store-c-lego-store-oberhausen-centroallee-228-oberhausen,
store-legoland-discovery-center-oberhausen,LEGOLAND Discovery Center Oberhausen,,official,,Europe,Germany,Oberhausen,,51.46961,6.85144,,,https://brickstorestamps.com/stores/store-legoland-discovery-center-oberhausen,
store-lego-store-saarbruecken,LEGO® Store Saarbrücken,,official,,Europe,Germany,Saarbrücken,"Bahnhofstraße 77, Saarbrücken 66111, Germany",49.23686513,6.992672965,+49 68193356799,bam;pab,https://brickstorestamps.com/stores/store-lego-store-saarbruecken,
store-lego-store-stuttgart,LEGO® Store Stuttgart,,official,,Europe,Germany,Stuttgart,"Königstrasse 43B, Stuttgart 70173, Germany",48.77454858,9.175528357,+49 71134067820,bam;minifigure_factory;pab,https://brickstorestamps.com/stores/store-lego-store-stuttgart,
store-lego-certified-store-athens-metro-mall,LEGO® Certified Store Athens Metro Mall,,official,,Europe,Greece,Athens,"Λ. Βουλιαγμένης 276, Αγ. Δημήτριος, Αθήνα 17343, Greece",37.97556,23.73483,210 2250225,,https://brickstorestamps.com/stores/store-lego-certified-store-athens-metro-mall,
store-lego-store-golden-hall-athens,LEGO® Store Golden Hall Athens,,official,,Europe,Greece,Athens,"Λ. Κηφισίας 37Α, Μαρούσι, Αθήνα 15123, Greece",37.97556,23.73483,210 6857016,bam;pab,https://brickstorestamps.com/stores/store-lego-store-golden-hall-athens,
store-lego-store-river-west,LEGO® Store River West,,official,,Europe,Greece,Athens,"Leoforos Kifisou 96-98, Athens 12241, Greece",37.97556,23.73483,0030 211 0161 333,bam;pab,https://brickstorestamps.com/stores/store-lego-store-river-west,
store-lego-store-the-mall-athens,LEGO® Store The Mall Athens,,official,,Europe,Greece,Athens,"Andrea Papandreou 35, Athens 15122, Greece",38.0455406,23.7904638,0030 210 6100 780,bam;pab,https://brickstorestamps.com/stores/store-lego-store-the-mall-athens,
store-lego-certified-store-smart-park,LEGO® Certified Store Smart Park,,official,,Europe,Greece,Spata,"Πουλάκη, Σπάτα 19004, Greece",37.99535,23.92142,210 2252250,,https://brickstorestamps.com/stores/store-lego-certified-store-smart-park,
store-lego-store-mediterranean-cosmos,LEGO® Store Mediterranean Cosmos,,official,,Europe,Greece,Thessaloniki,"11ο χλμ Εθνικής Οδού Θεσσαλονίκης - Ν. Μουδανιών, Θεσσαλονίκη, Greece",40.64032,22.93527,2310 476814,bam;pab,https://brickstorestamps.com/stores/store-lego-store-mediterranean-cosmos,
store-lego-store-thessaloniki,LEGO® Store Thessaloniki,,official,,Europe,Greece,Thessaloniki,"Eleftheriou Venizelou 3, Thessaloniki 54624, Greece",40.63396,22.939392,0030 2311 123 0799,bam;pab,https://brickstorestamps.com/stores/store-lego-store-thessaloniki,
store-lego-certified-store-hong-kong-international-airport,LEGO® Certified Store Hong Kong International Airport,,official,,Asia,Hong Kong,Hong Kong,"Terminal 1, Departure Level, Hong Kong International Airport, Hong Kong, Hong Kong",22.28183,114.15828,,,https://brickstorestamps.com/stores/store-lego-certified-store-hong-kong-international-airport,
store-lego-store-cityplaza,LEGO® Store Cityplaza,,official,,Asia,Hong Kong,Hong Kong,"Shop 012, G/F, 18 Tai Koo Shing Rd Cityplaza, Hong Kong, Hong Kong",22.28685004104292,114.21745553894021,+852 21164378,bam;pab,https://brickstorestamps.com/stores/store-lego-store-cityplaza,
store-lego-store-langham-place,LEGO® Store Langham Place,,official,,Asia,Hong Kong,Hong Kong,"L12-1B, Langham Place,, Hong Kong, Hong Kong",22.318330686815425,114.16867429661353,+852 26132280,bam;pab,https://brickstorestamps.com/stores/store-lego-store-langham-place,
store-lego-store-new-town-plaza,LEGO® Store New Town Plaza,,official,,Asia,Hong Kong,Hong Kong,"Shop 416, L4, New Town Plaza I, 18-19 Sha Tin Centre Street, Shatin, Hong Kong",22.381956197224373,114.18861573894209,+852 21161128,bam;pab,https://brickstorestamps.com/stores/store-lego-store-new-town-plaza,
store-lego-store-popcorn,LEGO® Store Popcorn,,official,,Asia,Hong Kong,Hong Kong,"Shop F40, 1/F, Popcorn, Tseung Kwan O, Hong Kong, Hong Kong",22.30808445893631,114.26027863333933,+852 21169575,bam;pab,https://brickstorestamps.com/stores/store-lego-store-popcorn,
store-lego-store-times-square,LEGO® Store Times Square,,official,,Asia,Hong Kong,Hong Kong,"Shop 902-3C, 9/F, Times Square, 1 Matheson Street, Causeway Bay, Hong Kong, Hong Kong",22.28183,114.15828,+852 26382220,bam;pab,https://brickstorestamps.com/stores/store-lego-store-times-square,
store-lego-store-tuen-mun-town-plaza,LEGO® Store Tuen Mun Town Plaza,,official,,Asia,Hong Kong,Hong Kong,"Shop 2217, 2/F, Phase 1, Tuen Mun Town Plaza, 1 Tuen Shing Street, Tuen Mun, Hong Kong, Hong Kong",22.393195761384735,113.97659729661508,+852 21109755,bam;pab,https://brickstorestamps.com/stores/store-lego-store-tuen-mun-town-plaza,
store-legoland-discovery-centre-hong-kong,LEGOLAND Discovery Centre Hong Kong,,official,,Asia,Hong Kong,Hong Kong,,22.28183,114.15828,,,https://brickstorestamps.com/stores/store-legoland-discovery-centre-hong-kong,
store-lego-store-allee,LEGO® Store Allee,,official,,Europe,Hungary,Budapest,"Október huszonharmadika u. 8-10, Budapest 1117, Hungary",47.473826,19.0512598,+36 70 3846575,bam;pab,https://brickstorestamps.com/stores/store-lego-store-allee,
store-lego-store-arkad,LEGO® Store Arkad,,official,,Europe,Hungary,Budapest,"Örs vezér tere 25A, Budapest 1106, Hungary",47.5027918,19.1364263,+36 70 947 7775,bam;pab,https://brickstorestamps.com/stores/store-lego-store-arkad,
store-lego-store-westend,LEGO® Store Westend,,official,,Europe,Hungary,Budapest,"Váci út 1 - 3, Budapest 1062, Hungary",47.5129322,19.0584947,+36 70 6461683,bam;pab,https://brickstorestamps.com/stores/store-lego-store-westend,
store-lego-store-kubbabu-in,LEGO Store Kubbabúðin,,official,,Europe,Iceland,Reykjavík,,64.14598,-21.94224,,bam;pab,https://brickstorestamps.com/stores/store-lego-store-kubbabu-in,
store-lego-store-orion-mall-bengaluru,LEGO Store - Orion Mall Bengaluru,,official,,Asia,India,Bengaluru,"Shop No 16, Ground Floor, Orion Mall, Dr Rajakumar Road, Nearby The Rameshwaram Cafe, Rajajinagar, Bengaluru 560055, India",12.97679,77.59008,+91 80718 20916,bam;pab,https://brickstorestamps.com/stores/store-lego-store-orion-mall-bengaluru,
store-lego-store-phoenix-mall-of-asia-bengaluru,LEGO Store - Phoenix Mall of Asia Bengaluru,,official,,Asia,India,Bengaluru,"UG 47, Yelahanka, Nearby L&T, Phoenix Mall Of Asia, Bengaluru 560092, India",12.97679,77.59008,+91 67461 72910,bam;pab,https://brickstorestamps.com/stores/store-lego-store-phoenix-mall-of-asia-bengaluru,
store-lego-certified-store-nexus-mall-koramangala,LEGO® Certified Store Nexus Mall Koramangala,,official,,Asia,India,Bengaluru,"No G19, Nexus Mall, Hosur Road, Koramangala, Bengaluru 560029, India",12.93483,77.61134,+91 80714 04336,,https://brickstorestamps.com/stores/store-lego-certified-store-nexus-mall-koramangala,
store-lego-store-express-avenue-mall-royapettah-chennai,LEGO Store - Express Avenue Mall Royapettah Chennai,,official,,Asia,India,Chennai,"No R050-051, Upper Ground Floor, Express Estate, Thousand Lights, Nearby Royapettah Clock Tower, Royapettah, Chennai 600014, India",13.08369,80.27019,+91 80469 85624,bam;pab,https://brickstorestamps.com/stores/store-lego-store-express-avenue-mall-royapettah-chennai,
store-lego-store-ambience-mall-gurugram,LEGO Store - Ambience Mall Gurugram,,official,,Asia,India,Gurugram,"Shop No G46 , Ambience Mall , Ambience Island, DLF Phase 3, Gurugram 122002, India",28.46461,77.02992,+91 80712 64635,bam;pab,https://brickstorestamps.com/stores/store-lego-store-ambience-mall-gurugram,
store-lego-certified-store-r-city-mall-ghatkopar,LEGO® Certified Store R City Mall (Ghatkopar),,official,,Asia,India,Mumbai,"R City Mall, Ground Floor, LBS Road, Amrut Nagar, Ghatkopar West, Mumbai 400086, India",19.055,72.8692,,,https://brickstorestamps.com/stores/store-lego-certified-store-r-city-mall-ghatkopar,
store-lego-store-lcs-paris-van-java,LEGO® Store LCS Paris Van Java,,official,,Asia,Indonesia,Bandung,"Paris Van Java Mall Resort Level Unit No. RL-B-19 Jl. Sukajadi No. 131-139 Cipedes, Kec. Sukajadi Bandung - Jawa Barat 40162, Bandung 40162, Indonesia",-6.889081,107.596463,62-22-82063729,bam;pab,https://brickstorestamps.com/stores/store-lego-store-lcs-paris-van-java,
store-lego-store-summarecon-mall-bekasi,LEGO® Store Summarecon Mall Bekasi,,official,,Asia,Indonesia,Bekasi,"Sentra Summarecon Bekasi, 1F unit 145 Jl. Boulevard Ahmad Yani, Marga Mulya, Kec. Bekasi Utara, Kota Bks, Jawa, Bekasi 17142, Indonesia",-6.23499,106.99454,021-29572542,bam;pab,https://brickstorestamps.com/stores/store-lego-store-summarecon-mall-bekasi,
store-lego-store-lcs-trans-studio-mall-cibubur,LEGO® Store LCS Trans Studio Mall Cibubur,,official,,Asia,Indonesia,Depok,"Trans Studio Mall Cibubur Mall Unit 1-09 Jl. Alternatif Cibubur No.230A Harjamukti. Cimanggis, Depok Jawa Barat 16454, Jakarta 16454, Indonesia",-6.375256,106.90168,021 39730992,bam;pab,https://brickstorestamps.com/stores/store-lego-store-lcs-trans-studio-mall-cibubur,
store-lego-store-lcs-central-park-mall,LEGO® Store LCS Central Park Mall,,official,,Asia,Indonesia,Jakarta,"Central Park Mall, UG-111 Letjen S. Parman No.kav.28, South Tanjung Duren, Grogol petamburan, West Jakarta City, Jakarta 11470, Indonesia",-6.1754,106.82717,622138789067,bam;pab,https://brickstorestamps.com/stores/store-lego-store-lcs-central-park-mall,
store-lego-store-lcs-cilandak-town-square,LEGO® Store LCS Cilandak Town Square,,official,,Asia,Indonesia,Jakarta,"Town Square Cilandak, Lantai Dasar unit 069 - 70 Jl. TB simatupang Kav., Kav 17,, Jakarta 12430, Indonesia",-6.291619,106.798439,(021) - 29042812,bam;pab,https://brickstorestamps.com/stores/store-lego-store-lcs-cilandak-town-square,
store-lego-store-lcs-gandaria-city,LEGO® Store LCS Gandaria City,,official,,Asia,Indonesia,Jakarta,"Gandaria City Mall lt 1 Jl. KHM. Syafi'i Hadzami No. 8, Jakarta  12240, Indonesia",-6.1754,106.82717,+6221 29053201,bam;pab,https://brickstorestamps.com/stores/store-lego-store-lcs-gandaria-city,
store-lego-store-lcs-grand-indonesia,LEGO® Store LCS Grand Indonesia,,official,,Asia,Indonesia,Jakarta,"Grand Indonesia East Mall L5-55, 1, Jl. Tlk. Betung I No.45A, RT.1/RW.5, Kb. Melati, Kecamatan Tanah Abang, Kota Jakarta Pusat, Daerah Khusus Ibukota, Jakarta 10230, Indonesia",-6.1754,106.82717,+62 21 23599072,bam;pab,https://brickstorestamps.com/stores/store-lego-store-lcs-grand-indonesia,
store-lego-store-lcs-kelapa-gading,LEGO® Store LCS Kelapa Gading,,official,,Asia,Indonesia,Jakarta,"Mall Kelapa Gading 3 Lantai Dasar,GF 06 - Jl. Bulevar Kelapa Gading Blom M, Jakarta 4240, Indonesia",-6.157783,106.908436,62-21-45853901,bam;pab,https://brickstorestamps.com/stores/store-lego-store-lcs-kelapa-gading,
store-lego-store-lcs-kota-kasablanka-mall,LEGO® Store LCS Kota Kasablanka Mall,,official,,Asia,Indonesia,Jakarta,"Jl. Casablanka Raya Kav. 88. Unit UG33 South Jakarta 1287, Jakarta 1287, Indonesia",-6.22395,106.842743,(021)22909866,bam;pab,https://brickstorestamps.com/stores/store-lego-store-lcs-kota-kasablanka-mall,
store-lego-store-lcs-lippo-mall-puri,LEGO® Store LCS Lippo Mall Puri,,official,,Asia,Indonesia,Jakarta,"Lippo Mall Puri- #LG 50-51 Jl. Puri Indah Raya, RT.3/RW.2, Jakarta 11610, Indonesia",-6.1754,106.82717,2151010242,bam;pab,https://brickstorestamps.com/stores/store-lego-store-lcs-lippo-mall-puri,
store-lego-store-lcs-mall-of-indonesia,LEGO® Store LCS Mall of Indonesia,,official,,Asia,Indonesia,Jakarta,"Mall of Indonesia - GF C12 & C24 Jl. Raya Boulevard Barat Kelapa Gading Jakarta Utara - 14240, Jakarta 14240, Indonesia",-6.15057,106.892131,62-21-22450448,bam;pab,https://brickstorestamps.com/stores/store-lego-store-lcs-mall-of-indonesia,
store-lego-store-lcs-pondok-indah-mall,LEGO® Store LCS Pondok Indah Mall,,official,,Asia,Indonesia,Jakarta,"Pondok Indah Mall 3 2nd Floor Unit No. 201 Jl. Kartika Utama No.1 RT6/RW16 Jakarta Selatan, Jakarta 12310, Indonesia",-6.263979,106.781871,62-21-22761599,bam;pab,https://brickstorestamps.com/stores/store-lego-store-lcs-pondok-indah-mall,
store-lego-store-senayan-city,LEGO® Store Senayan City,,official,,Asia,Indonesia,Jakarta,"Senayan City Mall Lantai 3 unit 56 33. Jl. Asia Afrika Lot 19, Jakarta 10270, Indonesia",-6.2276593,106.7970913,(02) 1-72781404,bam;minifigure_factory;pab,https://brickstorestamps.com/stores/store-lego-store-senayan-city,
store-lego-store-lcs-beachwalk-bali,LEGO® Store LCS Beachwalk Bali,,official,,Asia,Indonesia,Kuta (Bali),"Beachwalk Shopping Center, L1-16 Jl. Pantai Kuta, Bali 80361, Indonesia",-8.72491,115.17163,0361-8465588,bam;pab,https://brickstorestamps.com/stores/store-lego-store-lcs-beachwalk-bali,
store-lego-store-lcs-trans-studio-mall-makasaar,LEGO® Store LCS Trans Studio Mall Makasaar,,official,,Asia,Indonesia,Makassar,"TRANS STUDIO MAKASSAR, Lower Ground unit 122 - Jl. H. M Dg. Patompo, Metro Tanjung Bunga., Makasaar 90134, Indonesia",-5.1343,119.41243,(04)11-3604018,bam;pab,https://brickstorestamps.com/stores/store-lego-store-lcs-trans-studio-mall-makasaar,
store-lego-store-lcs-delipark-mall,LEGO® Store LCS Delipark Mall,,official,,Asia,Indonesia,Medan,"Deli Park Mall – 1st Floor Unit No. L1 -16 -Podomoro City Deli Medan Jl. Putri Hijau no.1 Blok OPQ, Kesawan, Medan, North Sumatra 20111, Medan 20111, Indonesia",3.594154,98.674493,62-61-62000225,bam;pab,https://brickstorestamps.com/stores/store-lego-store-lcs-delipark-mall,
store-lego-store-icon-bali-sanur,LEGO® Store Icon Bali Sanur,,official,,Asia,Indonesia,Sanur,"UG - 31 Jl. Danau Tamblingan No.27 Sanur. Denpasar Selatan, Kota Denpasar., Bali 80228, Indonesia",-8.69465,115.26058,3613705234,bam;pab,https://brickstorestamps.com/stores/store-lego-store-icon-bali-sanur,
store-lego-store-dp-mall-semarang,LEGO® Store DP Mall Semarang,,official,,Asia,Indonesia,Semarang,"Level 1 Jl. Pemuda No.150, Sekayu Kec. Semarang Tengah Kota Semarang, Jawa Tengah, Semarang 50132, Indonesia",-6.9904,110.42291,+62 24 35314125,bam;pab,https://brickstorestamps.com/stores/store-lego-store-dp-mall-semarang,
store-lego-store-ciputra-world-surabaya,LEGO® Store Ciputra World Surabaya,,official,,Asia,Indonesia,Surabaya,"Level 1, 117-119 Ciputra World Surabaya Jl. Mayjen Sungkono No.89. Gunung Sari. Dukuh Pakis, Surabaya East Java, Surabaya 60225, Indonesia",-7.24628,112.73777,+62 31 60801017,bam;pab,https://brickstorestamps.com/stores/store-lego-store-ciputra-world-surabaya,
store-lego-store-lcs-pakuwon-mall-surabaya,LEGO® Store LCS Pakuwon Mall Surabaya,,official,,Asia,Indonesia,Surabaya,"Pakuwon Mall Surabaya Lantai 1 unit 81 Jl. Perumahan Pakuwon Indah, Jl puncak Indah Lontar Nomor 2, Surabaya, Surabaya 60123, Indonesia",-7.288911,112.676025,89629111738,bam;pab,https://brickstorestamps.com/stores/store-lego-store-lcs-pakuwon-mall-surabaya,
store-lego-store-lcs-tunjungan-plaza-3,LEGO® Store LCS Tunjungan Plaza 3,,official,,Asia,Indonesia,Surabaya,"Tunjungan Plaza 3 lt.LG, Surabaya 60261 , Indonesia",-7.24628,112.73777,‎+62 31 35979026,bam;pab,https://brickstorestamps.com/stores/store-lego-store-lcs-tunjungan-plaza-3,
store-lego-certified-store-supermal-karawaci,LEGO® Certified Store Supermal Karawaci,,official,,Asia,Indonesia,Tangerang,"Jl. Boulevard Diponegoro No. 105 LT. GF. Bencongan, Tangerang 15811, Indonesia",-6.17619,106.63822,,,https://brickstorestamps.com/stores/store-lego-certified-store-supermal-karawaci,
store-lego-store-lcs-aeon-bsd-mall,LEGO® Store LCS Aeon BSD Mall,,official,,Asia,Indonesia,Tangerang,"Jl. BSD Raya Utama, Pagedangan. FF 1-08. Kec. Pagedangan Kabupaten Tangerang Banten 15345, Jakarta 15345, Indonesia",-6.305442,106.643718,021 55691506,bam;pab,https://brickstorestamps.com/stores/store-lego-store-lcs-aeon-bsd-mall,
store-lego-store-lcs-bintaro-xchange-2-mall,LEGO® Store LCS Bintaro Xchange 2 Mall,,official,,Asia,Indonesia,Tangerang,"Bintaro Xchange Mall 2 , GF-S-29-30, Jl. Boulevard Bintaro Jaya Jl. Lkr. Jaya No.2, Pondok Jaya, Pondok Aren, South Tangerang City, Banten 15227, Jakarta 15227, Indonesia",-6.17619,106.63822,622139710301,bam;pab,https://brickstorestamps.com/stores/store-lego-store-lcs-bintaro-xchange-2-mall,
store-lego-store-lcs-summarecon-mall-serpong,LEGO® Store LCS Summarecon Mall Serpong,,official,,Asia,Indonesia,Tangerang,"Summarecon Mall Serpong, Ground Floor unit 237 Gading Serpong, Banten 15810, Indonesia",-6.17619,106.63822,622129310457,bam;pab,https://brickstorestamps.com/stores/store-lego-store-lcs-summarecon-mall-serpong,
store-lego-store-lcs-pakuwon-mall-jogjakarta,LEGO® Store LCS Pakuwon Mall Jogjakarta,,official,,Asia,Indonesia,Yogyakarta,"Pakuwon Mall Jogja UG-08. Jl. Ring road Utara. Sanggrahan 55281 Condong Catur Special Region of Yogyakarta, Jakarta 55281, Indonesia",-7.758776,110.399409,(02)74 - 621138,bam;pab,https://brickstorestamps.com/stores/store-lego-store-lcs-pakuwon-mall-jogjakarta,
store-lego-store-dublin-blanchardstown,LEGO® Store Dublin - Blanchardstown,,official,,Europe,Ireland,Dublin,"Blanchardstown Centre, Blanchardstown Road S, Blanchardstown, Dublin D15 WD80, Ireland",53.34938,-6.26056,+35 31575 2825,bam;pab,https://brickstorestamps.com/stores/store-lego-store-dublin-blanchardstown,
store-lego-store-dublin-grafton-street,LEGO® Store Dublin - Grafton Street,,official,,Europe,Ireland,Dublin,"41 Grafton Street, Dublin D02 WP63, Ireland",53.34069,-6.26057,+35 315758169,bam;minifigure_factory;pab,https://brickstorestamps.com/stores/store-lego-store-dublin-grafton-street,
store-lego-store-big-ashdod,LEGO® Store Big Ashdod,,official,,Asia,Israel,Ashdod,"BIG Ashdod, Derech HaRakevet 1, Ashdod, Israel",31.79773,34.65299,,bam;pab,https://brickstorestamps.com/stores/store-lego-store-big-ashdod,
store-lego-store-ofer-grand-mall-beer-sheva,LEGO® Store Ofer Grand Mall Beer Sheva,,official,,Asia,Israel,Beersheba,"Grand Mall, Tuvyahu Blvd 125, Beer Sheva, Israel",31.24574,34.79252,,bam;pab,https://brickstorestamps.com/stores/store-lego-store-ofer-grand-mall-beer-sheva,
store-lego-store-eilat,LEGO® Store Eilat,,official,,Asia,Israel,Eilat,"BIG CENTER Eilat, 20 Hasatat St., Eilat, Israel",29.55693,34.94979,079-6966761,bam;pab,https://brickstorestamps.com/stores/store-lego-store-eilat,
store-lego-store-big-mall-glilot,LEGO® Store BIG Mall Glilot,,official,,Asia,Israel,Glilot,"BIG Fashion Glilot, Küstenstraße, Glilot, Israel",32.1401,34.79522,,bam;pab,https://brickstorestamps.com/stores/store-lego-store-big-mall-glilot,
store-lego-store-north-gate-mall,LEGO® Store North Gate Mall,,official,,Asia,Israel,Haifa,"Shaar HaTzafon Mall, Haifa Blvd 30, Kiryat Ata, Israel",32.81912,34.99839,,bam;pab,https://brickstorestamps.com/stores/store-lego-store-north-gate-mall,
store-lego-store-shivat-hakochavim-herzliya,LEGO® Store Shivat HaKochavim Herzliya,,official,,Asia,Israel,Herzliya,"Shivat HaKochavim Blvd 8, Herzliya, Israel",32.16768,34.83083,,,https://brickstorestamps.com/stores/store-lego-store-shivat-hakochavim-herzliya,
store-lego-store-azrieli-ayalon-mall,LEGO® Store Azrieli Ayalon Mall,,official,,Asia,Israel,Ramat Gan,"Azrieli Ayalon Mall, 2. Stock, Ramat Gan, Israel",32.06869,34.82468,,bam;pab,https://brickstorestamps.com/stores/store-lego-store-azrieli-ayalon-mall,
store-lego-store-rishon-lezion,LEGO® Store Rishon Lezion,,official,,Asia,Israel,Rishon LeZion,"G Cinema City Mall, 3 Yaldey Teheran, Rishon Lezion, Israel",31.96357,34.81011,079-6966760,bam;pab,https://brickstorestamps.com/stores/store-lego-store-rishon-lezion,
store-lego-store-tel-aviv-airport,LEGO Store Tel Aviv Airport,,official,,Asia,Israel,Tel Aviv,,32.0853,34.78181,,,https://brickstorestamps.com/stores/store-lego-store-tel-aviv-airport,
store-lego-pop-up-store-azrieli-tel-aviv,LEGO® Pop-up Store Azrieli Tel Aviv,,official,,Asia,Israel,Tel Aviv,"Azrieli Center, Derech Menachem Begin 132, Tel Aviv-Yafo, Israel",32.0853,34.78181,,,https://brickstorestamps.com/stores/store-lego-pop-up-store-azrieli-tel-aviv,
store-lego-store-tel-aviv,LEGO® Store Tel Aviv,,official,,Asia,Israel,Tel Aviv,"Dizengof Center, Dizengoff St 50, Tel Aviv-Yafo 6433267, Israel",32.0753100493558,34.7749650694933,079-6966759,bam;pab,https://brickstorestamps.com/stores/store-lego-store-tel-aviv,
store-lego-store-arese,LEGO® Store Arese,,official,,Europe,Italy,Arese,"Via Giuseppe Eugenio Luraghi, 11, Arese 20020, Italy",45.563241,9.052326,02 9387 8002,bam;pab,https://brickstorestamps.com/stores/store-lego-store-arese,
store-lego-store-assago,LEGO® Store Assago,,official,,Europe,Italy,Assago,"Viale Milanofiori, Assago, Assago 20090, Italy",45.405603,9.150428,+39 0257502445,bam;pab,https://brickstorestamps.com/stores/store-lego-store-assago,
store-lego-store-bari,LEGO® Store Bari,,official,,Europe,Italy,Bari,"Via Argiro 51, Bari 70121, Italy",41.1205827,16.8732614,080 472 9877,bam;pab,https://brickstorestamps.com/stores/store-lego-store-bari,
store-lego-store-cc-orio-centre,LEGO® Store CC Orio Centre,,official,,Europe,Italy,Bergamo,"Via Portico 71, Bergamo 24050, Italy",45.664627,9.694714,+39 035 459 6276,bam;pab,https://brickstorestamps.com/stores/store-lego-store-cc-orio-centre,
store-lego-store-bologna,LEGO® Store Bologna,,official,,Europe,Italy,Bologna,"Via dell'Indipendenza, 8D, Bologna 40121, Italy",44.50424,11.345337,+39 051 221501,bam;pab,https://brickstorestamps.com/stores/store-lego-store-bologna,
store-lego-store-bolzano,LEGO® Store Bolzano,,official,,Europe,Italy,Bolzano,"Waltherpark, Piazza Walther, 22, Bolzano 39100, Italy",46.49848,11.35474,+39 0471224502,bam;pab,https://brickstorestamps.com/stores/store-lego-store-bolzano,
store-lego-store-brescia,LEGO® Store Brescia,,official,,Europe,Italy,Brescia,"CORSO G. ZANARDELLI 5, Brescia 25121, Italy",45.536602,10.22097,+39 03040644,bam;pab,https://brickstorestamps.com/stores/store-lego-store-brescia,
store-lego-store-cagliari,LEGO® Store Cagliari,,official,,Europe,Italy,Cagliari,,39.2172,9.11331,,bam;pab,https://brickstorestamps.com/stores/store-lego-store-cagliari,
store-lego-store-cc-le-vele,LEGO® Store CC Le Vele,,official,,Europe,Italy,Cagliari,"Via delle Serre, 66, Quartucciu CA, Cagliari 9044, Italy",39.2172,9.11331,+39 070 837171,bam;pab,https://brickstorestamps.com/stores/store-lego-store-cc-le-vele,
store-lego-store-i-gigli,LEGO® Store I Gigli,,official,,Europe,Italy,Campi Bisenzio,"Via San Quirico, 165, 50013 Campi Bisenzio FI, I Gigli 50013, Italy",43.82163,11.13668,+39 055 0790767,,https://brickstorestamps.com/stores/store-lego-store-i-gigli,
store-legoland-gardaland,LEGOLAND Water Park Gardaland,,official,,Europe,Italy,Castelnuovo del Garda,,45.43974,10.76158,,bam;pab,https://brickstorestamps.com/stores/store-legoland-gardaland,
store-lego-store-catania,LEGO® Store Catania,,official,,Europe,Italy,Catania,"COIN VIA ETNEA 116, Catania 95131, Italy",37.506134,15.08666,095 2503283,bam;pab,https://brickstorestamps.com/stores/store-lego-store-catania,
store-lego-store-cc-megalo,LEGO® Store CC Megalo,,official,,Europe,Italy,Chieti,"Via Tirino 1, Chieti 66100, Italy",42.3625098,14.1403222,+39 0871 561518,bam;pab,https://brickstorestamps.com/stores/store-lego-store-cc-megalo,
store-lego-store-aida-perla,LEGO Store AIDA Perla,,official,,Europe,Italy,Cruise ship,"AIDA Cruises, AIDAperla",,,,bam;pab,https://brickstorestamps.com/stores/store-lego-store-aida-perla,
store-lego-store-aida-prima,LEGO Store AIDA Prima,,official,,Europe,Italy,Cruise ship,"AIDA Cruises, AIDAprima",,,,bam;pab,https://brickstorestamps.com/stores/store-lego-store-aida-prima,
store-lego-store-firenze,LEGO® Store Firenze,,official,,Europe,Italy,Florence,"VIA DEI CALZAIUOLI 67R - 71R, Firenze 50123, Italy",43.7698,11.25564,,bam;pab,https://brickstorestamps.com/stores/store-lego-store-firenze,
store-lego-store-genova,LEGO® Store Genova,,official,,Europe,Italy,Genoa,"Via Fieschi, 6r, Genova 16121, Italy",44.4062564,8.937419,010 570 2439,bam;pab,https://brickstorestamps.com/stores/store-lego-store-genova,
store-lego-store-cc-campania,LEGO® Store CC Campania,,official,,Europe,Italy,Marcianise,"Località Aurno, 87, Marcianise 81025, Italy",41.005702,14.325343,+39 0823 608486,bam;pab,https://brickstorestamps.com/stores/store-lego-store-cc-campania,
store-lego-store-cc-nave-de-vero,LEGO® Store CC Nave de Vero,,official,,Europe,Italy,Marghera,"Via Pietro Arduino 20, Marghera 30175, Italy",45.4584613,12.2136368,+39 041 532 1185,bam;pab,https://brickstorestamps.com/stores/store-lego-store-cc-nave-de-vero,
store-lego-store-cc-il-centro,LEGO® Store CC Il Centro,,official,,Europe,Italy,Milan,"Via Giuseppe Eugenio Luraghi 11, Arese, Milano 20020, Italy",45.563784,9.05592,+39 02 9387 8002,bam;pab,https://brickstorestamps.com/stores/store-lego-store-cc-il-centro,
store-lego-store-cc-il-centro-carugate,LEGO® Store CC Il Centro Carugate,,official,,Europe,Italy,Milan,"Strada Provinciale 208 2, Carugate 20061, Italy",45.550453,9.33149,+390292151853,bam;pab,https://brickstorestamps.com/stores/store-lego-store-cc-il-centro-carugate,
store-lego-store-porta-nuova,LEGO® Store Porta Nuova,,official,,Europe,Italy,Milan,"PIAZZA GAE AULENTI 1, Milan 20154, Italy",45.48348,9.19022,+39 02 6595578,bam;pab,https://brickstorestamps.com/stores/store-lego-store-porta-nuova,
store-lego-store-san-babila,LEGO® Store San Babila,,official,,Europe,Italy,Milan,"Corso Monforte 2, Milano 20122, Italy",45.466793,9.198641,+39 02 7600 1670,bam;pab,https://brickstorestamps.com/stores/store-lego-store-san-babila,
store-lego-store-via-dante-milano,LEGO® Store Via Dante Milano,,official,,Europe,Italy,Milan,"Via Dante 4, Milan 20121, Italy",45.46419,9.18963,02 89096163,bam;pab,https://brickstorestamps.com/stores/store-lego-store-via-dante-milano,
store-lego-store-monza,LEGO® Store Monza,,official,,Europe,Italy,Monza,"VIA CARLO ALBERTO 10, Monza 20900, Italy",45.58449,9.27491,+39 0392303742,bam;pab,https://brickstorestamps.com/stores/store-lego-store-monza,
store-lego-store-napoli,LEGO® Store Napoli,,official,,Europe,Italy,Naples,"VIA ALESSANDRO SCARLATTI 110, Napoli 80127, Italy",40.84384536743164,14.231310844421387,081-2298522,bam;pab,https://brickstorestamps.com/stores/store-lego-store-napoli,
store-lego-store-padova,LEGO® Store Padova,,official,,Europe,Italy,Padua,"Via Viii Febbraio, 20 - 35122 Padova (PD), Padova 35122, Italy",45.39844,11.89568,+39 049 6452542,bam;pab,https://brickstorestamps.com/stores/store-lego-store-padova,
store-lego-store-palermo,LEGO® Store Palermo,,official,,Europe,Italy,Palermo,"Via ruggero settimo 46, Palermo 90141, Italy",38.123257,13.356464,+39 091 325235,bam;pab,https://brickstorestamps.com/stores/store-lego-store-palermo,
store-lego-store-rimini,LEGO® Store Rimini,,official,,Europe,Italy,Rimini,"VIA CADUTI DI NASSIRIYA, 20, Rimini 47924, Italy",44.039822,12.586643,05/41317383,bam;pab,https://brickstorestamps.com/stores/store-lego-store-rimini,
store-lego-store-euroma-2,LEGO® Store Euroma 2,,official,,Europe,Italy,Rome,"Centro Commerciale Euroma 2, Viale dell'Oceano Pacifico, 83, Roma 00144, Italy",41.817392,12.459045,06 529 1643,bam;pab,https://brickstorestamps.com/stores/store-lego-store-euroma-2,
store-lego-store-porta-di-roma,LEGO® Store Porta di Roma,,official,,Europe,Italy,Rome,"Galleria Commerciale Porta di Roma, Via Alberto Lionello, 201, Roma 00139, Italy",41.970336,12.540176,687071094,bam;pab,https://brickstorestamps.com/stores/store-lego-store-porta-di-roma,
store-lego-store-roma,LEGO® Store Roma,,official,,Europe,Italy,Rome,"Via Tomacelli 141, Roma 00186, Italy",41.904859,12.477477,+39 06 6880 8025,bam;pab,https://brickstorestamps.com/stores/store-lego-store-roma,
store-lego-store-cc-le-gru,LEGO® Store CC Le Gru,,official,,Europe,Italy,Turin,"Via Crea 10, Torino 10095, Italy",45.0548427,7.6122593,+39 011 703076,bam;pab,https://brickstorestamps.com/stores/store-lego-store-cc-le-gru,
store-lego-store-torino-via-roma,LEGO® Store Torino Via Roma,,official,,Europe,Italy,Turin,"Via Roma 367, Torino 10123, Italy",45.0643532,7.6803301,+39 011 562 1895,bam;pab,https://brickstorestamps.com/stores/store-lego-store-torino-via-roma,
store-lego-store-cc-adigeo,LEGO® Store CC Adigeo,,official,,Europe,Italy,Verona,"Via delle Nazioni 1, Verona 37135, Italy",45.40155,10.973205,+39 045 582585,bam;pab,https://brickstorestamps.com/stores/store-lego-store-cc-adigeo,
store-lego-store-verona,LEGO® Store Verona,,official,,Europe,Italy,Verona,,45.4385,10.99241,,bam;pab,https://brickstorestamps.com/stores/store-lego-store-verona,
store-lego-store-ami,LEGO® Store Ami,,official,,Asia,Japan,Ami,"阿見町よしわら4-1-1 あみプレミアムアウトレット内900区, 茨城県稲敷郡 300-1161, Japan",35.983471,140.236984,029-875-6605,bam;pab,https://brickstorestamps.com/stores/store-lego-store-ami,
store-lego-store-ebina,LEGO® Store Ebina,,official,,Asia,Japan,Ebina,"扇町13－1 三井ショッピングパーク ららぽーと海老名3F, 神奈川県海老名市 243-0436, Japan",35.45607898,139.3892512,046-204-5305,bam;pab,https://brickstorestamps.com/stores/store-lego-store-ebina,
store-lego-store-fujimi,LEGO® Store Fujimi,,official,,Asia,Japan,Fujimi,,35.85655,139.54907,,bam;pab,https://brickstorestamps.com/stores/store-lego-store-fujimi,
store-lego-store-lalaport-fukuoka,LEGO® Store Lalaport Fukuoka,,official,,Asia,Japan,Fukuoka,"博多区那珂6-23-1 ららぽーと福岡 1階, 福岡県福岡市 812-8627, Japan",33.5899,130.40175,092-558-0550,bam;pab,https://brickstorestamps.com/stores/store-lego-store-lalaport-fukuoka,
store-lego-store-gotemba,LEGO® Store Gotemba,,official,,Asia,Japan,Gotemba,"深沢1312 御殿場プレミアム・アウトレット3765, 静岡県御殿場市 412-0023, Japan",35.30691638,138.9620686,0550-70-1505,bam;pab,https://brickstorestamps.com/stores/store-lego-store-gotemba,
store-lego-store-minami-osawa,LEGO® Store Minami-Osawa,,official,,Asia,Japan,Hachioji,"南大沢1-600 三井アウトレットパーク多摩南大沢119, 東京都八王子市 192-0364, Japan",35.615013,139.37822,042-682-5560,bam;pab,https://brickstorestamps.com/stores/store-lego-store-minami-osawa,
store-lego-store-iruma,LEGO® Store Iruma,,official,,Asia,Japan,Iruma,"宮寺3169番 三井アウトレットパーク入間 A-1920, 埼玉県入間市 358-0014, Japan",35.81049209,139.3810996,042-936-7205,bam;pab,https://brickstorestamps.com/stores/store-lego-store-iruma,
store-lego-store-rinku,LEGO® Store Rinku,,official,,Asia,Japan,Izumisano,"りんくう往来南3-28 りんくうプレミアム・アウトレット 2F 2635番, 大阪府泉佐野市 598-8508, Japan",34.4070433,135.29596,072-458-4676,bam;pab,https://brickstorestamps.com/stores/store-lego-store-rinku,
store-lego-store-karuizawa,LEGO® Store Karuizawa,,official,,Asia,Japan,Karuizawa,"軽井沢町軽井沢 軽井沢プリンスショッピングプラザ ニューイースト NE-33, 長野県北佐久郡 389-0102, Japan",36.3406589,138.6380242,0267-41-2305,bam;pab,https://brickstorestamps.com/stores/store-lego-store-karuizawa,
store-lego-store-musashikosugi,LEGO® Store Musashikosugi,,official,,Asia,Japan,Kawasaki,"中原区新丸子東3丁目1135番地1号 グランツリー武蔵小杉 4階, 神奈川県川崎市 211-0004, Japan",35.53066,139.70377,044-920-8505,bam;pab,https://brickstorestamps.com/stores/store-lego-store-musashikosugi,
store-lego-store-kisarazu,LEGO® Store Kisarazu,,official,,Asia,Japan,Kisarazu,"金田東3-1-1三井アウトレットパーク木更津 21300, 千葉県木更津市 292-0009, Japan",35.43590793,139.9345101,0438-53-8270,bam;pab,https://brickstorestamps.com/stores/store-lego-store-kisarazu,
store-lego-store-sapporo-kitahiroshima,LEGO® Store Sapporo Kitahiroshima,,official,,Asia,Japan,Kitahiroshima,"大曲幸町3-7-6 三井アウトレットパーク札幌北広島内2190区画, 北海道北広島市 061-1278, Japan",42.97171,141.4716,011-377-1805,bam;pab,https://brickstorestamps.com/stores/store-lego-store-sapporo-kitahiroshima,
store-lego-store-mitsui-outlet-park-marinpia-kobe,LEGO Store Mitsui Outlet Park Marinpia Kobe,,official,,Asia,Japan,Kobe,"海岸通12-2 1F (三井アウトレットパーク マリンピア神戸), 神戸市垂水区, 兵庫県 655-0036, Japan",34.69324,135.19438,078-754-8705,,https://brickstorestamps.com/stores/store-lego-store-mitsui-outlet-park-marinpia-kobe,
store-lego-store-kobe-sanda,LEGO® Store Kobe Sanda,,official,,Asia,Japan,Kobe,"上津台7-3 神戸三田プレミアム・アウトレット 930, 兵庫県神戸市 651-1515, Japan",34.85954,135.19177,078-986-0745,bam;pab,https://brickstorestamps.com/stores/store-lego-store-kobe-sanda,
store-lego-store-koshigaya-laketown-mori,LEGO® Store Koshigaya Laketown Mori,,official,,Asia,Japan,Koshigaya,"レイクタウン3-1‐1 イオンレイクタウンmori 3F, 埼玉県越谷市 343-0828, Japan",35.88222224,139.8279841,048-940-0205,bam;pab,https://brickstorestamps.com/stores/store-lego-store-koshigaya-laketown-mori,
store-lego-store-kurashiki,LEGO® Store Kurashiki,,official,,Asia,Japan,Kurashiki,"寿町12-1 三井アウトレットパーク倉敷2640区画, 岡山県倉敷市 710-0813, Japan",34.60373,133.7621,086-441-6605,bam;pab,https://brickstorestamps.com/stores/store-lego-store-kurashiki,
store-lego-store-nagashima,LEGO® Store Nagashima,,official,,Asia,Japan,Kuwana,"長島町浦安368 三井アウトレットパーク ジャズドリーム長島 2540, 三重県桑名市 511-1135, Japan",35.03029697,136.7254234,0594-45-8285,bam;pab,https://brickstorestamps.com/stores/store-lego-store-nagashima,
store-lego-store-mozo-wonder-city,LEGO® Store mozo Wonder City,,official,,Asia,Japan,Nagoya,,35.1851,136.89984,,bam;pab,https://brickstorestamps.com/stores/store-lego-store-mozo-wonder-city,
store-lego-store-nagoya-minato-aqursu,LEGO® Store Nagoya Minato Aqursu,,official,,Asia,Japan,Nagoya,"港区港明2-3-2 ららぽーと名古屋みなとアクルス 3F, 愛知県名古屋市 455-0018, Japan",35.1851,136.89984,052-655-6605,bam;pab,https://brickstorestamps.com/stores/store-lego-store-nagoya-minato-aqursu,
store-legoland-japan,LEGOLAND Japan,,official,,Asia,Japan,Nagoya,,35.1851,136.89984,,bam;pab,https://brickstorestamps.com/stores/store-legoland-japan,
store-lego-store-narita-airport,LEGO® Store Narita Airport,,official,,Asia,Japan,Narita,"三里塚御料牧場1‐1 成田空港第1ターミナル中央ビル新館4F, 千葉県成田市 282-0011, Japan",35.77677,140.31834,0476-32-5205,,https://brickstorestamps.com/stores/store-lego-store-narita-airport,
store-lego-store-okazaki,LEGO® Store Okazaki,,official,,Asia,Japan,Okazaki,"戸崎町字外山38-5 イオンモール岡崎 3階, 愛知県岡崎市 444-0840, Japan",34.95488,137.17282,0564-64-0705,bam;pab,https://brickstorestamps.com/stores/store-lego-store-okazaki,
store-lego-store-shinsaibashi,LEGO® Store Shinsaibashi,,official,,Asia,Japan,Osaka,"中央区心斎橋筋１丁目８-３ 心斎橋PARCO6F, 大阪府大阪市 542-0085, Japan",34.67565219,135.5004412,06-6243-8505,bam;pab,https://brickstorestamps.com/stores/store-lego-store-shinsaibashi,
store-lego-store-umeda,LEGO® Store Umeda,,official,,Asia,Japan,Osaka,"北区芝田１‐１‐3 阪急三番街 1階, 大阪府大阪市 530-0012, Japan",34.7062177,135.4979606,06-6374-2305,bam;pab,https://brickstorestamps.com/stores/store-lego-store-umeda,
store-legoland-discovery-centre-osaka,LEGOLAND Discovery Centre Osaka,,official,,Asia,Japan,Osaka,,34.69376,135.50145,,,https://brickstorestamps.com/stores/store-legoland-discovery-centre-osaka,
store-lego-store-hokuriku-oyabe,LEGO® Store Hokuriku Oyabe,,official,,Asia,Japan,Oyabe,"西中野972-1 三井アウトレットパーク北陸小矢部 2013区画, 富山県小矢部市 932-0035, Japan",36.689217,136.881256,076-678-3277,bam;pab,https://brickstorestamps.com/stores/store-lego-store-hokuriku-oyabe,
store-lego-store-shiga-ryuo,LEGO® Store Shiga Ryuo,,official,,Asia,Japan,Ryuo,"竜王町薬師砂山1178-694 三井アウトレットパーク滋賀竜王 253-03, 滋賀県蒲生郡 520-2551, Japan",35.0600702,136.1002836,0748-58-1705,bam;pab,https://brickstorestamps.com/stores/store-lego-store-shiga-ryuo,
store-lego-store-saitama-shintoshin,LEGO® Store Saitama Shintoshin,,official,,Asia,Japan,Saitama,"大宮区吉敷町4-263-1 コクーンⅡ 3F 333区画, 埼玉県さいたま市 330-0843, Japan",35.89620171,139.6356254,0487-88-1230,bam;pab,https://brickstorestamps.com/stores/store-lego-store-saitama-shintoshin,
store-lego-store-sano,LEGO® Store Sano,,official,,Asia,Japan,Sano,"越名町2058番地 佐野プレミアム・アウトレット 640, 栃木県佐野市 327-8533, Japan",36.2926064,139.6054695,0283-27-3005,bam;pab,https://brickstorestamps.com/stores/store-lego-store-sano,
store-lego-store-sendai-port,LEGO® Store Sendai Port,,official,,Asia,Japan,Sendai,"宮城野区中野3-7-2 三井アウトレットパーク仙台港2440, 宮城県仙台市 983-0013, Japan",38.275238,140.989853,022-355-8005,bam;pab,https://brickstorestamps.com/stores/store-lego-store-sendai-port,
store-lego-store-shisui,LEGO® Store Shisui,,official,,Asia,Japan,Shisui,"酒々井町飯積2-4-1 酒々井プレミアム・アウトレット 230, 千葉県印旛郡 285-8509, Japan",35.71254204,140.2942287,043-308-8779,bam;pab,https://brickstorestamps.com/stores/store-lego-store-shisui,
store-lego-store-expocity,LEGO® Store Expocity,,official,,Asia,Japan,Suita,"千里万博公園2-1 三井ショッピングパークららぽーとEXPOCITY 3階 30300, 大阪府吹田市 565-0826, Japan",34.80562204,135.5363691,06-4864-8305,bam;pab,https://brickstorestamps.com/stores/store-lego-store-expocity,
store-lego-store-tachikawa-tachihi,LEGO® Store Tachikawa Tachihi,,official,,Asia,Japan,Tachikawa,"泉町935－1 三井ショッピングパーク ららぽーと立川立飛3F, 東京都立川市 190-0015, Japan",35.71324433,139.4179949,042-512-7905,bam;pab,https://brickstorestamps.com/stores/store-lego-store-tachikawa-tachihi,
store-lego-store-toki,LEGO® Store Toki,,official,,Asia,Japan,Toki,"土岐が丘1-2 土岐プレミアム・アウトレット 845区, 岐阜県土岐市 509-5196, Japan",35.3395426,137.1671967,v,bam;pab,https://brickstorestamps.com/stores/store-lego-store-toki,
store-lego-store-ariake-garden,LEGO® Store Ariake Garden,,official,,Asia,Japan,Tokyo,"江東区有明2-1-8 有明ガーデン３F 335, 東京都 135-0063, Japan",35.63844427,139.7931265,03-5962-4705,bam;pab,https://brickstorestamps.com/stores/store-lego-store-ariake-garden,
store-lego-store-divercity-tokyo-plaza,LEGO® Store DiverCity Tokyo Plaza,,official,,Asia,Japan,Tokyo,"江東区青海1-1-10 ダイバーシティ東京 プラザ 5F 51901, 東京都 135-0064, Japan",35.6249058,139.7752212,03-5962-4405,bam;pab,https://brickstorestamps.com/stores/store-lego-store-divercity-tokyo-plaza,
store-lego-store-futako-tamagawa,LEGO® Store Futako Tamagawa,,official,,Asia,Japan,Tokyo,"世田谷区玉川2-21-1 二子玉川ライズS.C. タウンフロント6F, 東京都 158-0094, Japan",35.6119462,139.6279313,03-6431-0405,bam;pab,https://brickstorestamps.com/stores/store-lego-store-futako-tamagawa,
store-lego-store-roppongi-hills,LEGO® Store Roppongi Hills,,official,,Asia,Japan,Tokyo,"港区六本木6-10-1 六本木ヒルズ ヒルサイド B2F, 東京都 106-6108, Japan",35.6597533,139.729747,03-5785-1705,bam;pab,https://brickstorestamps.com/stores/store-lego-store-roppongi-hills,
store-lego-store-tokyo-station,LEGO® Store Tokyo Station,,official,,Asia,Japan,Tokyo,"千代田区丸の内1-9-1 東京駅一番街 地下一階, 東京都 100-0005, Japan",35.6814345,139.7683457,03-3215-0105,bam;pab,https://brickstorestamps.com/stores/store-lego-store-tokyo-station,
store-legoland-discovery-center-tokyo,LEGOLAND Discovery Center Tokyo,,official,,Asia,Japan,Tokyo,,35.67686,139.76389,,,https://brickstorestamps.com/stores/store-legoland-discovery-center-tokyo,
store-lego-store-tosu,LEGO® Store Tosu,,official,,Asia,Japan,Tosu,"弥生が丘8-1 鳥栖プレミアム・アウトレット320区, 佐賀県鳥栖市 842-0005, Japan",33.40753666,130.5117149,0942-87-5205,bam;pab,https://brickstorestamps.com/stores/store-lego-store-tosu,
store-lego-store-okinawa-parco-city,LEGO® Store Okinawa Parco City,,official,,Asia,Japan,Urasoe (Okinawa),"西洲3-1-1 パルコシティ3F 3057, 沖縄県浦添市 901-2123, Japan",26.26196511,127.6979448,098-917 -1505,bam;pab,https://brickstorestamps.com/stores/store-lego-store-okinawa-parco-city,
store-lego-store-yokohama-bayside,LEGO® Store Yokohama Bayside,,official,,Asia,Japan,Yokohama,"金沢区白帆5－2 三井アウトレットパーク 横浜ベイサイド 10530, 神奈川県横浜市 236-0007, Japan",35.3800788,139.644941,045-374-3405,bam;pab,https://brickstorestamps.com/stores/store-lego-store-yokohama-bayside,
store-lego-store-yokohama-landmark-plaza,LEGO® Store Yokohama Landmark Plaza,,official,,Asia,Japan,Yokohama,"西区みなとみらい2-2-1 横浜ランドマークプラザ2F, 神奈川県横浜市 220-0012, Japan",35.45555997,139.6319929,045-670-0505,bam;pab,https://brickstorestamps.com/stores/store-lego-store-yokohama-landmark-plaza,
store-lego-certified-store-almaty,LEGO® Certified Store Almaty,,official,,Asia,Kazakhstan,Almaty,"MEGA Alma-Ata, Rozybakiev Street 247A / Abish Kekilbayuly Street 264, Almaty, Kazakhstan",43.2025,76.8921,,,https://brickstorestamps.com/stores/store-lego-certified-store-almaty,
store-lego-certified-store-360-mall,LEGO® Certified Store 360 Mall,,official,,Asia,Kuwait,Kuwait City,"360 Mall, M2 Level, Sixth Ring Road, South Surra, Al Zahra / Kuwait, Kuwait",29.37965,47.97342,,,https://brickstorestamps.com/stores/store-lego-certified-store-360-mall,
store-lego-store-avenues-mall,LEGO® Store Avenues Mall,,official,,Asia,Kuwait,Kuwait City,"Al-Rai, 5th Ring Road, Kuwait City, Kuwait",29.3023418,47.9340508,+965 2259 7410,bam;pab,https://brickstorestamps.com/stores/store-lego-store-avenues-mall,
store-lego-store-the-venetian-macao,LEGO Store The Venetian Macao,,official,,Asia,Macau,Macau,"澳門威尼斯人購物中心大運河街872及874號店, 澳門, Macau",22.18994,113.53805,+853 28330360,bam;pab,https://brickstorestamps.com/stores/store-lego-store-the-venetian-macao,
store-lego-mono-brand-store-bricks-smart-bandar-mahkota-cheras,LEGO® Mono Brand Store Bricks Smart (Bandar Mahkota Cheras),,official,,Asia,Malaysia,Cheras,"7, Jalan Temenggung 25/9, Bandar Mahkota Cheras, Cheras, Selangor 43200, Malaysia",3.09919,101.73742,016-3333913,,https://brickstorestamps.com/stores/store-lego-mono-brand-store-bricks-smart-bandar-mahkota-cheras,
store-lego-store-gurney-paragon-penang,LEGO® Store Gurney Paragon Penang,,official,,Asia,Malaysia,George Town,"Lot 163D-3-31A, Level 3, Gurney Paragon Mall, Persiaran Gurney, Penang, Kuala Lumpur 10250, Malaysia",5.4361802,100.3109977,(04) 371 7619,bam;pab,https://brickstorestamps.com/stores/store-lego-store-gurney-paragon-penang,
store-lego-store-queensbay-mall-penang,LEGO® Store Queensbay Mall Penang,,official,,Asia,Malaysia,George Town,"Lot 2F-97 & 98, 2nd Floor, Queensbay Mall, 100, Pesiaran Bayan Indah Bayan Lepas, Penang, Kuala Lumpur 11900, Malaysia",5.3328263,100.3068619,(04) 643 6102,bam;pab,https://brickstorestamps.com/stores/store-lego-store-queensbay-mall-penang,
store-legoland-malaysia,LEGOLAND Malaysia,,official,,Asia,Malaysia,Iskandar Puteri,,1.45227,103.61447,,bam;pab,https://brickstorestamps.com/stores/store-legoland-malaysia,
store-lego-store-the-mall-mid-valley-southkey,"LEGO® Store The Mall, Mid Valley Southkey",,official,,Asia,Malaysia,Johor Bahru,"G-055, The Mall, Mid Valley Southkey, Persiaran Southkey 1, Southkey, 80150 Johor Bahru, Johor, Kuala Lumpur 80150, Malaysia",1.500668,103.777607,+607-278 0667,bam;pab,https://brickstorestamps.com/stores/store-lego-store-the-mall-mid-valley-southkey,
store-lego-store-imago-mall-sabah,LEGO® Store iMAGO Mall Sabah,,official,,Asia,Malaysia,Kota Kinabalu,"Lot 2-16, 2nd Floor,IMAGO SHOPPING MALL, KK Times Square, Phase 2 , Off Coastal Highway, Kota Kinabalu,Sabah, Kuala Lumpur 88100, Malaysia",5.97341,116.0690312,(08) 8301730,bam;pab,https://brickstorestamps.com/stores/store-lego-store-imago-mall-sabah,
store-lego-store-kuala-lumpur-kul-klia1d,LEGO Store Kuala Lumpur KUL-KLIA1D,,official,,Asia,Malaysia,Kuala Lumpur,"Kuala Lumpur International Airport, Sepang 64000, Malaysia",3.1517,101.69424,,,https://brickstorestamps.com/stores/store-lego-store-kuala-lumpur-kul-klia1d,
store-lego-certified-store-the-gardens-mall,LEGO® Certified Store The Gardens Mall,,official,,Asia,Malaysia,Kuala Lumpur,"Lot T-203B, 3rd Floor, The Gardens Mall, Mid Valley City, Kuala Lumpur 59200, Malaysia",3.1517,101.69424,,,https://brickstorestamps.com/stores/store-lego-certified-store-the-gardens-mall,
store-lego-store-bangsar-village-ii,LEGO® Store Bangsar Village II,,official,,Asia,Malaysia,Kuala Lumpur,"2F-29&29(a), 2nd Floor, Bangsar Village II 2, Jalan Telawi 1 Bangsar, Kuala Lumpur 59100, Malaysia",3.131128,101.6692932,(03) 2282 4848,bam;pab,https://brickstorestamps.com/stores/store-lego-store-bangsar-village-ii,
store-lego-store-mid-valley-megamall,LEGO® Store Mid Valley Megamall,,official,,Asia,Malaysia,Kuala Lumpur,"T-009, 3rd Floor, Mid Valley Megamall Mid Valley City Lingkaran Syed Putra 59200 Kuala Lumpur, Kuala Lumpur 80150, Malaysia",3.11659,101.67596,03-2201 0885,bam;pab,https://brickstorestamps.com/stores/store-lego-store-mid-valley-megamall,
store-lego-store-pavilion-elite-kuala-lumpur,LEGO® Store Pavilion Elite Kuala Lumpur,,official,,Asia,Malaysia,Kuala Lumpur,"Lot 6.102, Level 6 Pavilion Elite Kuala Lumpur 168, Jalan Bukit Bintang, Wilayah Persekutuan, Kuala Lumpur 55100, Malaysia",3.1485656,101.7125126,(03) 2110 3377,bam;pab,https://brickstorestamps.com/stores/store-lego-store-pavilion-elite-kuala-lumpur,
store-lego-store-sunway-velocity-mall,LEGO® Store Sunway VeloCity Mall,,official,,Asia,Malaysia,Kuala Lumpur,"1-19, First Floor Lingkaran SV2 Sunway Velocity, Kuala Lumpur 55100, Malaysia",3.1517,101.69424,603-48165108,bam;pab,https://brickstorestamps.com/stores/store-lego-store-sunway-velocity-mall,
store-lego-store-suria-klcc,LEGO® Store Suria KLCC,,official,,Asia,Malaysia,Kuala Lumpur,"Lot 216-217, Second Flr, Suria KLCC , Kuala Lumpur City Centre, Kuala Lumpur 50088, Malaysia",3.1580595,101.7110489,03 2181 0127,bam;pab,https://brickstorestamps.com/stores/store-lego-store-suria-klcc,
store-lego-mono-brand-store-brickem-jalan-tun-jugah,LEGO® Mono Brand Store Brickem (Jalan Tun Jugah),,official,,Asia,Malaysia,Kuching,"Jalan Tun Jugah, Kuching, Sarawak, Malaysia",1.50664,110.34936,,,https://brickstorestamps.com/stores/store-lego-mono-brand-store-brickem-jalan-tun-jugah,
store-lego-mono-brand-store-brickem-vivacity-megamall,LEGO® Mono Brand Store Brickem (Vivacity Megamall),,official,,Asia,Malaysia,Kuching,,1.55976,110.3454,,,https://brickstorestamps.com/stores/store-lego-mono-brand-store-brickem-vivacity-megamall,
store-lego-store-the-spring-kuching,LEGO® Store The Spring Kuching,,official,,Asia,Malaysia,Kuching,"G24 & G25, Ground Floor, The Spring Kuching, No. 304, Persiaran, Kuching, Sarawak 93300, Malaysia",1.55976,110.3454,+608-2239749,bam;pab,https://brickstorestamps.com/stores/store-lego-store-the-spring-kuching,
store-lego-store-aeon-mall-bandaraya-melaka,LEGO® Store AEON Mall Bandaraya Melaka,,official,,Asia,Malaysia,Malacca,"Lot S01, 2nd Floor, AEON Mall Bandaraya Melaka, No. 2, Jalan Lagenda, Melaka 75400, Malaysia",2.32937,102.2881,+606-2899257,bam;pab,https://brickstorestamps.com/stores/store-lego-store-aeon-mall-bandaraya-melaka,
store-lego-store-penang-airport-pen,LEGO Store Penang Airport-PEN,,official,,Asia,Malaysia,Penang,"Penang International Airport, Jalan Lapangan Terbang Bayan Lepas, Domestic, Bayan Lepas, Penang 11900, Malaysia",5.4065,100.25591,,,https://brickstorestamps.com/stores/store-lego-store-penang-airport-pen,
store-lego-mono-brand-store-mighty-utan,LEGO® Mono Brand Store Mighty Utan,,official,,Asia,Malaysia,Petaling Jaya,"31G, Jalan PJU 5/20, Petaling Jaya, Selangor, Malaysia",3.1539,101.59433,,,https://brickstorestamps.com/stores/store-lego-mono-brand-store-mighty-utan,
store-lego-store-1utama,LEGO® Store 1Utama,,official,,Asia,Malaysia,Petaling Jaya,"Lot S227, Second Floor, 1 Utama Shopping Centre, Lebuh Bandar Utama, Bandar Utama City Centre, Bandar Utama, 47800 Petaling Jaya, Selangor, Kuala Lumpur 47800, Malaysia",3.147658,101.615424,+603-7733 7980,bam;pab,https://brickstorestamps.com/stores/store-lego-store-1utama,
store-lego-store-sunway-pyramid,LEGO® Store Sunway Pyramid,,official,,Asia,Malaysia,Petaling Jaya,"LG2.137 Sunway Pyramid Shopping Mall , No.3, Jalan PJS 11/15, Bandar Sunway, Petaling Jaya , Selangor Darul Ehsan, Kuala Lumpur 46150, Malaysia",3.0726944,101.6059362,03 5611 2429,bam;pab,https://brickstorestamps.com/stores/store-lego-store-sunway-pyramid,
store-lego-store-the-curve-damansara,LEGO® Store The Curve Damansara,,official,,Asia,Malaysia,Petaling Jaya,"1F-168, 6, Jalan PJU 7/3, Mutiara Damansara, 47800 Petaling Jaya, Selangor, Petaling Jaya, Selangor, Kuala Lumpur 47800, Malaysia",3.1575485,101.6118883,(03) 7732 8029,bam;pab,https://brickstorestamps.com/stores/store-lego-store-the-curve-damansara,
store-lego-store-ioi-city-mall-putrajaya,LEGO® Store IOI City Mall Putrajaya,,official,,Asia,Malaysia,Putrajaya,"L2-46, Level 2, IOI City Mall Lebuh IRC, IOI Resort City, PutraJaya, Kuala Lumpur 62502, Malaysia",2.969668,101.7122975,(03) 8938 9541,bam;pab,https://brickstorestamps.com/stores/store-lego-store-ioi-city-mall-putrajaya,
store-lego-mono-brand-store-bricks-smart-mitsui-outlet-park-klia,LEGO® Mono Brand Store Bricks Smart (Mitsui Outlet Park KLIA),,official,,Asia,Malaysia,Sepang,,2.80086,101.7094,,,https://brickstorestamps.com/stores/store-lego-mono-brand-store-bricks-smart-mitsui-outlet-park-klia,
store-lego-mono-brand-store-brickstown-creation-plazo,LEGO® Mono Brand Store Brickstown Creation (Plazo),,official,,Asia,Malaysia,Seremban,"73-G, Jalan Pusat Komersial Saujana 3, S2 Heights, Seremban, Negeri Sembilan 70300, Malaysia",2.70812,101.88753,,,https://brickstorestamps.com/stores/store-lego-mono-brand-store-brickstown-creation-plazo,
store-lego-store-setia-city-mall-shah-alam,LEGO® Store Setia City Mall Shah Alam,,official,,Asia,Malaysia,Shah Alam,"L1-18 & 19A, Level 1, Setia City Mall , Pesiaran Setia Dagang, Setia Alam, Shah Alam, Selangor, Kuala Lumpur 40170, Malaysia",3.1080986,101.459921,(03) 3362 4762,bam;pab,https://brickstorestamps.com/stores/store-lego-store-setia-city-mall-shah-alam,
store-lego-store-empire-shopping-gallery-subang-nu-empire,LEGO® Store Empire Shopping Gallery Subang/NU Empire,,official,,Asia,Malaysia,Subang Jaya,"F27, 1st Floor, Empire Shopping Gallery, Jalan SS16/1, Subang Jaya, Selangor, Kuala Lumpur 47500, Malaysia",3.081909,101.582759,(03) 5612 5127,bam;pab,https://brickstorestamps.com/stores/store-lego-store-empire-shopping-gallery-subang-nu-empire,
store-lego-store-altaria,LEGO® Store Altaria,,official,,North America,Mexico,Aguascalientes,"Blvd. a Zacatecas 849, Trojes de Alonso, Aguascalientes, Ags., Aguascalientes 20116, Mexico",21.9276,-102.29277,,bam;pab,https://brickstorestamps.com/stores/store-lego-store-altaria,
store-lego-store-la-isla-cancun,LEGO® Store La Isla Cancun,,official,,North America,Mexico,Cancún,"Boulevard Kukulkán Mz. 52 Lote 18-06 La Isla 2 - Zona Hotelera, Cancún 77500, Mexico",21.112673,-86.762587,,bam;pab,https://brickstorestamps.com/stores/store-lego-store-la-isla-cancun,
store-lego-store-fashion-mall-chihuahua,LEGO® Store Fashion Mall Chihuahua,,official,,North America,Mexico,Chihuahua,"Perif. de la Juventud 3501-Local L-72, L-73, Plaza del Sol, Chihuahua, Chih., Chihuahua 31207, Mexico",28.63687,-106.07675,,bam;pab,https://brickstorestamps.com/stores/store-lego-store-fashion-mall-chihuahua,
store-lego-store-averanda,LEGO® Store Averanda,,official,,North America,Mexico,Cuernavaca,"Mexico-Acapulco Km 73.573, Flore Magón, Cuernavaca, Mor., Cuernavaca 62370, Mexico",18,-99.19706,,bam;pab,https://brickstorestamps.com/stores/store-lego-store-averanda,
store-lego-store-la-ceiba,LEGO® Store La Ceiba,,official,,North America,Mexico,Culiacán,"Blvd. Pedro Infante #3000. Desarrollo Urbano 3 Ríos, Culiacán 80100, Mexico",24.79826,-107.42313,,bam;pab,https://brickstorestamps.com/stores/store-lego-store-la-ceiba,
store-lego-store-las-americas-ecatepec,LEGO® Store Las Américas Ecatepec,,official,,North America,Mexico,Ecatepec,"Centro Comercial Las Americas Ecatepec, Av. Central S/N, Fraccionamiento Las Americas, Ecatepec de Morelos, Estado de México, Ecatepec 55076, Mexico",19.59941,-99.04873,,bam;pab,https://brickstorestamps.com/stores/store-lego-store-las-americas-ecatepec,
store-lego-store-andares,LEGO® Store Andares,,official,,North America,Mexico,Guadalajara,"Blvrd Puerta de Hierro 4965, Puerta de Hierro, Guadalajara 44100, Mexico",20.71128,-103.41206,,bam;pab,https://brickstorestamps.com/stores/store-lego-store-andares,
store-lego-store-forum-tlaquepaque,LEGO® Store Forum Tlaquepaque,,official,,North America,Mexico,Guadalajara,"Blvd. Gral. Marcelino García Barragán 1828, Guadalajara 44840, Mexico",20.64722,-103.32117,,bam;pab,https://brickstorestamps.com/stores/store-lego-store-forum-tlaquepaque,
store-lego-store-galerias-guadalajara,LEGO® Store Galerias Guadalajara,,official,,North America,Mexico,Guadalajara,"Avenida Rafael Sanzio No. 150, Zapopan 45030, Mexico",20.6771,-103.431869,,bam;pab,https://brickstorestamps.com/stores/store-lego-store-galerias-guadalajara,
store-lego-store-midtown,LEGO® Store Midtown,,official,,North America,Mexico,Guadalajara,"Avenida Adolfo Lopez Mateos Norte No. 2405 Colonia Italia Providencia, Guadalajara 44648, Mexico",20.695047,-103.374998,,bam;pab,https://brickstorestamps.com/stores/store-lego-store-midtown,
store-lego-store-galerias-sonora,LEGO® Store Galerías Sonora,,official,,North America,Mexico,Hermosillo,"Av. Cultura 55, Local LO-D07 y D08, Proyecto Río Sonora Hermosillo XXI, Hermosillo 83280, Mexico",29.06574,-110.95041,,,https://brickstorestamps.com/stores/store-lego-store-galerias-sonora,
store-lego-store-altacia,LEGO® Store Altacia,,official,,North America,Mexico,León,"Blvd. Aeropuerto No.104 Centro Comercial Altacia, León 37530, Mexico",21.092837,-101.626551,,bam;pab,https://brickstorestamps.com/stores/store-lego-store-altacia,
store-lego-store-galerias-merida,LEGO® Store Galerías Mérida,,official,,North America,Mexico,Mérida,"Calle 3 300, Zona Industrial, Colonia Revolución, Mérida 97110, Mexico",20.96708,-89.62374,,bam;pab,https://brickstorestamps.com/stores/store-lego-store-galerias-merida,
store-lego-store-galerias-metepec,LEGO® Store Galerías Metepec,,official,,North America,Mexico,Metepec,"Blvd. Toluca-Metepec Norte 400, Arboleda-Ex Rancho la Purísima, Metepec 52140, Mexico",19.25896,-99.6205,,,https://brickstorestamps.com/stores/store-lego-store-galerias-metepec,
store-lego-store-metepec-town-square,LEGO® Store Metepec Town Square,,official,,North America,Mexico,Metepec,"Av. Ignacio Comonfort 1100, Metepec 52177, Mexico",19.26718,-99.60584,,bam;pab,https://brickstorestamps.com/stores/store-lego-store-metepec-town-square,
store-lego-store-paseo-acoxpa,LEGO Store Paseo Acoxpa,,official,,North America,Mexico,Mexico City,"Paseo Acoxpa, Ciudad de México, Mexico",19.29922,-99.13717,,,https://brickstorestamps.com/stores/store-lego-store-paseo-acoxpa,
store-lego-store-mitikah,LEGO® Store Mitikah,,official,,North America,Mexico,Mexico City,"Cto Interior Avenida Río Churubusco 601, Mexico City 03330, Mexico",19.36047,-99.16834,,bam;pab,https://brickstorestamps.com/stores/store-lego-store-mitikah,
store-lego-store-parque-lindavista,LEGO® Store Parque Lindavista,,official,,North America,Mexico,Mexico City,"Colector 13 280, Magdalena de las Salinas, Gustavo A. Madero, Mexico City 07760, Mexico",19.4867,-99.13165,,bam;pab,https://brickstorestamps.com/stores/store-lego-store-parque-lindavista,
store-lego-store-parque-tepeyac,LEGO® Store Parque Tepeyac,,official,,North America,Mexico,Mexico City,"Eduardo Molina 6730, Granjas Modernas, Gustavo A. Madero, Mexico City 07460, Mexico",19.43263,-99.13318,,bam;pab,https://brickstorestamps.com/stores/store-lego-store-parque-tepeyac,
store-lego-store-perisur,LEGO® Store Perisur,,official,,North America,Mexico,Mexico City,"Anillo Perif. Blvd. Adolfo López Mateos 4690 Colonia Jardines del Pedregal de San Angel, Ciudad de México 04500, Mexico",19.304079,-99.189937,,bam;pab,https://brickstorestamps.com/stores/store-lego-store-perisur,
store-lego-store-santa-fe,LEGO® Store Santa Fe,,official,,North America,Mexico,Mexico City,"Avenida Vasco de Quiroga 3800 Colonia Santa Fe Cuajimalpa, Ciudad de México 05109, Mexico",19.36158,-99.273249,,bam;pab,https://brickstorestamps.com/stores/store-lego-store-santa-fe,
store-lego-store-cumbres-monterrey,LEGO® Store Cumbres Monterrey,,official,,North America,Mexico,Monterrey,"Plaza Cumbres, Av. Paseo de los Leones, Cumbres, Monterrey 64610, Mexico",25.73213,-100.39599,,bam;pab,https://brickstorestamps.com/stores/store-lego-store-cumbres-monterrey,
store-lego-store-fashion-drive-monterry,LEGO® Store Fashion Drive Monterry,,official,,North America,Mexico,Monterrey,"Fashion Drive, San Pedro Garza García (Monterrey), Mexico",25.6802,-100.31526,,bam;pab,https://brickstorestamps.com/stores/store-lego-store-fashion-drive-monterry,
store-lego-store-galerias-monterrey,LEGO® Store Galerías Monterrey,,official,,North America,Mexico,Monterrey,"Av Insurgentes 2500, Vista Hermosa Monterrey, N.L., Mexico, Monterrey 64620, Mexico",25.68373,-100.35459,,bam;pab,https://brickstorestamps.com/stores/store-lego-store-galerias-monterrey,
store-lego-store-punto-valle,LEGO® Store Punto Valle,,official,,North America,Mexico,Monterrey,"Rio Missouri 555, Monterrey 66220, Mexico",25.659163,-100.354516,,bam;pab,https://brickstorestamps.com/stores/store-lego-store-punto-valle,
store-lego-store-plaza-satelite,LEGO® Store Plaza Satélite,,official,,North America,Mexico,Naucalpan,"Cto Centro Comercial 2251, Cd. Satélite, 53100 Naucalpan de Juárez, Méx., Mexico City 53100, Mexico",19.47884,-99.2328,,bam;pab,https://brickstorestamps.com/stores/store-lego-store-plaza-satelite,
store-lego-store-galerias-pachuca,LEGO® Store Galerias Pachuca,,official,,North America,Mexico,Pachuca,"Camino Real de La Plata 102 Zona Plateada, Pachuca 42083, Mexico",20.098195,-98.774794,,bam;pab,https://brickstorestamps.com/stores/store-lego-store-galerias-pachuca,
store-lego-store-angelopolis,LEGO® Store Angelópolis,,official,,North America,Mexico,Puebla,"Blvrd del Niño Poblano 2510, Puebla 72197, Mexico",19.03234,-98.23385,,bam;pab,https://brickstorestamps.com/stores/store-lego-store-angelopolis,
store-lego-store-premier-puebla,LEGO® Store Premier Puebla,,official,,North America,Mexico,Puebla,"Outlet Puebla Premier, Autopista México-Puebla km 115, San Francisco Ocotlán 72680, Mexico",19.13217,-98.26659,222 226 7000,,https://brickstorestamps.com/stores/store-lego-store-premier-puebla,
store-lego-store-antea,LEGO® Store Antea,,official,,North America,Mexico,Querétaro,"C.C. Antea, Loc. SA-03C, Carretera Querétaro-San Luis Potosí 12401. Col. El Salitre, Querétaro 76127, Mexico",20.5923,-100.39174,,bam;pab,https://brickstorestamps.com/stores/store-lego-store-antea,
store-lego-store-galerias-queretaro,LEGO® Store Galerias Queretaro,,official,,North America,Mexico,Querétaro,"Av. 5 de Febrero 99, Querétaro 76175, Mexico",20.578001,-100.405076,,bam;pab,https://brickstorestamps.com/stores/store-lego-store-galerias-queretaro,
store-lego-store-galerias-saltillo,LEGO® Store Galerías Saltillo,,official,,North America,Mexico,Saltillo,"Blvrd. Nazario Ortiz Garza 2345, Tanque de Peña, Saltillo, Coah, Saltillo 25279, Mexico",25.45858,-100.97936,,bam;pab,https://brickstorestamps.com/stores/store-lego-store-galerias-saltillo,
store-lego-store-the-park-slp,LEGO® Store The Park SLP,,official,,North America,Mexico,San Luis Potosí,"Boulevard Antonio Rocha Cordero número 157, Fraccionamiento Desarrollo del Pedregal, San Luis Potosí, San Luis Potosí, San Luis Potosí 78124, Mexico",22.15165,-100.9764,,bam;pab,https://brickstorestamps.com/stores/store-lego-store-the-park-slp,
store-lego-store-peninsula-tijuana,LEGO® Store Península Tijuana,,official,,North America,Mexico,Tijuana,"Vía Rápida Ote. 15000-Local SA-08, Tijuana 22110, Mexico",32.51491,-116.96183,,bam;pab,https://brickstorestamps.com/stores/store-lego-store-peninsula-tijuana,
store-lego-store-andamar-veracruz,LEGO® Store Andamar Veracruz,,official,,North America,Mexico,Veracruz,"Bv. Adolfo Ruíz Cortines 4300, Mocambo, Veracruz, Ver., Veracruz 94298, Mexico",19.20034,-96.13836,,bam;pab,https://brickstorestamps.com/stores/store-lego-store-andamar-veracruz,
store-lego-store-altabrisa-tabasco,LEGO® Store Altabrisa Tabasco,,official,,North America,Mexico,Villahermosa,"Perif. Carlos Pellicer Cámara 129-Local 59, Real del Sur, 1° de Mayo, Villahermosa 86190, Mexico",17.96622,-92.9407,,,https://brickstorestamps.com/stores/store-lego-store-altabrisa-tabasco,
store-lego-store-amsterdam,LEGO® Store Amsterdam,,official,,Europe,Netherlands,Amsterdam,"Kalverstraat 57, Amsterdam 1012 NZ, Netherlands",52.37308,4.89245,+31 207930620,bam;minifigure_factory;mosaic_maker;pab,https://brickstorestamps.com/stores/store-lego-store-amsterdam,
store-lego-store-mall-of-the-netherlands,LEGO® Store Mall of the Netherlands,,official,,Europe,Netherlands,Leidschendam,"Berkenhove 2, Leidschendam 2262 AK, Netherlands",52.08927,4.384,+31 707013850,bam;pab,https://brickstorestamps.com/stores/store-lego-store-mall-of-the-netherlands,
store-lego-store-rotterdam,LEGO Store Rotterdam,,official,,Europe,Netherlands,Rotterdam,"Beurstraverse 103-107, Koopgoot, Rotterdam 3012 AT, Netherlands",51.92444,4.47775,+31 102590021,bam;pab,https://brickstorestamps.com/stores/store-lego-store-rotterdam,
store-legoland-discovery-centre-scheveningen,LEGOLAND Discovery Centre Scheveningen,,official,,Europe,Netherlands,Scheveningen,,52.10674,4.27369,,,https://brickstorestamps.com/stores/store-legoland-discovery-centre-scheveningen,
store-lego-store-the-hague,LEGO® Store The Hague,,official,,Europe,Netherlands,The Hague,"Spuistraat 10, Den Haag 2511 BD, Netherlands",52.07724,4.31114,+31 707013866,bam;pab,https://brickstorestamps.com/stores/store-lego-store-the-hague,
store-lego-store-utrecht,LEGO® Store Utrecht,,official,,Europe,Netherlands,Utrecht,"Hoog Catharijne Mall, Hoog Catharijnepassage 7, Utrecht 3511 WP, Netherlands",52.091271,5.112907,+31 30 899 3546,bam;pab,https://brickstorestamps.com/stores/store-lego-store-utrecht,
store-lego-store-auckland,LEGO® Store Auckland,,official,,Oceania,New Zealand,Auckland,,-36.85209,174.76318,,bam;pab,https://brickstorestamps.com/stores/store-lego-store-auckland,
store-lego-store-newmarket,LEGO® Store Newmarket,,official,,Oceania,New Zealand,Auckland,"Shop 302, Level 3, Westfield Newmarket, 277/309 Broadway, Newmarket, Auckland 1023, New Zealand",-36.8717849,174.7755075,(09) 884 9389,bam;pab,https://brickstorestamps.com/stores/store-lego-store-newmarket,
store-lego-store-sylvia-park,LEGO® Store Sylvia Park,,official,,Oceania,New Zealand,Auckland,"286 Mount Wellington Highway, Level 1, Shop SHS238, Sylvia Park Shopping Centre, Mount Wellington, Auckland 1060, New Zealand",-36.85209,174.76318,+64 4886 2362,bam;pab,https://brickstorestamps.com/stores/store-lego-store-sylvia-park,
store-lego-store-christtown,LEGO® Store Christchurch,,official,,Oceania,New Zealand,Christchurch,,-43.53095,172.63643,,bam;pab,https://brickstorestamps.com/stores/store-lego-store-christtown,
store-lego-store-westfield-riccarton,LEGO® Store Westfield Riccarton,,official,,Oceania,New Zealand,Christchurch,"Shop S230,Westfield Riccarton,129 Riccarton Road, Riccarton Christchurch 8041, New Zealand",-43.530835272730656,172.59907976119408,+64 3660 2953,bam;pab,https://brickstorestamps.com/stores/store-lego-store-westfield-riccarton,
store-lego-store-wellington,LEGO® Store Wellington,,official,,Oceania,New Zealand,Wellington,"Part ground floor, Shop 11 Aon Centre, 1 Willis Street, Wellington 6011, New Zealand",-41.2888,174.77721,(04) 886 2361,bam;pab,https://brickstorestamps.com/stores/store-lego-store-wellington,
store-lego-store-altaplaza,LEGO® Store Altaplaza,,official,,Central America,Panama,Panama City,"Altaplaza Mall, Nivel 2, Local 2-207 Via Centenario, Ciudad de Panamá, Panama",9.029489,-79.534156,+507 200 2296,bam;pab,https://brickstorestamps.com/stores/store-lego-store-altaplaza,
store-lego-store-multiplaza,LEGO® Store Multiplaza,,official,,Central America,Panama,Panama City,"Multiplaza Pacific Mall, Local B-115, Calle Isaac Hanono MisSRI, Via Israel, Ciudad de Panamá, Panama",8.9869,-79.510533,+507 398 9310,bam;pab,https://brickstorestamps.com/stores/store-lego-store-multiplaza,
store-lego-store-arequipa,LEGO® Store Arequipa,,official,,South America,Peru,Arequipa,"Aventura Mall. Av. Porongoche 500, Paucarpata, Arequipa 04002, Peru",-16.41528,-71.51567,+511 054601221,bam;pab,https://brickstorestamps.com/stores/store-lego-store-arequipa,
store-lego-store-jockey-plaza,LEGO® Store Jockey Plaza,,official,,South America,Peru,Lima,"Av. Javier Prado Este 4200, Lima 15023, Peru",-12.082629,-76.97724,+511 437 7706,bam;pab,https://brickstorestamps.com/stores/store-lego-store-jockey-plaza,
store-lego-store-plaza-norte,LEGO® Store Plaza Norte,,official,,South America,Peru,Lima,"Av. Alfredo Mendiola 1400. C.C, Lima 15311, Peru",-12.003926,-77.058676,+511 533 3948,bam;pab,https://brickstorestamps.com/stores/store-lego-store-plaza-norte,
store-lego-store-real-plaza-salaverry,LEGO® Store Real Plaza Salaverry,,official,,South America,Peru,Lima,"Av. Gral. Salaverry 2370, Jesús María, Peru, Lima 15076, Peru",-12.04598,-77.03059,+511 977 853 789,bam;pab,https://brickstorestamps.com/stores/store-lego-store-real-plaza-salaverry,
store-lego-store-san-miguel,LEGO® Store San Miguel,,official,,South America,Peru,Lima,"CC Plaza San Miguel 323, int. T323 Av. La Marina s/n, Lima 15086, Peru",-12.074991,-77.082469,+511 566 1500,bam;pab,https://brickstorestamps.com/stores/store-lego-store-san-miguel,
store-lego-store-lcs-vermosa,LEGO® Store LCS Vermosa,,official,,Asia,Philippines,Imus,"Bldg. D GF NF 26-28 Ayala Malls Vermosa Daang Hari Rd. Cor. Vermosa Blvd. Pasong Buaya I, Imus Cavite 4103, Philippines",14.42902,120.93658,+63 919 0938 990,bam;pab,https://brickstorestamps.com/stores/store-lego-store-lcs-vermosa,
store-lego-lcs-shangri-la-mall,LEGO® LCS Shangri-la Mall,,official,,Asia,Philippines,Mandaluyong,"Unit 5022-5023 Level 5. East Wing Shangri-La Mall EDSA corner Shaw Boulevard, Mandaluyong City  1552, Philippines",14.57744,121.0339,"0998-5515798, (02) 8-7086417",bam;pab,https://brickstorestamps.com/stores/store-lego-lcs-shangri-la-mall,
store-lego-store-lcs-ayala-malls-manila-bay,LEGO® Store LCS Ayala Malls Manila Bay,,official,,Asia,Philippines,Manila,"Ayala Mall Manila Bay, Ground Floor, Unit G218A Diosdado Macapagal Blvd, cor Aseana Ave, Parañaque 1701, Philippines",14.59045,120.98036,+63 939 929 5053,bam;pab,https://brickstorestamps.com/stores/store-lego-store-lcs-ayala-malls-manila-bay,
store-lego-store-lcs-park-triangle,LEGO® Store LCS Park Triangle,,official,,Asia,Philippines,Manila,"Unit No. 6 Park Triangle BLDG North Bonifacio High Street Central 11th ave., Manila 1635, Philippines",14.55350965,121.0547554,"09985515792, (028) 742-1944",bam;pab,https://brickstorestamps.com/stores/store-lego-store-lcs-park-triangle,
store-lego-store-lcs-atc-alabang-town-centre,LEGO® Store LCS ATC Alabang Town Centre,,official,,Asia,Philippines,Muntinlupa,"Unit 1202 G/F Alabang Town Center Ayala Alabang Muntinlupa City, Manila 1780, Philippines",14.38926,121.04491,9989854988,bam;pab,https://brickstorestamps.com/stores/store-lego-store-lcs-atc-alabang-town-centre,
store-lego-store-lcs-trinoma,LEGO® Store LCS Trinoma,,official,,Asia,Philippines,Quezon City,"Unit 1034 Level 1 Trinoma Mall EDSA cor North Avenue Barangay Bagong Pag Asa Quezon City, Manila 1105, Philippines",14.6530787,121.0333112,"09985515799, (027) 943-2354",bam;pab,https://brickstorestamps.com/stores/store-lego-store-lcs-trinoma,
store-lego-store-lcs-u-p-town-centre,LEGO® Store LCS U.P. Town Centre,,official,,Asia,Philippines,Quezon City,"C131 1st level Phase 2 U.P. Town Center Katipunan Ave., Quezon City 1101, Philippines",14.65105,121.04863,"09985515794, (027) 943-9600",bam;pab,https://brickstorestamps.com/stores/store-lego-store-lcs-u-p-town-centre,
store-lego-store-gdansk,LEGO® Store Gdańsk,,official,,Europe,Poland,Gdańsk,"Centrum handlowe Forum Gdańsk, Targ Sienny 7, Gdańsk 80-806, Poland",54.35603,18.64612,+48 587657578,bam;pab,https://brickstorestamps.com/stores/store-lego-store-gdansk,
store-lego-store-katowice,LEGO® Store Katowice,,official,,Europe,Poland,Katowice,"Galeria Katowicka, ul. 3-go Maja 30, Katowice 40-097, Poland",50.2599,19.02159,+48327338122,bam;pab,https://brickstorestamps.com/stores/store-lego-store-katowice,
store-lego-store-krakow,LEGO® Store Kraków,,official,,Europe,Poland,Kraków,"Centrum handlowe Bonarka, ul. Kamieńskiego 11, Kraków 30-644, Poland",50.06195,19.93686,+48123410180,bam;pab,https://brickstorestamps.com/stores/store-lego-store-krakow,
store-lego-store-odz,LEGO® Store Łódź,,official,,Europe,Poland,Łódź,"Centrum handlowe Manufaktura, ul. Drewnowska 58, Łódź 91- 002, Poland",51.77889,19.44972,+48 422315994,bam;pab,https://brickstorestamps.com/stores/store-lego-store-odz,
store-lego-store-poznan,LEGO® Store Poznań,,official,,Europe,Poland,Poznań,"Centrum handlowe Centrum Posnania, ul. Pleszewska 1, Poznań 61-136, Poland",52.39381,16.94827,+48 616280721,bam;pab,https://brickstorestamps.com/stores/store-lego-store-poznan,
store-lego-store-szczecin,LEGO® Store Szczecin,,official,,Europe,Poland,Szczecin,"Galaxy Centrum, al. Wyzwolenia 18/20, Szczecin 70-554, Poland",53.42981,14.59287,,,https://brickstorestamps.com/stores/store-lego-store-szczecin,
store-lego-store-mokotow,LEGO® Store Mokotów,,official,,Europe,Poland,Warsaw,"Centrum handlowe Westfield Mokotów, Wołoska 12, Warszawa 02-675, Poland",52.17956861,21.00441427,+48 224399151,bam;pab,https://brickstorestamps.com/stores/store-lego-store-mokotow,
store-lego-store-warszawa,LEGO® Store Warszawa,,official,,Europe,Poland,Warsaw,"Centrum handlowe Westfield Arkadia, al. Jana Pawła II 82, Warszawa 00-175, Poland",52.25695042,20.98554082,+48 224399141,bam;pab,https://brickstorestamps.com/stores/store-lego-store-warszawa,
store-lego-store-magnolia-park,LEGO® Store Magnolia Park,,official,,Europe,Poland,Wrocław,"Magnolia Park, Legnicka 58, Wrocław 54-205, Poland",51.12631,16.9782,,,https://brickstorestamps.com/stores/store-lego-store-magnolia-park,
store-lego-store-wroc-aw,LEGO® Store Wrocław,,official,,Europe,Poland,Wrocław,"Centrum Handlowe Wroclavia, ul. Sucha 1, Wrocław 50-086, Poland",51.10898,17.03267,+48 717571617,bam;pab,https://brickstorestamps.com/stores/store-lego-store-wroc-aw,
store-lego-store-coimbria,LEGO Store Coimbria,,official,,Europe,Portugal,Coimbra,,40.21119,-8.42946,,bam;pab,https://brickstorestamps.com/stores/store-lego-store-coimbria,
store-lego-store-combria,LEGO Store Combria,,official,,Europe,Portugal,Coimbra,,40.21119,-8.42946,,bam;pab,https://brickstorestamps.com/stores/store-lego-store-combria,
store-lego-certified-store-coimbra,LEGO® Certified Store Coimbra,,official,,Europe,Portugal,Coimbra,"Forum Coimbra, Av. José Bonifácio de Andrada e Silva, 1. Santa Clara. 3040-389, Coimbra 3040-389, Portugal",40.21119,-8.42915,+351 239 120 345,,https://brickstorestamps.com/stores/store-lego-certified-store-coimbra,
store-lego-aeroporto-humberto-delgado-lisbon-airport,LEGO (Aeroporto Humberto Delgado / Lisbon Airport),,official,,Europe,Portugal,Lisbon,,38.70775,-9.13659,,,https://brickstorestamps.com/stores/store-lego-aeroporto-humberto-delgado-lisbon-airport,
store-lego-store-armazens-do-chiado,LEGO® Store Armazéns Do Chiado,,official,,Europe,Portugal,Lisbon,"R. do Carmo, 1200-094, Lisboa, Portugal",38.70775,-9.13659,+351 211 250 321,bam;pab,https://brickstorestamps.com/stores/store-lego-store-armazens-do-chiado,
store-lego-store-lisbon,LEGO® Store Lisbon,,official,,Europe,Portugal,Lisbon,"Centro Colombo, Av. Lusíada, Lisboa 1500-392, Portugal",38.7546615,-9.1888614,+351 21 942 9436,bam;pab,https://brickstorestamps.com/stores/store-lego-store-lisbon,
store-lego-store-norteshopping-porto,LEGO® Store NorteShopping Porto,,official,,Europe,Portugal,Porto,"R. Sara Afonso, 4460-841, Sra. da Hora, Portugal",41.15022,-8.61035,00351-227155912,bam;pab,https://brickstorestamps.com/stores/store-lego-store-norteshopping-porto,
store-lego-store-doha-festival-city,LEGO® Store Doha Festival City,,official,,Asia,Qatar,Doha,"Festival City, Doha, Qatar, Qatar",25.385188,51.442699,+974 4463 2983,bam;pab,https://brickstorestamps.com/stores/store-lego-store-doha-festival-city,
store-lego-store-mall-of-qatar-certified-store,LEGO® Store Mall of Qatar (Certified Store),,official,,Asia,Qatar,Doha,"Mall of Qatar, Ground Floor, Al Rayyan, Qatar, Qatar",25.32674,51.34988,+97466207742,bam;pab,https://brickstorestamps.com/stores/store-lego-store-mall-of-qatar-certified-store,
store-lego-store-place-vendome-mall,LEGO® Store Place Vendôme Mall,,official,,Asia,Qatar,Doha,"Place Vendôme Mall, Lusail (Doha), Qatar",25.31088,51.50818,,,https://brickstorestamps.com/stores/store-lego-store-place-vendome-mall,
store-lego-store-the-gate-mall,LEGO® Store The Gate Mall,,official,,Asia,Qatar,Doha,"Ground Floor, North Entarance 2 - The Gate Mall, al Dafna Qatar, Doha, Qatar, Qatar",25.28563,51.52642,+97466403330,bam;pab,https://brickstorestamps.com/stores/store-lego-store-the-gate-mall,
store-lego-store-coresi-shopping-centre,LEGO® Store Coresi Shopping Centre,,official,,Europe,Romania,Brașov,"Str.Zaharia Stancu Nr.1, Brașov 500167, Romania",45.672373,25.6180239,0759 025 788,bam;pab,https://brickstorestamps.com/stores/store-lego-store-coresi-shopping-centre,
store-lego-store-afi-cotroceni,LEGO® Store AFI Cotroceni,,official,,Europe,Romania,Bucharest,"Bulevardul General Vasile Milea 4, Bucuresti 061344, Romania",44.4308388,26.0516815,0759 025 788,bam;pab,https://brickstorestamps.com/stores/store-lego-store-afi-cotroceni,
store-lego-store-baneasa-shopping-city,LEGO® Store Baneasa Shopping City,,official,,Europe,Romania,Bucharest,,44.43614,26.10268,,bam;pab,https://brickstorestamps.com/stores/store-lego-store-baneasa-shopping-city,
store-lego-store-mega-mal,LEGO® Store Mega Mal,,official,,Europe,Romania,Bucharest,"Blvd Pierre de Coubertin 305, București, Romania",44.442253,26.1519633,,bam;pab,https://brickstorestamps.com/stores/store-lego-store-mega-mal,
store-lego-store-park-lake-shopping-centre,LEGO® Store Park Lake Shopping Centre,,official,,Europe,Romania,Bucharest,"Str. Liviu Rebreanu 4, Bucuresti 031749, Romania",44.4203925,26.1483137,0759 025 788,bam;pab,https://brickstorestamps.com/stores/store-lego-store-park-lake-shopping-centre,
store-lego-store-promenada-mall,LEGO® Store Promenada Mall,,official,,Europe,Romania,Bucharest,"Calea Floreasca 244-246, Bucuresti 014476, Romania",44.4781037,26.1032565,0759 025 788,bam;pab,https://brickstorestamps.com/stores/store-lego-store-promenada-mall,
store-lego-store-sun-plaza-shopping-centre,LEGO® Store Sun Plaza Shopping Centre,,official,,Europe,Romania,Bucharest,"Calea Vacaresti 391, Bucuresti 040055, Romania",44.3945983,26.123602,0759 025 788,bam;pab,https://brickstorestamps.com/stores/store-lego-store-sun-plaza-shopping-centre,
store-lego-store-vivo-mall,LEGO® Store VIVO! Mall,,official,,Europe,Romania,Cluj-Napoca,"Strada Avram Iancu 492-500, Florești,, Cluj 407280, Romania",46.7508245,23.5324852,0759 025 788,bam;pab,https://brickstorestamps.com/stores/store-lego-store-vivo-mall,
store-lego-store-city-park-mall,LEGO® Store City Park Mall,,official,,Europe,Romania,Constanța,"Bd-ul Alexandru Lapusneanu 116C, Constanta 900001, Romania",44.2021398,28,0759 025 788,bam;pab,https://brickstorestamps.com/stores/store-lego-store-city-park-mall,
store-lego-store-promenda-mall-craiova,LEGO® Store Promenada Mall Craiova,,official,,Europe,Romania,Craiova,,44.31902,23.79656,,bam;pab,https://brickstorestamps.com/stores/store-lego-store-promenda-mall-craiova,
store-lego-store-mall-moldova-lasi,LEGO® Store Mall Moldova Iași,,official,,Europe,Romania,Iași,,47.16156,27.58378,,bam;pab,https://brickstorestamps.com/stores/store-lego-store-mall-moldova-lasi,
store-lego-store-afi-ploiesti,LEGO® Store AFI Ploiești,,official,,Europe,Romania,Ploiești,"Str. Calomfirescu 2, Ploiești 100176, Romania",44.946316,26.0314162,0759 025 788,bam;pab,https://brickstorestamps.com/stores/store-lego-store-afi-ploiesti,
store-lego-store-shopping-city-timisoara,LEGO® Store Shopping City Timisoara,,official,,Europe,Romania,Timișoara,,45.75384,21.22575,,bam;pab,https://brickstorestamps.com/stores/store-lego-store-shopping-city-timisoara,
store-lego-store-mall-of-dhahran,LEGO® Store Mall of Dhahran,,official,,Asia,Saudi Arabia,Dhahran,"Mall of Dhahran Blvd, Al Dawhah Al Janubiyah, Dhahran 34457, Saudi Arabia",26.29665,50.12021,+966 13 842 3470,bam;pab,https://brickstorestamps.com/stores/store-lego-store-mall-of-dhahran,
store-lego-store-mall-of-arabia,LEGO® Store Mall of Arabia,,official,,Asia,Saudi Arabia,Jeddah,"Al-Madinah Al-Munawarah Rd, An Nuzhah, Jeddah 23532, Saudi Arabia",21.55044,39.17424,+966 12 250 1112,bam;pab,https://brickstorestamps.com/stores/store-lego-store-mall-of-arabia,
store-lego-store-red-sea-mall-as-of-updating-this-list-this-store-no-longer-has-stamps,LEGO® Store Red Sea Mall,,official,,Asia,Saudi Arabia,Jeddah,"Red Sea Mall, King Abdulaziz Branch Rd, North, Jeddah 21246, Saudi Arabia",21.55044,39.17424,+966 12 670 3903,bam;pab,https://brickstorestamps.com/stores/store-lego-store-red-sea-mall-as-of-updating-this-list-this-store-no-longer-has-stamps,
store-lego-store-makkah-mall,LEGO® Store Makkah Mall,,official,,Asia,Saudi Arabia,Mecca,"Makkah Mall, King Abdullah Rd, Al Jamiah, Makkah 24246, Saudi Arabia",21.42085,39.82687,+966 12 542 8077,bam;pab,https://brickstorestamps.com/stores/store-lego-store-makkah-mall,
store-lego-store-aliyah-mall,LEGO® Store Aliyah Mall,,official,,Asia,Saudi Arabia,Medina,"Aliyah Mall (عالية مول), Medina (Al Madinah), Saudi Arabia",24.47115,39.61112,,,https://brickstorestamps.com/stores/store-lego-store-aliyah-mall,
store-lego-store-granada-mall,LEGO® Store Granada Mall,,official,,Asia,Saudi Arabia,Riyadh,"Eastern Ring Branch Rd, Riyadh 12483, Saudi Arabia",24.63892,46.71601,+966 11 240 1101,bam;pab,https://brickstorestamps.com/stores/store-lego-store-granada-mall,
store-lego-store-nakheel-mall,LEGO® Store Nakheel Mall,,official,,Asia,Saudi Arabia,Riyadh,"Exit 9, Al Imam Saud Ibn Abdul Aziz Branch Rd, Al Mughrizat, Riyadh 12483, Saudi Arabia",24.63892,46.71601,+966 11 210 5388,bam;pab,https://brickstorestamps.com/stores/store-lego-store-nakheel-mall,
store-lego-store-panorama-mall,LEGO® Store Panorama Mall,,official,,Asia,Saudi Arabia,Riyadh,"Al Mathar Ash Shamali, 6526, Riyadh 12332, Saudi Arabia",24.63892,46.71601,+966 11 238 8558,bam;pab,https://brickstorestamps.com/stores/store-lego-store-panorama-mall,
store-lego-store-riyadh-park-mall,LEGO® Store Riyadh Park Mall,,official,,Asia,Saudi Arabia,Riyadh,"Park Mall, Nortern Ring Br Rd, Al Aqiq, Riyadh 11564, Saudi Arabia",24.63892,46.71601,+966 11 257 7179,bam;pab,https://brickstorestamps.com/stores/store-lego-store-riyadh-park-mall,
store-lego-store-belgrade,LEGO® Store Belgrade,,official,,Europe,Serbia,Belgrade,"Bulevar Mihajla Pupina 4, Beograd 11000 - Ušće Shopping Centar 2nd floor, Belgrade 11000, Serbia",44.819981,20,+381 11 4039655,bam;pab,https://brickstorestamps.com/stores/store-lego-store-belgrade,
store-lego-store-jewel-changi-airport-26-5-26-26-7-26,LEGO Store Jewel Changi Airport,,official,,Asia,Singapore,Singapore,,1.28992,103.85191,,,https://brickstorestamps.com/stores/store-lego-store-jewel-changi-airport-26-5-26-26-7-26,
store-lego-store-singapore-sin-t3-have-stamps,LEGO Store Singapore SIN - T3,,official,,Asia,Singapore,Singapore,"Changi Airport, Terminal 3, 65 Airport Boulevard, Singapore 819663, Singapore",1.28992,103.85191,,,https://brickstorestamps.com/stores/store-lego-store-singapore-sin-t3-have-stamps,
store-lego-store-singapore-sin-t4-have-stamps,LEGO Store Singapore SIN - T4,,official,,Asia,Singapore,Singapore,"Changi Airport, Terminal 4, 10 Airport Boulevard, Singapore 819665, Singapore",1.28992,103.85191,,,https://brickstorestamps.com/stores/store-lego-store-singapore-sin-t4-have-stamps,
store-lego-certified-store-hillion-mall,LEGO® Certified Store Hillion Mall (Pop-up),,closed,2025,Asia,Singapore,Singapore,"Shop B1-02, B1/F, Hillion Mall, 17 Petir Road, Singapore 678278, Singapore",1.37845,103.76331,,,https://brickstorestamps.com/stores/store-lego-certified-store-hillion-mall,
store-lego-certified-store-vivocity,LEGO® Certified Store VivoCity,,official,,Asia,Singapore,Singapore,"1 HarbourFront Walk, #02-90, VivoCity, Singapore, Singapore",1.28992,103.85191,+65 6465 9230,,https://brickstorestamps.com/stores/store-lego-certified-store-vivocity,
store-lego-store-compass-one-certified-store,LEGO® Store Compass One (Certified Store),,official,,Asia,Singapore,Singapore,"1 Sengkang Square #03-08/09, Compass One, Singapore 545078, Singapore",1.3923953,103.895119,+65 63866186,bam;pab,https://brickstorestamps.com/stores/store-lego-store-compass-one-certified-store,
store-lego-store-ion-certified-store-have-stamps-have-stamps,LEGO® Store ION (Certified Store),,official,,Asia,Singapore,Singapore,"2 Orchard Turn #04-15 ION Orchard, Singapore 238801, Singapore",1.3045543,103.8326426,+65 6634 0952,bam;pab,https://brickstorestamps.com/stores/store-lego-store-ion-certified-store-have-stamps-have-stamps,
store-lego-store-jem-certified-store-have-stamps,LEGO® Store JEM (Certified Store),,official,,Asia,Singapore,Singapore,"Jem, 50 Jurong Gateway Rd, #04 - 42, Singapore 608549, Singapore",1.3333261,103.7433056,+65 67347603,bam;pab,https://brickstorestamps.com/stores/store-lego-store-jem-certified-store-have-stamps,
store-lego-store-jurong-point-certified-store,LEGO® Store Jurong Point (Certified Store),,official,,Asia,Singapore,Singapore,"Jurong Point, 2 #B1-23, 63 Jurong West Central 3, Singapore 648331, Singapore",1.3392654,103.7061076,+65 67907663,bam;pab,https://brickstorestamps.com/stores/store-lego-store-jurong-point-certified-store,
store-lego-store-nex-certified-store,LEGO® Store NEX (Certified Store),,official,,Asia,Singapore,Singapore,"Nex Shopping Mall, #04-52/53, 23 Serangoon Central, Singapore 556083, Singapore",1.3503424,103.8729602,+65 66341660,bam;pab,https://brickstorestamps.com/stores/store-lego-store-nex-certified-store,
store-lego-store-ngee-ann-city-certified-store-have-stamps,LEGO® Store Ngee Ann City (Certified Store),,official,,Asia,Singapore,Singapore,"391, Orchard Road, #05-15A Ngee Ann City Podium Block, Singapore 238872, Singapore",1.3027849,103.8342668,+65 6734 5512,bam;pab,https://brickstorestamps.com/stores/store-lego-store-ngee-ann-city-certified-store-have-stamps,
store-lego-store-plaza-singapura-certified-store-have-stamps,LEGO® Store Plaza Singapura (Certified Store),,official,,Asia,Singapore,Singapore,"68 Orchard Road #03-17 Plaza Singapura, Singapore 238829, Singapore",1.3003971,103.84537,+65 6238 8252,bam;pab,https://brickstorestamps.com/stores/store-lego-store-plaza-singapura-certified-store-have-stamps,
store-lego-store-resort-world-sentosa-certified-store-have-stamps,LEGO® Store Resort World Sentosa (Certified Store),,official,,Asia,Singapore,Singapore,"8 Sentosa Gateway, Level 1, The Bull Ring, 01-72/74, Singapore 098138, Singapore",1.25643,103.82079,+65 6970 7290,bam;pab,https://brickstorestamps.com/stores/store-lego-store-resort-world-sentosa-certified-store-have-stamps,
store-lego-store-suntec-city-certified-store-have-stamps,LEGO® Store Suntec City (Certified Store),,official,,Asia,Singapore,Singapore,"3 Temasek Boulevard #01-305 West Wing Suntec City Mall, Singapore 038983, Singapore",1.29525,103.85833,+65 6513 4588,bam;pab,https://brickstorestamps.com/stores/store-lego-store-suntec-city-certified-store-have-stamps,
store-lego-store-tampines-mall-certified-store-have-stamps,LEGO® Store Tampines Mall (Certified Store),,official,,Asia,Singapore,Singapore,"4 Tampines Central 5, #03-20/21 Tampines Mall, Singapore 529510, Singapore",1.35281,103.94486,+65 6970 6889,bam;pab,https://brickstorestamps.com/stores/store-lego-store-tampines-mall-certified-store-have-stamps,
store-c-the-lego-shophouse-experience-singapur,The LEGO® Shophouse Experience,,popup,2026,Asia,Singapore,Singapore,"Design Orchard, 250 Orchard Rd, Singapore 238905, Singapore",1.28992,103.85191,,,https://brickstorestamps.com/stores/store-c-the-lego-shophouse-experience-singapur,
store-lego-store-ljubljana-certified-store,LEGO® Store Ljubljana (Certified Store),,official,,Europe,Slovenia,Ljubljana,"Moskovska ulica 4, 1000 Ljubljana, - Citypark 1st floor, Ljubljana 1000, Slovenia",46.0679175,14.546125,+386 70 660 700,bam;pab,https://brickstorestamps.com/stores/store-lego-store-ljubljana-certified-store,
store-lego-store-canal-walk-certified-store,LEGO® Store Canal Walk (Certified Store),,official,,Africa,South Africa,Cape Town,"526, Canal Walk Shopping Centre, Cape Town 7146, South Africa",-33.8928819,18.5112653,211540644,bam;pab,https://brickstorestamps.com/stores/store-lego-store-canal-walk-certified-store,
store-lego-store-somerset-mall-cape-town,LEGO® Store Somerset Mall Cape Town,,official,,Africa,South Africa,Cape Town,"Shop 210 Somerset Mall, Cape Town 7130, South Africa",-34.08222,18.84893,021 154 0810,bam;pab,https://brickstorestamps.com/stores/store-lego-store-somerset-mall-cape-town,
store-lego-store-v-a-waterfront-certified-store,LEGO® Store V&A Waterfront (Certified Store),,official,,Africa,South Africa,Cape Town,"Shop 6195 Victoria Wharf Shopping Cente, Cape Town 8001, South Africa",-33.92883,18.41722,0027-021-154-0645,bam;pab,https://brickstorestamps.com/stores/store-lego-store-v-a-waterfront-certified-store,
store-lego-store-sandton-city-certified-store,LEGO® Store Sandton City (Certified Store),,official,,Africa,South Africa,Johannesburg,"Unit 51C Sandton City, Rivonia Rd / 5th St, Sandton, Sandton 2196, South Africa",-26.1085199,28.0548757,116621777,bam;pab,https://brickstorestamps.com/stores/store-lego-store-sandton-city-certified-store,
store-lego-store-mall-of-africa-certified-store,LEGO® Store Mall of Africa (Certified Store),,official,,Africa,South Africa,Midrand,"Shop 1241 Mall of Africa, Magwa Crescent, Midrand 1685, South Africa",-25.99926,28.12591,0027-010-021-0775,bam;pab,https://brickstorestamps.com/stores/store-lego-store-mall-of-africa-certified-store,
store-lego-store-menlyn-certified-store,LEGO® Store Menlyn (Certified Store),,official,,Africa,South Africa,Pretoria,"G157 Menlyn Park Shopping Centre, Pretoria 0181, South Africa",-25.7832039,28.2735679,120210945,bam;pab,https://brickstorestamps.com/stores/store-lego-store-menlyn-certified-store,
store-lego-store-gateway-certified-store,LEGO® Store Gateway (Certified Store),,official,,Africa,South Africa,Umhlanga,"Shops F145 & F146 Gateway, Umhlanga 4319, South Africa",-29.7245089,31.0667097,318540500,bam;pab,https://brickstorestamps.com/stores/store-lego-store-gateway-certified-store,
store-lego-store-jungdongcertified-store,LEGO® Store JungdongCertified Store,,official,,Asia,South Korea,Bucheon,"172, Gilju-ro, Bucheon-si, Bucheon, South Korea",37.50144,126.76601,82-32-623-1032,bam;pab,https://brickstorestamps.com/stores/store-lego-store-jungdongcertified-store,
store-lego-store-centumcity-certified-store,LEGO® Store CentumCity (Certified Store),,official,,Asia,South Korea,Busan,"B2F, Shinsegae Department Store Centumcity, 15, Centum 4-ro, Haeundae-gu, Busan, South Korea",35.17995,129.07524,051-745-1927,bam;pab,https://brickstorestamps.com/stores/store-lego-store-centumcity-certified-store,
store-lego-store-seomyeon-certified-store,LEGO® Store Seomyeon (Certified Store),,official,,Asia,South Korea,Busan,"6F, Lotte Department Store Busan, 772 Gaya-daero, Busanjin-gu, , Busan, South Korea",35.1565921,129.0567726,0507-1437-3693,bam;pab,https://brickstorestamps.com/stores/store-lego-store-seomyeon-certified-store,
store-legoland-korea,LEGOLAND Korea,,official,,Asia,South Korea,Chuncheon,"LegoLand, 128 Hajungdo-gil, Chuncheon-si, Gangwon-do, Chuncheon 24240, South Korea",37.88106,127.72976,,bam;pab,https://brickstorestamps.com/stores/store-legoland-korea,
store-lego-store-daegu-certified-store,LEGO® Store Daegu (Certified Store),,official,,Asia,South Korea,Daegu,"B2F, The Hyundai Daegu, 2077 Dalgubeol-daero, Jung-gu, Daegu 41936, South Korea",35.866646,128.5905809,0507-1319-3032,bam;pab,https://brickstorestamps.com/stores/store-lego-store-daegu-certified-store,
store-lego-store-daejeon-certified-store,LEGO® Store Daejeon (Certified Store),,official,,Asia,South Korea,Daejeon,"7F, Shinsegae Department Store Daejeon Art & Science, 1 Expo-ro, Yuseong-gu, Daejeon 34126, South Korea",36.374889,127.380833,042-607-8700,bam;pab,https://brickstorestamps.com/stores/store-lego-store-daejeon-certified-store,
store-lego-store-dongtan-certified-store,LEGO® Store Dongtan (Certified Store),,official,,Asia,South Korea,Dongtan,"160, Dongtanyeok-ro, Hwaseong-si, Dongtan, South Korea",37.199917,127.097889,82-31-8036-3815,bam;pab,https://brickstorestamps.com/stores/store-lego-store-dongtan-certified-store,
store-lego-store-gimhae-certified-store,LEGO® Store Gimhae (Certified Store),,official,,Asia,South Korea,Gimhae,"LEGO store, 1F, 2232, Gimhae-daero, Gimhae-si, Gyeongsangnam-do 50938, South Korea",35.22791,128.88954,055-272-1146,bam;pab,https://brickstorestamps.com/stores/store-lego-store-gimhae-certified-store,
store-lego-store-goyang-certified-store,LEGO® Store Goyang (Certified Store),,official,,Asia,South Korea,Goyang,"3F 1955 Goyangdaero Deogyanggu, Gyeonggi-do, South Korea",37.6368002,126.8317512,82-31-5173-3416,bam;pab,https://brickstorestamps.com/stores/store-lego-store-goyang-certified-store,
store-lego-store-incheon-certified-store,LEGO® Store Incheon (Certified Store),,official,,Asia,South Korea,Incheon,"3F, 35 Yeonnam-ro, Michuhol-gu, Incheon, South Korea",37.442571,126.7013204,82-32-242-2399,bam;pab,https://brickstorestamps.com/stores/store-lego-store-incheon-certified-store,
store-lego-store-pangyo-certified-store,LEGO® Store Pangyo (Certified Store),,official,,Asia,South Korea,Seongnam,"5F 20 Pangyoyeok-ro 146beongil, Gyeonggi-do, South Korea",37.4026397,127.1072441,82-31-5170-1557,bam;pab,https://brickstorestamps.com/stores/store-lego-store-pangyo-certified-store,
store-lego-store-coex-certified-store,LEGO® Store COEX (Certified Store),,official,,Asia,South Korea,Seoul,"LEGO store, B1F, 513, Yeongdong-daero, Gangnam-gu, Seoul 06164, South Korea",37.56668,126.97829,+82-02-6002-3993,bam;pab,https://brickstorestamps.com/stores/store-lego-store-coex-certified-store,
store-lego-store-gangnam-certified-store,LEGO® Store Gangnam (Certified Store),,official,,Asia,South Korea,Seoul,"LEGO store, 10F, 176, Sinbanpo-ro, Seocho-gu, Seoul 06546, South Korea",37.56668,126.97829,02-3479-1133,bam;pab,https://brickstorestamps.com/stores/store-lego-store-gangnam-certified-store,
store-lego-store-gimpo-certified-store,LEGO® Store Gimpo (Certified Store),,official,,Asia,South Korea,Seoul,"LEGO store, MF, 77, Haneul-gil, Gangseo-gu, Seoul 07505, South Korea",37.56241,126.80297,+82-6116-3066,bam;pab,https://brickstorestamps.com/stores/store-lego-store-gimpo-certified-store,
store-lego-store-hyundai-mokdong-certified-store,LEGO® Store Hyundai Mokdong (Certified Store),,official,,Asia,South Korea,Seoul,"HD Dept. B2, 257, Mokdongdong-ro, Yangcheon-gu, Seoul 07998, South Korea",37.5264,126.8752,,bam;pab,https://brickstorestamps.com/stores/store-lego-store-hyundai-mokdong-certified-store,
store-lego-store-ipark-yongsan,LEGO® Store Ipark Yongsan,,official,,Asia,South Korea,Seoul,"6F, Ipark Mall Yongsan, 55 Hangang-daero 23-gil, Yongsan-gu, Seoul 04377, South Korea",37.56668,126.97829,02-2012-1501,,https://brickstorestamps.com/stores/store-lego-store-ipark-yongsan,
store-lego-store-jamsil-certified-store,LEGO® Store Jamsil (Certified Store),,official,,Asia,South Korea,Seoul,"8F, Lotte Department Store Jamsil, 240 Olympic-ro, Songpa-gu, Seoul 05554, South Korea",37.5129337,127.1031296,02-2143-7871,bam;pab,https://brickstorestamps.com/stores/store-lego-store-jamsil-certified-store,
store-lego-store-myeongdong-certified-store,LEGO® Store Myeongdong (Certified Store),,official,,Asia,South Korea,Seoul,"2F, 67, Namdaemun-ro, Jung-gu, Seoul, South Korea",37.5633872,126.9817713,82-2-2118-5235,bam;pab,https://brickstorestamps.com/stores/store-lego-store-myeongdong-certified-store,
store-lego-store-wolgye-certified-store,LEGO® Store Wolgye (Certified Store),,official,,Asia,South Korea,Seoul,"2F,15, Madeul-ro 3-gil,, Seoul, South Korea",37.6275272,127.06228,82-2-948-2514,bam;pab,https://brickstorestamps.com/stores/store-lego-store-wolgye-certified-store,
store-lego-store-youido-certified-store,LEGO® Store Youido (Certified Store),,official,,Asia,South Korea,Seoul,"108, Yeoui-daero, Yeongdeungpo-gu, Seoul, South Korea",37.5265,126.928444,82-2-3277-0546,bam;pab,https://brickstorestamps.com/stores/store-lego-store-youido-certified-store,
store-lego-store-youngdeungpo-certified-store,LEGO® Store Youngdeungpo (Certified Store),,official,,Asia,South Korea,Seoul,"B1F, 15, Yeongjung-ro,, Seoul, South Korea",37.5633872,126.9817713,82-2-3667-0308,bam;pab,https://brickstorestamps.com/stores/store-lego-store-youngdeungpo-certified-store,
store-lego-store-gwangkyo-certified-store,LEGO® Store Gwangkyo (Certified Store),,official,,Asia,South Korea,Suwon,"6F, 124, Gwanggyojungang-ro,, Gyeonggi-do, South Korea",37.28634,127,82-31-5174-7633,bam;pab,https://brickstorestamps.com/stores/store-lego-store-gwangkyo-certified-store,
store-lego-store-suwon-certified-store,LEGO® Store Suwon (Certified Store),,official,,Asia,South Korea,Suwon,"LEGO store, 3F, 134, Sehwa-ro, Gwonseon-gu, Suwon-si, Gyeonggi-do 16621, South Korea",37.26333,127.02875,+82-1577-0001,bam;pab,https://brickstorestamps.com/stores/store-lego-store-suwon-certified-store,
store-lego-store-hyundai-ulsan-certified-store,LEGO® Store Hyundai Ulsan (Certified Store),,official,,Asia,South Korea,Ulsan,"6F, Hyundai Department Store Ulsan, 261 Samsan-ro, Nam-gu, Ulsan 44705, South Korea",35.5375245,129.3307481,052-228-0656,bam;pab,https://brickstorestamps.com/stores/store-lego-store-hyundai-ulsan-certified-store,
store-lego-store-shinsegae-gyeonggi-certified-store,LEGO® Store Shinsegae Gyeonggi (Certified Store),,official,,Asia,South Korea,Yongin,"SSG Dept. 4F, 536, Poeun-daero, Suji-gu, Yongin-si 16896, South Korea",37.299018,127.063818,,bam;pab,https://brickstorestamps.com/stores/store-lego-store-shinsegae-gyeonggi-certified-store,
store-lego-store-barcelona-airport,LEGO Store Barcelona Airport,,official,,Europe,Spain,Barcelona,"Barcelona-El Prat Airport, El Prat de Llobregat, Barcelona 08820, Spain",41.38258,2.17707,,,https://brickstorestamps.com/stores/store-lego-store-barcelona-airport,
store-lego-store-barcelona,LEGO® Store Barcelona,,official,,Europe,Spain,Barcelona,"Passeig de Gràcia 9, Barcelona 08007, Spain",41.38258,2.17707,+34 936099829,bam;minifigure_factory;mosaic_maker;pab,https://brickstorestamps.com/stores/store-lego-store-barcelona,
store-lego-store-illa-diagonal-certified-store,LEGO® Store Illa Diagonal (Certified Store),,official,,Europe,Spain,Barcelona,"Centro Comercial La Illa Diagonal, Avinguda Diagonal, 557, Barcelona 08029, Spain",41.389494,2.134429,+34 930 153 892,bam;pab,https://brickstorestamps.com/stores/store-lego-store-illa-diagonal-certified-store,
store-lego-store-maquinista-certified-store,LEGO® Store Maquinista (Certified Store),,official,,Europe,Spain,Barcelona,"Centro Comercial Maquinista, Carrer de Potosí, 2, Barcelona 08030, Spain",41.44025,2.198457,+34 932713679,bam;pab,https://brickstorestamps.com/stores/store-lego-store-maquinista-certified-store,
store-lego-store-bilbao-certified-store,LEGO® Store Bilbao (Certified Store),,official,,Europe,Spain,Bilbao,"Calle Ercilla, 30 - 48011 Bilbao -España, Bilbao 48009, Spain",43.263,-2.935,+34 944580849,bam;pab,https://brickstorestamps.com/stores/store-lego-store-bilbao-certified-store,
store-lego-store-la-vaguada-certified-store,LEGO® Store La Vaguada (Certified Store),,official,,Europe,Spain,Madrid,"Centro Comercial La Vaguada, Av. de Monforte de Lemos, 36, Madrid 28029, Spain",40.479738,-3.706245,+34 919016676,bam;pab,https://brickstorestamps.com/stores/store-lego-store-la-vaguada-certified-store,
store-lego-store-parquesur-certified-store,LEGO® Store Parquesur (Certified Store),,official,,Europe,Spain,Madrid,"Centro Comercial Parquesur, Avenida Gran Bretaña, Madrid 28916, Spain",40.3404157,-3.7331845,+34 910 25 95 12,bam;pab,https://brickstorestamps.com/stores/store-lego-store-parquesur-certified-store,
store-lego-store-murcia,LEGO® Store Murcia,,official,,Europe,Spain,Murcia,"Carr. de Cadiz, Km. 760, Floor 1, Murcia 30110, Spain",37.93475,-1.1131,+34 868481593,,https://brickstorestamps.com/stores/store-lego-store-murcia,
store-lego-store-sevilla-certified-store,LEGO® Store Sevilla (Certified Store),,official,,Europe,Spain,Seville,"Centro Comercial Lagoh Sevilla, Avenida de Palmas Altas, 1, Sevilla 41011, Spain",37.3445964,-5.9891551,+34 954024072,bam;pab,https://brickstorestamps.com/stores/store-lego-store-sevilla-certified-store,
store-lego-store-validation-certified-store,LEGO® Store (Certified Store),,official,,Europe,Spain,Valencia,"CARRER DE COLON, 9, Valencia Spain, Valencia 46004, Spain",39.46971,-0.37634,+34 960130069,bam;pab,https://brickstorestamps.com/stores/store-lego-store-validation-certified-store,
store-lego-store-zaragoza-certified-store,LEGO® Store Zaragoza (Certified Store),,official,,Europe,Spain,Zaragoza,"Centro Comercial Puerto Venecia, Travesía Jardines Reales 7, Zaragoza 50021, Spain",41.6090089,-0.8850546,+34 976 92 70 45,bam;pab,https://brickstorestamps.com/stores/store-lego-store-zaragoza-certified-store,
store-lego-store-stockholm,LEGO® Store Stockholm,,official,,Europe,Sweden,Stockholm,"Stjärntorget 2, Solna 169 79, Sweden",59.3708844,18.00240474,+46852515073,bam;pab,https://brickstorestamps.com/stores/store-lego-store-stockholm,
store-lego-shop-in-shop-manor-geneve,LEGO Shop-in-Shop Manor Genève,,official,,Europe,Switzerland,Geneva,"Rue de Cornavin 6, Genève 1201, Switzerland",46.20718,6.14272,,,https://brickstorestamps.com/stores/store-lego-shop-in-shop-manor-geneve,
store-lego-shop-manor-pfaffikon-sz,LEGO Shop Manor Pfäffikon SZ,,official,,Europe,Switzerland,Pfäffikon,"Gwattstrasse 11, Pfäffikon SZ 8808, Switzerland",47.20056,8.7929,+41 55 417 30 60,,https://brickstorestamps.com/stores/store-lego-shop-manor-pfaffikon-sz,
store-lego-store-zurich,LEGO® Store Zurich,,official,,Europe,Switzerland,Zurich,"Einkaufszentrum Glatt, Neue Winterthurerstrasse 99, Wallisellen, Zurich CH-8304, Switzerland",47.37445,8.54104,+41 043 233 40 70,bam;pab,https://brickstorestamps.com/stores/store-lego-store-zurich,
store-lego-certified-store-hsinchu-sogo-store-certified-store,LEGO® Certified Store Hsinchu SOGO Store (Certified Store),,official,,Asia,Taiwan,Hsinchu,"新竹市東區中央路239號, 新竹巿 30041, Taiwan",24.8098708725505,120.9758766543415,+886 3 5153098,bam;pab,https://brickstorestamps.com/stores/store-lego-certified-store-hsinchu-sogo-store-certified-store,
store-lego-certified-store-kaohsiung-yi-xiang-fashion-plaza-certified-store,LEGO® Certified Store Kaohsiung Yi Xiang Fashion Plaza (Certified Store),,official,,Asia,Taiwan,Kaohsiung,"高雄巿鼓山區大順一路115號2樓 A棟, 高雄巿, Taiwan",22.62033,120.31204,+88675588090,bam;pab,https://brickstorestamps.com/stores/store-lego-certified-store-kaohsiung-yi-xiang-fashion-plaza-certified-store,
store-lego-certified-store-banqiao-far-eastern-department-store-certified-store,LEGO® Certified Store Banqiao Far Eastern Department Store (Certified Store),,official,,Asia,Taiwan,New Taipei,"新北市板橋區新站路28號2樓, 新北巿 22041, Taiwan",25.012,121.46566,+886 2 29506780,bam;pab,https://brickstorestamps.com/stores/store-lego-certified-store-banqiao-far-eastern-department-store-certified-store,
store-lego-certified-store-taichung-far-eastern-department-store-certified-store,LEGO® Certified Store Taichung Far Eastern Department Store (Certified Store),,official,,Asia,Taiwan,Taichung,"台中市西屯區台灣大道三段251號3樓, 台中巿 40756, Taiwan",24.163866593400076,120.64464888316294,+886 4 22585005,bam;pab,https://brickstorestamps.com/stores/store-lego-certified-store-taichung-far-eastern-department-store-certified-store,
store-lego-store-tainan-city-taipei-lalaport-nangang,LEGO® Certified Store Tainan T.S. Mall,,official,,Asia,Taiwan,Tainan,"台南市東區中華東路一段366號 A棟1樓, 台南巿 701, Taiwan",22.99123,120.18498,,bam;pab,https://brickstorestamps.com/stores/store-lego-store-tainan-city-taipei-lalaport-nangang,
store-lego-store-taipei-airport-tpe,LEGO Store Taipei Airport-TPE,,official,,Asia,Taiwan,Taipei,"Taoyuan International Airport, 9 Hangzhan S. Rd, Dayuan, Taoyuan 337, Taiwan",25.03752,121.56368,,,https://brickstorestamps.com/stores/store-lego-store-taipei-airport-tpe,
store-lego-certified-store-taipei-xinyi-a13-store-certified-store,LEGO® Certified Store Taipei Xinyi A13 Store(Certified Store),,official,,Asia,Taiwan,Taipei,"台北市信義區松仁路58號3樓, 台北巿, Taiwan",25.03752,121.56368,+886 2 87808879,bam;pab,https://brickstorestamps.com/stores/store-lego-certified-store-taipei-xinyi-a13-store-certified-store,
store-lego-store-lalaport-nangang-certified-store,LEGO® Store LaLaport Nangang (Certified Store),,official,,Asia,Taiwan,Taipei,"臺北市南港區經貿二路131號一樓, 台北巿, Taiwan",25.03752,121.56368,02-2654-7958,bam;pab,https://brickstorestamps.com/stores/store-lego-store-lalaport-nangang-certified-store,
store-taoyuan,樂高®授權專賣店 大江購物中心店(中壢),,official,,Asia,Taiwan,Taoyuan,"桃園市中壢區中園路二段501號3樓, 桃園巿 320, Taiwan",24.993,121.301,03-4616-943,,https://brickstorestamps.com/stores/store-taoyuan,
store-lego-store-lcs-central-ladprao-certified-store,LEGO® Store LCS Central Ladprao (Certified Store),,official,,Asia,Thailand,Bangkok,"Central Plaza Ladprao Level 2, Unit 215 1697 Phaholyothin Rd., Bangkok 10900, Thailand",13.8164628,100.5607655,02-001-8322,bam;pab,https://brickstorestamps.com/stores/store-lego-store-lcs-central-ladprao-certified-store,
store-lego-store-lcs-central-pinklao-certified-store,LEGO® Store LCS Central Pinklao (Certified Store),,official,,Asia,Thailand,Bangkok,"Central Plaza Pinklao Fl.2 Unit.214/1-2 7/222 Baromrajchonnee Road, Bangkok 10700, Thailand",13.77828531,100.4765279,02-002-0390,bam;pab,https://brickstorestamps.com/stores/store-lego-store-lcs-central-pinklao-certified-store,
store-lego-store-lcs-centralworld-certified-store,LEGO® Store LCS CentralWorld (Certified Store),,official,,Asia,Thailand,Bangkok,"Centralworld Level 5 unit C513/1 999/9 Rama I Rd, Bangkok 10330, Thailand",13.75249,100.49351,02-000-6160,bam;pab,https://brickstorestamps.com/stores/store-lego-store-lcs-centralworld-certified-store,
store-lego-store-mega-bangna-certified-store,LEGO® Store Mega Bangna (Certified Store),,official,,Asia,Thailand,Bangkok,"RoomL 342-1344, 39 BangKaeo, BangPre, Bangnatrad Rd.,Samutphakarn, Bangkok 10540, Thailand",13.6467163,100.6799923,02-102-1601,bam;pab,https://brickstorestamps.com/stores/store-lego-store-mega-bangna-certified-store,
store-lego-store-one-bangkok,LEGO® Store One Bangkok,,official,,Asia,Thailand,Bangkok,"One Bangkok Mall, Unit 2 - 1226 Wireless Road, Lumphini, Patumwan, Bangkok 10330, Thailand",13.75249,100.49351,+66 2 000 2264,,https://brickstorestamps.com/stores/store-lego-store-one-bangkok,
store-lego-store-siam-paragon-certified-store,LEGO® Store Siam Paragon (Certified Store),,official,,Asia,Thailand,Bangkok,"Unit 302, 991 Pharam1 Rd., Phatumwan, Bangkok 10330, Thailand",13.75249,100.49351,+66 2-129-6094,bam;pab,https://brickstorestamps.com/stores/store-lego-store-siam-paragon-certified-store,
store-lego-store-chiangmai,LEGO® Store Chiangmai,,official,,Asia,Thailand,Chiang Mai,"Central Chiang Mai Unit 214 99/3 Moo 4, Fah Ham, Mueang Chiangmai, Chiang Mai 50000, Thailand",18.78828,98.98588,,,https://brickstorestamps.com/stores/store-lego-store-chiangmai,
store-lego-store-adana-optimum,LEGO Store Adana Optimum,,official,,Asia/Europe,Turkey,Adana,"Sinanpaşa Mah. Hacı Sabancı Bulvarı No:28, Optimum AVM, Zemin Kat, Yüreğir, Adana, Turkey",36.98636,35.32529,,bam;pab,https://brickstorestamps.com/stores/store-lego-store-adana-optimum,
store-lego-store-ankara-city-park,LEGO Store Ankara City Park,,official,,Asia/Europe,Turkey,Ankara,"Mustafa Kemal Mah. Eskişehir Yolu 7.km, Kentpark AVM No:164/2-84, 2.Kat, Çankaya, Ankara, Turkey",39.92078,32.85405,,bam;pab,https://brickstorestamps.com/stores/store-lego-store-ankara-city-park,
store-lego-store-ankamall,LEGO® Store Ankamall,,official,,Asia/Europe,Turkey,Ankara,"Gazi Mah. Mevlana Bul. No: 2-1., Yenimahalle, Ankara 06560, Turkey",39.9503451,32.8313102,0312 541 10 17,bam;pab,https://brickstorestamps.com/stores/store-lego-store-ankamall,
store-lego-store-antalya-terracity,LEGO Store Antalya TerraCity,,official,,Asia/Europe,Turkey,Antalya,"Fener Mah. Tekelioğlu Cad. Terracity AVM No:55-127A, 2.Kat, Muratpaşa, Antalya, Turkey",36.88657,30.70302,,bam;pab,https://brickstorestamps.com/stores/store-lego-store-antalya-terracity,
store-lego-store-bursa-sur-yap-marka-shopping-mall,LEGO Store Bursa Sur Yapı Marka Shopping Mall,,official,,Asia/Europe,Turkey,Bursa,"Odunluk Mah. Akademi Cad. Sur Yapı Marka AVM No:6/A-22, -1.Kat, Nilüfer, Bursa, Turkey",40.18257,29.0675,,bam;pab,https://brickstorestamps.com/stores/store-lego-store-bursa-sur-yap-marka-shopping-mall,
store-lego-store-istanbul-airport,LEGO Store Istanbul Airport,,official,,Asia/Europe,Turkey,Istanbul,"Istanbul Airport, International Airside, A-B Pier, Arnavutköy, Istanbul, Turkey",41.00638,28.97587,0212 803 87 37,,https://brickstorestamps.com/stores/store-lego-store-istanbul-airport,
store-lego-store-istanbul-forum-istanbul,LEGO Store Istanbul Forum Istanbul,,official,,Asia/Europe,Turkey,Istanbul,"Kocatepe Mah. Paşa Cad. Forum İstanbul AVM, 1.Kat, Bayrampaşa, Istanbul, Turkey",41.00638,28.97587,,bam;pab,https://brickstorestamps.com/stores/store-lego-store-istanbul-forum-istanbul,
store-lego-store-istanbul-square-istanbul-meydan,LEGO Store Istanbul Square Istanbul Meydan,,official,,Asia/Europe,Turkey,Istanbul,"Fatih Sultan Mehmet Mah. Balkan Cad. Meydan İstanbul AVM No:62, Zemin Kat, Ümraniye, Istanbul, Turkey",41.00638,28.97587,,bam;pab,https://brickstorestamps.com/stores/store-lego-store-istanbul-square-istanbul-meydan,
store-lego-store-akasya-certified-store,LEGO® Store Akasya (Certified Store),,official,,Asia/Europe,Turkey,Istanbul,"Acıbadem, Akasya Alışveriş Merkezi, Çeçen Sokağı No:25 -1. Kat, Üsküdar, Istanbul 34660, Turkey",41.0014958,29.0535228,0216 629 40 98,bam;pab,https://brickstorestamps.com/stores/store-lego-store-akasya-certified-store,
store-lego-store-hilltown-certified-store,LEGO® Store Hilltown (Certified Store),,official,,Asia/Europe,Turkey,Istanbul,"Aydınevler, Siteler Yolu No:28, Maltepe, Istanbul 34854, Turkey",40.9523225,29.1215963,0216 515 50 30,bam;pab,https://brickstorestamps.com/stores/store-lego-store-hilltown-certified-store,
store-lego-store-istanbul-istinyepark,LEGO® Store İstanbul İstinyePark,,official,,Asia/Europe,Turkey,Istanbul,"Pınar Mah. Katar Cd. No:11, İstinyePark AVM, -1.Kat, Sarıyer, Istanbul, Turkey",41.00638,28.97587,,,https://brickstorestamps.com/stores/store-lego-store-istanbul-istinyepark,
store-lego-store-kanyon-certified-store,LEGO® Store Kanyon (Certified Store),,official,,Asia/Europe,Turkey,Istanbul,"Esentepe Mah. Büyükdere Cad. No:185/35, Şişli, Istanbul 34394, Turkey",41.0780262,29.0111636,0212 353 07 88,bam;pab,https://brickstorestamps.com/stores/store-lego-store-kanyon-certified-store,
store-legoland-discovery-center-istanbul,LEGOLAND Discovery Center Istanbul,,official,,Asia/Europe,Turkey,Istanbul,,41.00638,28.97587,,,https://brickstorestamps.com/stores/store-legoland-discovery-center-istanbul,
store-lego-store-hilltown-izmir-certified-store,LEGO® Store Hilltown İzmir (Certified Store),,official,,Asia/Europe,Turkey,Izmir,"Yalı Mahallesi 6222 sokak No.3, Karşıyaka, Izmir 35550, Turkey",38.4471775,27.1726191,0232 504 07 93,bam;pab,https://brickstorestamps.com/stores/store-lego-store-hilltown-izmir-certified-store,
store-lego-store-the-galleria-mall,LEGO Store The Galleria Mall,,official,,Asia,United Arab Emirates,Abu Dhabi,,24.45384,54.3774,,bam;pab,https://brickstorestamps.com/stores/store-lego-store-the-galleria-mall,
store-lego-store-al-maryah-certified-store,LEGO® Store Al Maryah (Certified Store),,official,,Asia,United Arab Emirates,Abu Dhabi,"Level 2, The Galleria, Al Maryah Island, Abu Dhabi 22646, United Arab Emirates",24.45384,54.3774,02 878 4461,bam;pab,https://brickstorestamps.com/stores/store-lego-store-al-maryah-certified-store,
store-lego-store-yas-mall-certified-store,LEGO® Store Yas Mall (Certified Store),,official,,Asia,United Arab Emirates,Abu Dhabi,"1st floor, YAS Mall, YAS Island, Abu Dhabi, United Arab Emirates",24.488661,54.608695,+971042583129,bam;pab,https://brickstorestamps.com/stores/store-lego-store-yas-mall-certified-store,
store-lego-store-dubai-airport,LEGO Store Dubai Airport,,official,,Asia,United Arab Emirates,Dubai,"Dubai International Airport, Terminal 3, Dubai, United Arab Emirates",25.26472,55.29241,,,https://brickstorestamps.com/stores/store-lego-store-dubai-airport,
store-lego-certified-store-atlantis-the-palm,"LEGO® Certified Store Atlantis, The Palm",,official,,Asia,United Arab Emirates,Dubai,"Atlantis, The Palm, Crescent Road, Palm Jumeirah, Dubai, United Arab Emirates",25.1303,55.1175,,,https://brickstorestamps.com/stores/store-lego-certified-store-atlantis-the-palm,
store-lego-store-dubai-hills-mall,LEGO® Store Dubai Hills Mall,,official,,Asia,United Arab Emirates,Dubai,"Dubai Hills Mall, Lower Ground Floor, Al Khail Rd, Hadaeq Sheikh Mohammed Bin Rashid, Dubai, United Arab Emirates",25.07428,55.18856,,,https://brickstorestamps.com/stores/store-lego-store-dubai-hills-mall,
store-lego-store-dubai-mall-certified-store,LEGO® Store Dubai Mall (Certified Store),,official,,Asia,United Arab Emirates,Dubai,"Lower Ground floor, Grand Artium, The Dubai Mall, Downtown, Dubai, United Arab Emirates",25.199001,55.27967,+971042583129,bam;pab,https://brickstorestamps.com/stores/store-lego-store-dubai-mall-certified-store,
store-lego-store-mall-of-the-emirates-certified-store,LEGO® Store Mall of The Emirates (Certified Store),,official,,Asia,United Arab Emirates,Dubai,"Ground level, Mall of the Emirates,Sheikh zayed Rd Al Barsha 1, Dubai, United Arab Emirates",25.118292,55.200662,+971043231202,bam;pab,https://brickstorestamps.com/stores/store-lego-store-mall-of-the-emirates-certified-store,
store-lego-store-mirdiff-city-centre-certified-store,LEGO® Store Mirdiff City Centre (Certified Store),,official,,Asia,United Arab Emirates,Dubai,"City Center mirdif, Mirdif, Dubai, United Arab Emirates",25.21814,55.407717,+971042316321,bam;pab,https://brickstorestamps.com/stores/store-lego-store-mirdiff-city-centre-certified-store,
store-lego-store-palm-jumeirah-mall,LEGO® Store Palm Jumeirah Mall,,official,,Asia,United Arab Emirates,Dubai,"Palm Jumeirah Mall, 2. Etage, Dubai, United Arab Emirates",25.07428,55.18856,+971 4 299 2047,,https://brickstorestamps.com/stores/store-lego-store-palm-jumeirah-mall,
store-lego-store-the-dubai-mall-certified-store,LEGO® Store The Dubai Mall (Certified Store),,official,,Asia,United Arab Emirates,Dubai,"Level 2 ,Near Kidzania The Dubai Mall, Downtown, Dubai, United Arab Emirates",25.26472,55.29241,+971043327748,bam;pab,https://brickstorestamps.com/stores/store-lego-store-the-dubai-mall-certified-store,
store-legoland-dubai,LEGOLAND Dubai,,official,,Asia,United Arab Emirates,Dubai,"Dubai Parks and Resorts, Dubai, United Arab Emirates",25.26472,55.29241,,bam;pab,https://brickstorestamps.com/stores/store-legoland-dubai,
store-lego-store-belfast,LEGO® Store Belfast,,official,,Europe,United Kingdom,Belfast,"LEGO Store Belfast, 1 Victoria Square , Belfast BT1 4QG, United Kingdom",54.59639,-5.93018,+442896026988,bam;pab,https://brickstorestamps.com/stores/store-lego-store-belfast,
store-lego-store-birmingham-bullring-shopping-centre,LEGO® Store Birmingham - Bullring Shopping Centre,,official,,Europe,United Kingdom,Birmingham,"Bullring Shopping Centre, Birmingham B5 4BU, United Kingdom",52.47698,-1.89498,+44 1218186498,bam;minifigure_factory;pab,https://brickstorestamps.com/stores/store-lego-store-birmingham-bullring-shopping-centre,
store-lego-store-birmingham-utilita-arena-discovery-center,LEGO® Store Birmingham - Utilita Arena - Discovery Center,,official,,Europe,United Kingdom,Birmingham,"Arena, King Edwards Rd, Birmingham B1 2AA, United Kingdom",52.4949,-1.85184,,,https://brickstorestamps.com/stores/store-lego-store-birmingham-utilita-arena-discovery-center,
store-lego-store-brighton,LEGO® Store Brighton,,official,,Europe,United Kingdom,Brighton,"Churchill Square, Russell Place, Brighton BN1 2TF, United Kingdom",50.82286014,-0.146016429,+44 1273035392,bam;pab,https://brickstorestamps.com/stores/store-lego-store-brighton,
store-lego-store-bristol,LEGO® Store Bristol,,official,,Europe,United Kingdom,Bristol,"Cabot Circus, Glass House, Bristol BS1 3BX, United Kingdom",51.4538,-2.5973,+44 0117 471 9399,bam;pab,https://brickstorestamps.com/stores/store-lego-store-bristol,
store-lego-store-cribbs-bristol,LEGO® Store Cribbs - Bristol,,official,,Europe,United Kingdom,Bristol,"unit 119, The Mall at Cribbs, Merlin Rd, Patchway, Bristol BS34 5DG, United Kingdom",51.4538,-2.5973,(+44) 0117 4767 058,bam;pab,https://brickstorestamps.com/stores/store-lego-store-cribbs-bristol,
store-lego-store-cardiff,LEGO® Store Cardiff,,official,,Europe,United Kingdom,Cardiff,"St David's Dewi Sant Cardiff, Cardiff CF10 2ER, United Kingdom",51.47946602,-3.174912396,+44 2922947000,bam;pab,https://brickstorestamps.com/stores/store-lego-store-cardiff,
store-lego-store-bluewater,LEGO® Store Bluewater,,official,,Europe,United Kingdom,Dartford,"Unit 90, Upper Thames Walk, Greenhithe DA9 9SR, United Kingdom",51.439163,0.270177,+44 1322956989,bam;pab,https://brickstorestamps.com/stores/store-lego-store-bluewater,
store-lego-store-edinburgh,LEGO® Store Edinburgh,,official,,Europe,United Kingdom,Edinburgh,"St James Centre, Edinburgh EH1 3SR, United Kingdom",55.95335,-3.18837,+44 1313805067,bam;pab,https://brickstorestamps.com/stores/store-lego-store-edinburgh,
store-lego-store-glasgow,LEGO® Store Glasgow,,official,,Europe,United Kingdom,Glasgow,"220 Buchanan Street, Glasgow G1 2FF, United Kingdom",55.8637787,-4.2516992,(+44) 0141 6743695,bam;pab,https://brickstorestamps.com/stores/store-lego-store-glasgow,
store-lego-store-leeds,LEGO® Store Leeds,,official,,Europe,United Kingdom,Leeds,"311, Trinity Leeds, Albion Street, Leeds LS1 5AT, United Kingdom",53.79742,-1.54379,+44 1135419161,bam;pab,https://brickstorestamps.com/stores/store-lego-store-leeds,
store-lego-store-liverpool,LEGO® Store Liverpool,,official,,Europe,United Kingdom,Liverpool,"50 South John Street, Liverpool L1 8BJ, United Kingdom",53.40409,-2.98769,+44 1514525523,bam;minifigure_factory;pab,https://brickstorestamps.com/stores/store-lego-store-liverpool,
store-lego-store-gatwick-n-airport,LEGO Store Gatwick N Airport,,official,,Europe,United Kingdom,London,"Gatwick Airport, North Terminal, Gatwick (Crawley), United Kingdom",51.50745,-0.12777,,,https://brickstorestamps.com/stores/store-lego-store-gatwick-n-airport,
store-lego-store-gatwick-s-airport,LEGO Store Gatwick S Airport,,official,,Europe,United Kingdom,London,"Gatwick Airport, South Terminal, Gatwick (Crawley), United Kingdom",51.50745,-0.12777,,,https://brickstorestamps.com/stores/store-lego-store-gatwick-s-airport,
store-lego-store-luton-airport,LEGO Store Luton Airport,,official,,Europe,United Kingdom,London,"Luton Airport, Luton, United Kingdom",51.50745,-0.12777,,,https://brickstorestamps.com/stores/store-lego-store-luton-airport,
store-lego-store-stansted-airport,LEGO Store Stansted Airport,,official,,Europe,United Kingdom,London,"Stansted Airport, Stansted, United Kingdom",51.50745,-0.12777,,,https://brickstorestamps.com/stores/store-lego-store-stansted-airport,
store-lego-store-london-battersea,LEGO® Store London - Battersea,,official,,Europe,United Kingdom,London,"LEGO Store Battersea Power Station <br/> Turbine Hall A <br/> Circus West Village, London SW11 8EZ, United Kingdom",51.482,-0.1464,(+44) 020 457 61531,bam;pab,https://brickstorestamps.com/stores/store-lego-store-london-battersea,
store-lego-store-london-leicester-square,LEGO® Store London - Leicester Square,,official,,Europe,United Kingdom,London,"3 Swiss Court, London W1D 6AP, United Kingdom",51.51042643,-0.130933794,+44 2076650413,bam;minifigure_factory;mosaic_maker;pab,https://brickstorestamps.com/stores/store-lego-store-london-leicester-square,
store-lego-store-london-stratford,LEGO® Store London - Stratford,,official,,Europe,United Kingdom,London,"Lower Ground Floor, 66 The Arcade, Westfield Stratford City, London E20 1EH, United Kingdom",51.54377,-0.00771,+44 2076650407,bam;pab,https://brickstorestamps.com/stores/store-lego-store-london-stratford,
store-lego-store-london-westfield,LEGO® Store London - Westfield,,official,,Europe,United Kingdom,London,"1081 Ariel Way, London W12 7GF, United Kingdom",51.50701934,-0.223240436,(+44) 0207 664 4794,bam;pab,https://brickstorestamps.com/stores/store-lego-store-london-westfield,
store-lego-store-manchester-airport,LEGO Store Manchester Airport,,official,,Europe,United Kingdom,Manchester,"Manchester Airport, Terminal 2, United Kingdom",53.44246,-2.23245,,,https://brickstorestamps.com/stores/store-lego-store-manchester-airport,
store-lego-store-manchester-arndale-centre,LEGO® Store Manchester - Arndale Centre,,official,,Europe,United Kingdom,Manchester,"Arndale Shopping Centre, Manchester M4 3AQ, United Kingdom",53.48377662,-2.241209103,+44 1615158804,bam;pab,https://brickstorestamps.com/stores/store-lego-store-manchester-arndale-centre,
store-lego-store-manchester-trafford-centre,LEGO® Store Manchester - Trafford Centre,,official,,Europe,United Kingdom,Manchester,"The Trafford Centre, Trafford Park, Stretford, Manchester M17 8AA, United Kingdom",53.44246,-2.23245,+441615525455,bam;pab,https://brickstorestamps.com/stores/store-lego-store-manchester-trafford-centre,
store-lego-store-manchester-trafford-palazzo-discovery-center,LEGO® Store Manchester - Trafford Palazzo - Discovery Center,,official,,Europe,United Kingdom,Manchester,"Trafford Palazzo, Manchester M17 8AS, United Kingdom",53.44246,-2.23245,,,https://brickstorestamps.com/stores/store-lego-store-manchester-trafford-palazzo-discovery-center,
store-lego-store-milton-keynes,LEGO® Store Milton Keynes,,official,,Europe,United Kingdom,Milton Keynes,"33 Midsummer Place, Milton Keynes MK9 3GB, United Kingdom",52.04065,-0.75941,+44 1908875618,bam;pab,https://brickstorestamps.com/stores/store-lego-store-milton-keynes,
store-lego-store-newcastle-metrocenter,LEGO® Store Newcastle,,official,,Europe,United Kingdom,Newcastle upon Tyne,"Lower Red Mall, Metrocentre, Gateshead NE11 9YG, United Kingdom",54.9576787,-1.6684888,+44 1918409913,bam;pab,https://brickstorestamps.com/stores/store-lego-store-newcastle-metrocenter,
store-lego-store-norfolk-chantry-place-opening-soon,"LEGO® Store Norfolk, Chantry Place",,official,,Europe,United Kingdom,Norwich,,52.62856,1.2924,,bam;pab,https://brickstorestamps.com/stores/store-lego-store-norfolk-chantry-place-opening-soon,
store-lego-store-oxford-westgate,LEGO® Store Oxford Westgate,,official,,Europe,United Kingdom,Oxford,"Unit L23. Westgate Shopping Centre, Oxford OX1 1NZ, United Kingdom",51.75201,-1.25785,,bam;pab,https://brickstorestamps.com/stores/store-lego-store-oxford-westgate,
store-lego-store-sheffield,LEGO® Store Sheffield,,official,,Europe,United Kingdom,Sheffield,"Meadowhall Shopping Centre, 33 High Street, Sheffield S9 1EN, United Kingdom",53.41477977,-1.410291166,+44 114 706 9983,bam;pab,https://brickstorestamps.com/stores/store-lego-store-sheffield,
store-lego-store-southampton,LEGO® Store Southampton,,official,,Europe,United Kingdom,Southampton,"West Quay Shopping Centre, 8-10 Portland Terrace, Southampton SO15 1QF, United Kingdom",50.90253,-1.40419,+44 02382686906,bam;pab,https://brickstorestamps.com/stores/store-lego-store-southampton,
store-any-lego-brick-festival-events,Any LEGO Brick Festival events,,official,,Europe,United Kingdom,UK (various),,,,,bam;pab,https://brickstorestamps.com/stores/store-any-lego-brick-festival-events,
store-lego-national-brick-events,LEGO National Brick events,,official,,Europe,United Kingdom,UK (various),,,,,bam;pab,https://brickstorestamps.com/stores/store-lego-national-brick-events,
store-lego-store-watford,LEGO® Store Watford,,closed,2022,Europe,United Kingdom,Watford,"Unit 147, Atria, Watford WD17 2UB, United Kingdom",51.65509,-0.39273,,,https://brickstorestamps.com/stores/store-lego-store-watford,
store-lego-store-lakeside-shopping-centre-opening-soon,LEGO® Store Lakeside Shopping Centre,,official,,Europe,United Kingdom,West Thurrock,,51.47712,0.27213,,bam;pab,https://brickstorestamps.com/stores/store-lego-store-lakeside-shopping-centre-opening-soon,
store-lego-store-legoland-windsor-resort,LEGOLAND Windsor,,official,,Europe,United Kingdom,Windsor,"Winkfield Road, Windsor SL4 4AY, United Kingdom",51.48003,-0.61257,1753626416,bam;mosaic_maker;pab,https://brickstorestamps.com/stores/store-lego-store-legoland-windsor-resort,
store-lego-store-crossgates-mall,LEGO® Store Crossgates Mall,,official,,North America,USA,Albany,"1 Crossgates Mall Rd, C-107, Albany, New York 12203, USA",42.689559,-73.849712,+1 (838) 265-2926,bam;pab,https://brickstorestamps.com/stores/store-lego-store-crossgates-mall,
store-lego-store-north-point-mall,LEGO® Store North Point Mall,,closed,2025,North America,USA,Alpharetta,,34.0756,-84.2946,,bam;pab,https://brickstorestamps.com/stores/store-lego-store-north-point-mall,
store-lego-store-downtown-disney-district,LEGO® Store Downtown Disney® District,,official,,North America,USA,Anaheim,"1585 Disneyland Drive, Anaheim, California 92802, USA",33.808599,-117.924104,+1 (657) 439-4587,bam;minifigure_factory;pab,https://brickstorestamps.com/stores/store-lego-store-downtown-disney-district,
store-lego-store-westfield-annapolis,LEGO® Store Westfield Annapolis,,official,,North America,USA,Annapolis,"1260 Annapolis Mall, Annapolis, Maryland 21401, USA",38.988911,-76.545846,+1 (667) 408-6823,bam;pab,https://brickstorestamps.com/stores/store-lego-store-westfield-annapolis,
store-lego-store-the-shops-at-santa-anita,LEGO® Store The Shops at Santa Anita,,official,,North America,USA,Arcadia,"400 S Baldwin Ave # D9, Arcadia, California 91007, USA",34.13621,-118.04015,+1 626-538-1226,bam;pab,https://brickstorestamps.com/stores/store-lego-store-the-shops-at-santa-anita,
store-lego-store-washington-reagan-national-airport,LEGO Store Washington Reagan National Airport,,official,,North America,USA,Arlington,"Ronald Reagan Washington National Airport, National Hall, 2401 S Smith Blvd, Arlington, VA 22202, USA",38.85129,-77.03969,,,https://brickstorestamps.com/stores/store-lego-store-washington-reagan-national-airport,
store-lego-store-fashion-center-at-pentagon-city,LEGO® Store Fashion Center At Pentagon City,,official,,North America,USA,Arlington,"Fashion Centre At Pentagon City, 1100 South Hayes Street, Arlington, Virginia 22202, USA",38.86338,-77.0605,+1 (703) 936-7971,bam;pab,https://brickstorestamps.com/stores/store-lego-store-fashion-center-at-pentagon-city,
store-lego-store-perimeter-mall,LEGO® Store Perimeter Mall,,official,,North America,USA,Atlanta,"4400 Ashford Dunwoody Rd NE, Suite #2645, Atlanta, Georgia 30346, USA",33.75447,-84.38982,+1 (678) 750-6302,bam;pab,https://brickstorestamps.com/stores/store-lego-store-perimeter-mall,
store-legoland-discovery-center-atlanta,LEGOLAND Discovery Center Atlanta,,official,,North America,USA,Atlanta,,33.75447,-84.38982,,,https://brickstorestamps.com/stores/store-legoland-discovery-center-atlanta,
store-legoland-discovery-center-michigan,LEGOLAND Discovery Center Michigan,,official,,North America,USA,Auburn Hills,,42.68753,-83.2341,,,https://brickstorestamps.com/stores/store-legoland-discovery-center-michigan,
store-lego-store-austin-barton-creek-square,LEGO® Store Austin - Barton Creek Square,,official,,North America,USA,Austin,"2901 South Capital of Texas Highway, Austin, Texas 78746, USA",30.257381,-97.806408,+1 (737) 292-2015,bam;pab,https://brickstorestamps.com/stores/store-lego-store-austin-barton-creek-square,
store-lego-store-the-abbey-at-aventura,LEGO® Store The Abbey at Aventura,,official,,North America,USA,Aventura,"19505 Biscayne Blvd. Suite 2110. , Aventura, Florida 33180, USA",25.95648,-80.13921,1-786-615-1970,bam;pab,https://brickstorestamps.com/stores/store-lego-store-the-abbey-at-aventura,
store-lego-store-beachwood-place,LEGO® Store Beachwood Place,,official,,North America,USA,Beachwood,"26300 Cedar Road, Beachwood, Ohio 44122, USA",41.498607,-81.494226,+1 (216) 528-0527,bam;pab,https://brickstorestamps.com/stores/store-lego-store-beachwood-place,
store-lego-store-bellevue-square-mall,LEGO® Store Bellevue Square Mall,,official,,North America,USA,Bellevue,"119 Bellevue Square, Bellevue, Washington 98004, USA",47.615388,-122.203472,+1 (425) 696-0028,bam;pab,https://brickstorestamps.com/stores/store-lego-store-bellevue-square-mall,
store-lego-store-westfield-montgomery,LEGO® Store Westfield Montgomery,,official,,North America,USA,Bethesda,"7101 Democracy Boulevard, Space 1232, Bethesda, Maryland 20817, USA",38.98468,-77.09424,+1 (301) 679-1058,bam;pab,https://brickstorestamps.com/stores/store-lego-store-westfield-montgomery,
store-lego-store-riverchase-galleria,LEGO® Store Riverchase Galleria,,closed,2020,North America,USA,Birmingham,,,,,,https://brickstorestamps.com/stores/store-lego-store-riverchase-galleria,
store-lego-store-mall-of-america,LEGO® Store Mall Of America,,official,,North America,USA,Bloomington,"164 South Av., Bloomington, Minnesota 55425, USA",44.85502,-93.24212,+1 (952) 266-7989,bam;minifigure_factory;mosaic_maker;pab,https://brickstorestamps.com/stores/store-lego-store-mall-of-america,
store-lego-store-town-centre-at-boca-raton,LEGO® Store Town Centre at Boca Raton,,official,,North America,USA,Boca Raton,"6000 Glades Road, Space #1043, Boca Raton, Florida 33431, USA",26.365302,-80.132776,+1 (561) 858-2257,bam;pab,https://brickstorestamps.com/stores/store-lego-store-town-centre-at-boca-raton,
store-legoland-discovery-center-boston,LEGOLAND Discovery Center Boston,,official,,North America,USA,Boston,"598 Assembly Row, Somerville, Massachusetts 02145, USA",42.35883,-71.05783,617-702-5593,,https://brickstorestamps.com/stores/store-legoland-discovery-center-boston,
store-lego-store-south-shore-plaza,LEGO® Store South Shore Plaza,,official,,North America,USA,Braintree,,42.2206,-71.00412,,bam;pab,https://brickstorestamps.com/stores/store-lego-store-south-shore-plaza,
store-lego-store-brandon-exchange,LEGO® Store Brandon Exchange,,official,,North America,USA,Brandon,"459 Brandon Town Center Dr #578, Brandon, Florida 33511, USA",27.931054,-82.325291,+1 (813) 798-3002,bam;pab,https://brickstorestamps.com/stores/store-lego-store-brandon-exchange,
store-lego-store-bridgewater-commons,LEGO® Store Bridgewater Commons,,official,,North America,USA,Bridgewater,"400 Commons Way, Bridgewater Commons, Bridgewater, New Jersey 08807, USA",40.58582,-74.61936,+1 (908) 493-5984,bam;pab,https://brickstorestamps.com/stores/store-lego-store-bridgewater-commons,
store-lego-store-flat-iron-crossing,LEGO® Store Flat Iron Crossing,,official,,North America,USA,Broomfield,"1 W Flatiron Crossing Dr, unit 1058, Broomfield, Colorado 80021, USA",39.9404,-105.05208,+17202081263,bam;pab,https://brickstorestamps.com/stores/store-lego-store-flat-iron-crossing,
store-lego-store-walden-galleria,LEGO® Store Walden Galleria,,official,,North America,USA,Buffalo,"1 Walden Galleria, #D116, Buffalo, New York 14225, USA",42.88642,-78.87815,+1 (716) 229-4933,bam;pab,https://brickstorestamps.com/stores/store-lego-store-walden-galleria,
store-lego-store-burlington-mall,LEGO® Store Burlington Mall,,official,,North America,USA,Burlington,"75 Middlesex Tpke, Burlington Mall, Burlington, Massachusetts 01803, USA",42.481127,-71.216752,+1 (781) 362-2278,bam;pab,https://brickstorestamps.com/stores/store-lego-store-burlington-mall,
store-lego-store-westfield-topanga,LEGO® Store Westfield Topanga,,official,,North America,USA,Canoga Park,"6600 Topanga Canyon Blvd, Westfield Topanga, Unit 1092, Canoga Park, California 91303, USA",34.18895,-118.603905,+1 (818) 474-5572,bam;pab,https://brickstorestamps.com/stores/store-lego-store-westfield-topanga,
store-lego-store-legoland-california-resort,LEGOLAND California,,official,,North America,USA,Carlsbad,"One LEGOLAND Drive, Carlsbad, California 92008, USA",33.15809,-117.3506,+18886905346,bam;pab,https://brickstorestamps.com/stores/store-lego-store-legoland-california-resort,
store-lego-store-chandler-fashion-centre,LEGO® Store Chandler Fashion Centre,,official,,North America,USA,Chandler,"3111 West Chandler Boulevard, Chandler, Arizona 85226, USA",33.301614,-111.898724,+1 (480) 944-8001,bam;pab,https://brickstorestamps.com/stores/store-lego-store-chandler-fashion-centre,
store-lego-store-charlotte-douglas-airport,LEGO Store Charlotte Douglas Airport,,official,,North America,USA,Charlotte,"Charlotte Douglas International Airport, 5501 Josh Birmingham Pkwy, Charlotte, NC 28208, USA",35.22721,-80.84308,,,https://brickstorestamps.com/stores/store-lego-store-charlotte-douglas-airport,
store-lego-store-southpark-mall,LEGO® Store Southpark Mall,,official,,North America,USA,Charlotte,"4400 Sharon Road M05, Charlotte, North Carolina 28211, USA",35.1529312,-80.8315444,+1 (980) 261-9253,bam;pab,https://brickstorestamps.com/stores/store-lego-store-southpark-mall,
store-lego-store-cherry-hill-mall,LEGO® Store Cherry Hill Mall,,official,,North America,USA,Cherry Hill,"2000 RTE 38 Unit 1095, Cherry Hill, New Jersey 08002, USA",39.9389,-75.028,+1 (856) 804-1704,bam;pab,https://brickstorestamps.com/stores/store-lego-store-cherry-hill-mall,
store-lego-store-water-tower-place,LEGO® Store Water Tower Place,,official,,North America,USA,Chicago,"835 North Michigan Avenue #3000, Chicago, Illinois 60611, USA",41.898199,-87.623836,+1 (872) 302-0371,bam;pab,https://brickstorestamps.com/stores/store-lego-store-water-tower-place,
store-lego-store-kenwood-towne-centre,LEGO® Store Kenwood Towne Centre,,official,,North America,USA,Cincinnati,"7875 Montgomery Road #2109, Cincinnati, Ohio 45236, USA",39.201531,-84.377961,+1 (513) 599-8379,bam;pab,https://brickstorestamps.com/stores/store-lego-store-kenwood-towne-centre,
store-lego-store-easton-town-centre,LEGO® Store Easton Town Centre,,official,,North America,USA,Columbus,"4004 Gramercy St, Easton Town Center, Space 728, Columbus, Ohio 43219, USA",40.051759,-82.91561,+1 (614) 708-7744,bam;pab,https://brickstorestamps.com/stores/store-lego-store-easton-town-centre,
store-legoland-discovery-center-columbus,LEGOLAND Discovery Center Columbus,,official,,North America,USA,Columbus,,39.96226,-83.00071,,,https://brickstorestamps.com/stores/store-legoland-discovery-center-columbus,
store-lego-store-concord-mills,LEGO® Store Concord Mills,,official,,North America,USA,Concord,"Concord Mills, 8111 Concord Mills Boulevard #206, Concord, North Carolina 28027, USA",35.37153,-80.72005,+1 (980) 356-3012,bam;pab,https://brickstorestamps.com/stores/store-lego-store-concord-mills,
store-lego-store-south-coast-plaza,LEGO® Store South Coast Plaza,,official,,North America,USA,Costa Mesa,"South Coast Plaza, 3333 Bristol Street #1042, Costa Mesa, California 92626, USA",33.690826,-117.887528,+1 (949) 596-3070,bam;pab,https://brickstorestamps.com/stores/store-lego-store-south-coast-plaza,
store-lego-store-dallas-fort-worth-international-airport,LEGO Store Dallas Fort Worth International Airport,,official,,North America,USA,Dallas,"Terminal D, DFW Airport, Dallas, USA",32.77627,-96.79686,,,https://brickstorestamps.com/stores/store-lego-store-dallas-fort-worth-international-airport,
store-lego-store-northpark-center,LEGO® Store NorthPark Center,,official,,North America,USA,Dallas,"8687 North Central Expressway #770, Dallas, Texas 75225, USA",32.869207,-96.773028,+1 (972) 928-2057,bam;pab,https://brickstorestamps.com/stores/store-lego-store-northpark-center,
store-lego-store-danbury-fair,LEGO® Store Danbury Fair,,official,,North America,USA,Danbury,"7 Backus Ave, Danbury Fair, Unit E207, Danbury, Connecticut 06810, USA",41.379997,-73.481262,+1 (475) 348-7339,bam;pab,https://brickstorestamps.com/stores/store-lego-store-danbury-fair,
store-lego-store-legacy-place-new,LEGO® Store Legacy Place,,official,,North America,USA,Dedham,"720 Legacy Place, Building P, Suite 720, Dedham, Massachusetts 02026, USA",42.24891,-71.17557,+17813555875,bam;pab,https://brickstorestamps.com/stores/store-lego-store-legacy-place-new,
store-lego-store-west-county-centre,LEGO® Store West County Centre,,official,,North America,USA,Des Peres,"55 West County Center, Des Peres, Missouri 63131, USA",38.600515,-90.44831,+1 (314) 579-3334,bam;pab,https://brickstorestamps.com/stores/store-lego-store-west-county-centre,
store-lego-store-the-streets-at-southpoint,LEGO® Store The Streets at Southpoint,,official,,North America,USA,Durham,"6910 Fayetteville Road # 2220, Durham, North Carolina 27713, USA",35.99665,-78.90181,1-984-319-4149,bam;pab,https://brickstorestamps.com/stores/store-lego-store-the-streets-at-southpoint,
store-legoland-discovery-center-new-jersey-american-dream,LEGOLAND Discovery Center New Jersey/American Dream,,official,,North America,USA,East Rutherford,"1 American Dream Way, Court A Level 1, East Rutherford, New Jersey 07073, USA",40.83399,-74.09709,,,https://brickstorestamps.com/stores/store-legoland-discovery-center-new-jersey-american-dream,
store-lego-store-the-mills-at-jersey-gardens,LEGO® Store The Mills At Jersey Gardens,,official,,North America,USA,Elizabeth,"Jersey Gardens, 651 Kapkowski Road, #1008, Elizabeth, New Jersey 07201, USA",40.66334,-74.174438,1-908-201-3018,bam;pab,https://brickstorestamps.com/stores/store-lego-store-the-mills-at-jersey-gardens,
store-lego-store-at-station-park,LEGO® Store at Station Park,,official,,North America,USA,Farmington,"235 North West Promontory, Farmington, Utah 84025, USA",40.98538,-111.90624,385-758-8041,bam;pab,https://brickstorestamps.com/stores/store-lego-store-at-station-park,
store-lego-store-fort-lauderdale-airport,LEGO Store Fort Lauderdale Airport,,official,,North America,USA,Fort Lauderdale,"Terminal 4, FLL Airport, Fort Lauderdale, USA",26.12231,-80.14338,,,https://brickstorestamps.com/stores/store-lego-store-fort-lauderdale-airport,
store-lego-store-coolsprings-galleria,LEGO Store CoolSprings Galleria,,official,,North America,USA,Franklin,"1800 Galleria Blvd, Suite 2360, Franklin, Tennessee 37067, USA",35.92521,-86.86894,1 629-899-7406,bam;pab,https://brickstorestamps.com/stores/store-lego-store-coolsprings-galleria,
store-lego-store-freehold-raceway-mall,LEGO® Store Freehold Raceway Mall,,official,,North America,USA,Freehold,"3710 Route 9, Unit 232, Freehold Raceway Mall, Freehold, New Jersey 07728, USA",40.254792,-74.300108,+1 (732) 756-9169,bam;pab,https://brickstorestamps.com/stores/store-lego-store-freehold-raceway-mall,
store-lego-store-baybrook-mall,LEGO® Store Baybrook Mall,,official,,North America,USA,Friendswood,"500 Baybrook Mall, Friendswood, Texas 77546, USA",29.542473,-95.149326,+1 (281) 612-6938,bam;pab,https://brickstorestamps.com/stores/store-lego-store-baybrook-mall,
store-lego-store-stonebriar-center,LEGO® Store Stonebriar Center,,official,,North America,USA,Frisco,"2601 Preston Road #1222, Frisco, Texas 75034, USA",33.09916,-96.81129,+1 (972) 928-1865,bam;pab,https://brickstorestamps.com/stores/store-lego-store-stonebriar-center,
store-lego-store-roosevelt-field-mall,LEGO® Store Roosevelt Field Mall,,official,,North America,USA,Garden City,"630 Old Country Rd, Roosevelt Field, Space 1057, Garden City, New York 11530, USA",40.73807,-73.61301,+1 516 452 5727,bam;pab,https://brickstorestamps.com/stores/store-lego-store-roosevelt-field-mall,
store-lego-store-arrowhead-towne-centre,LEGO® Store Arrowhead Towne Centre,,official,,North America,USA,Glendale,"7700 West Arrowhead Towne Center, Glendale, Arizona 85308, USA",33.64154,-112.22573,+1 (928) 365-8230,bam;pab,https://brickstorestamps.com/stores/store-lego-store-arrowhead-towne-centre,
store-lego-store-glendale-galleria,LEGO® Store Glendale Galleria,,official,,North America,USA,Glendale,"2130 Glendale Galleria, Glendale, California 91210, USA",34.145202,-118.258306,+1 (818) 572-8635,bam;pab,https://brickstorestamps.com/stores/store-lego-store-glendale-galleria,
store-lego-store-legoland-new-york-resort,LEGOLAND New York,,official,,North America,USA,Goshen,"1 Legoland Blvd, Goshen, New York 10924, USA",41.37679,-74.31192,+18454100290,bam;pab,https://brickstorestamps.com/stores/store-lego-store-legoland-new-york-resort,
store-lego-store-woodland-mall,LEGO® Store Woodland Mall,,official,,North America,USA,Grand Rapids,"3115 28th Street SE, space F-104, Kentwood, Michigan 49512, USA",42.96324,-85.66786,1-616-221-3726,bam;pab,https://brickstorestamps.com/stores/store-lego-store-woodland-mall,
store-legoland-discovery-center-dallas-fort-worth,LEGOLAND Discovery Center Dallas/Fort Worth,,official,,North America,USA,Grapevine,,32.93374,-97.07888,,,https://brickstorestamps.com/stores/store-legoland-discovery-center-dallas-fort-worth,
store-lego-store-the-shops-at-friendly-centre,LEGO® Store The Shops at Friendly Centre,,official,,North America,USA,Greensboro,"3334 West Friendly Ave, Suite 101, Greensboro, North Carolina 27408, USA",36.07264,-79.79198,743-209-3359,bam;pab,https://brickstorestamps.com/stores/store-lego-store-the-shops-at-friendly-centre,
store-lego-store-haywood-mall,LEGO® Store Haywood Mall,,official,,North America,USA,Greenville,"700 Haywood Rd, 1016A, Greenville, South Carolina 29607, USA",34.850167,-82.333614,+1 (864) 413-7031,bam;pab,https://brickstorestamps.com/stores/store-lego-store-haywood-mall,
store-lego-store-nebraska-crossing,LEGO® Store Nebraska Crossing,,official,,North America,USA,Gretna,"21317 Nebraska Crossing Drive Suite E145, Gretna, Nebraska 68028, USA",41.0981,-96.25033,1-402-831-3447,bam;pab,https://brickstorestamps.com/stores/store-lego-store-nebraska-crossing,
store-lego-store-gurnee-mills,LEGO® Store Gurnee Mills,,official,,North America,USA,Gurnee,"6170 Grand Avenue #761, Gurnee Mills, Gurnee, Illinois 60031, USA",42.383294,-87.955067,+1 (847) 780-2637,bam;pab,https://brickstorestamps.com/stores/store-lego-store-gurnee-mills,
store-lego-store-arundel-mills,LEGO® Store Arundel Mills,,official,,North America,USA,Hanover,"Arundel Mills, 7000 Arundel Mills Circle, Hanover, Maryland 21076, USA",39.154037,-76.724753,+1 (443) 586-8388,bam;minifigure_factory;pab,https://brickstorestamps.com/stores/store-lego-store-arundel-mills,
store-lego-store-ala-moana-centre,LEGO® Store Ala Moana Centre,,official,,North America,USA,Honolulu,"1450 Ala Moana Blvd, ALA Moana Center, Space 2032, Honolulu, Hawaii 96814, USA",21.291754,-157.842937,+1 (808) 427-7021,bam;pab,https://brickstorestamps.com/stores/store-lego-store-ala-moana-centre,
store-lego-store-houston-airport,LEGO Store Houston Airport,,official,,North America,USA,Houston,"George Bush Intercontinental Airport, Terminal D near Gate D1, 2800 N Terminal Rd, Houston, TX 77032, USA",29.75894,-95.3677,,,https://brickstorestamps.com/stores/store-lego-store-houston-airport,
store-lego-store-houston-westheimer-road,LEGO® Store Houston - Westheimer Road,,official,,North America,USA,Houston,"5015 Westheimer Road, Houston, Texas 77056, USA",29.739202,-95.462359,+1 (832) 613-0024,bam;pab,https://brickstorestamps.com/stores/store-lego-store-houston-westheimer-road,
store-lego-store-willowbrook-mall,LEGO® Store Willowbrook Mall,,official,,North America,USA,Houston,"1568 Willowbrook Mall, Houston, Texas 77070, USA",29.75894,-95.3677,+1 (832) 608-7590,bam;pab,https://brickstorestamps.com/stores/store-lego-store-willowbrook-mall,
store-lego-store-bridge-street-town-centre,LEGO® Store Bridge Street Town Centre,,official,,North America,USA,Huntsville,"320 The Bridge Street Northwest # E124, Huntsville, Alabama 35806, USA",34.72985,-86.5859,+1 938 218 9035,bam;pab,https://brickstorestamps.com/stores/store-lego-store-bridge-street-town-centre,
store-lego-store-castleton-square,LEGO® Store Castleton Square,,official,,North America,USA,Indianapolis,"6020 E 82nd St, Indianapolis, Indiana 46250, USA",39.906774,-86.058977,+1 (463) 303-5261,bam;pab,https://brickstorestamps.com/stores/store-lego-store-castleton-square,
store-lego-store-st-john-s-town-centre,LEGO® Store St John's Town Centre,,official,,North America,USA,Jacksonville,"4764 River City Dr, Suite 100, Jacksonville, Florida 32246, USA",30.257618,-81.525298,+1 (904) 579-8726,bam;pab,https://brickstorestamps.com/stores/store-lego-store-st-john-s-town-centre,
store-lego-store-kansas-city-airport,LEGO® Store Kansas City Airport,,official,,North America,USA,Kansas City,"Kansas City International Airport, New Single Terminal, 1 Kansas City Blvd, Kansas City, MO 64153, USA",39.1001,-94.57814,,,https://brickstorestamps.com/stores/store-lego-store-kansas-city-airport,
store-legoland-discovery-center-kansas-city,LEGOLAND Discovery Center Kansas City,,official,,North America,USA,Kansas City,,39.1001,-94.57814,,,https://brickstorestamps.com/stores/store-legoland-discovery-center-kansas-city,
store-lego-store-king-of-prussia-mall,LEGO® Store King Of Prussia Mall,,official,,North America,USA,King of Prussia,"160 North Gulph Road, SPACE 1308A, King of Prussia, Pennsylvania 19406, USA",40.086559,-75.392067,+1 (610) 502-8868,bam;pab,https://brickstorestamps.com/stores/store-lego-store-king-of-prussia-mall,
store-lego-store-smith-haven-mall,LEGO® Store Smith Haven Mall,,official,,North America,USA,Lake Grove,"518 Smith Haven Mall Space E08B, Lake Grove, New York 11755, USA",40.865059,-73.1301,+1 (631) 485-8029,bam;pab,https://brickstorestamps.com/stores/store-lego-store-smith-haven-mall,
store-lego-store-colorado-mills,LEGO® Store Colorado Mills,,official,,North America,USA,Lakewood,"14500 W Colfax Ave, Lakewood, Colorado 80401, USA",39.731185,-105.158858,+1 (983) 203-7578,bam;minifigure_factory;pab,https://brickstorestamps.com/stores/store-lego-store-colorado-mills,
store-lego-store-downtown-summerlin,LEGO® Store Downtown Summerlin,,official,,North America,USA,Las Vegas,"1955 Festival Plaza Dr, Suite 160, Las Vegas, Nevada 89135, USA",36.16743,-115.14841,1-725-257-4104,bam;pab,https://brickstorestamps.com/stores/store-lego-store-downtown-summerlin,
store-lego-store-las-vegas-fashion-show-mall,LEGO® Store Las Vegas - Fashion Show Mall,,official,,North America,USA,Las Vegas,"3200 South Las Vegas Boulevard #1520, Las Vegas, Nevada 89109, USA",36.1272,-115.1719,+1 (725) 209-7102,bam;pab,https://brickstorestamps.com/stores/store-lego-store-las-vegas-fashion-show-mall,
store-lego-store-sugarloaf-mills,LEGO® Store Sugarloaf Mills,,official,,North America,USA,Lawrenceville,"5900 Sugarloaf Parkway, Lawrenceville, Georgia 30043, USA",33.981517,-84.079184,+1 (770) 697-7041,bam;pab,https://brickstorestamps.com/stores/store-lego-store-sugarloaf-mills,
store-lego-store-town-center-crossing,LEGO® Store Town Center Crossing,,official,,North America,USA,Leawood,"4411 W 119th Street, Suite A133, Leawood, Kansas 66209, USA",38.96667,-94.6169,+1-913-358-5131,,https://brickstorestamps.com/stores/store-lego-store-town-center-crossing,
store-lego-store-fritz-farm,LEGO Store Fritz Farm,,official,,North America,USA,Lexington,"120 Summit At Fritz Farm, Lexington, Kentucky 40517, USA",37.97759,-84.52699,,,https://brickstorestamps.com/stores/store-lego-store-fritz-farm,2026
store-lego-store-promenade-at-chenal,LEGO® Store Promenade at Chenal,,official,,North America,USA,Little Rock,"17809 Chenal Parkway, Suite G-103, Little Rock, Arkansas 72223, USA",34.74651,-92.28963,1-501-250-2162,,https://brickstorestamps.com/stores/store-lego-store-promenade-at-chenal,
store-lego-store-park-meadows,LEGO® Store Park Meadows,,official,,North America,USA,Lone Tree,"8401 Park Meadows Center Dr Ste 1225, Lone Tree, Colorado 80124, USA",39.559317,-104.876691,+1 (720) 703-9091,bam;pab,https://brickstorestamps.com/stores/store-lego-store-park-meadows,
store-lego-store-los-angeles-airport-lax,LEGO Store Los Angeles Airport - LAX,,official,,North America,USA,Los Angeles,"Los Angeles International Airport, West Gates, Tom Bradley International Terminal, 380 World Way, Los Angeles, CA 90045, USA",34.05369,-118.24277,,,https://brickstorestamps.com/stores/store-lego-store-los-angeles-airport-lax,
store-lego-store-century-city-mall,LEGO® Store Century City Mall,,official,,North America,USA,Los Angeles,"10250 Santa Monica Blvd Space 2970, Los Angeles, California 90067, USA",34.05779,-118.41887,+1 (213) 510-0170,bam;pab,https://brickstorestamps.com/stores/store-lego-store-century-city-mall,
store-lego-store-oxmoor-centre,LEGO® Store Oxmoor Centre,,official,,North America,USA,Louisville,"7900 Shelbyville Rd, B7, Louisville, Kentucky 40222, USA",38.247078,-85.609919,+1 502 521 3507,bam;pab,https://brickstorestamps.com/stores/store-lego-store-oxmoor-centre,
store-lego-store-alderwood,LEGO® Store Alderwood,,official,,North America,USA,Lynnwood,"3000 184th St SW, Lynnwood, Washington 98037, USA",47.829906,-122.27257,+1 (425) 549-4289,bam;pab,https://brickstorestamps.com/stores/store-lego-store-alderwood,
store-lego-store-la-plaza-mall,LEGO® Store La Plaza Mall,,official,,North America,USA,McAllen,"2200 S 10th St, R02, McAllen, Texas 78503, USA",26.185389,-98.236372,+1 (956) 303-0342,bam;pab,https://brickstorestamps.com/stores/store-lego-store-la-plaza-mall,
store-lego-store-village-at-meridian,LEGO® Store Village at Meridian,,official,,North America,USA,Meridian,"3540 E Longwing Ln, Suite 140, Meridian, Idaho 83642, USA",43.62248,-116.35134,208-974-7189,bam;pab,https://brickstorestamps.com/stores/store-lego-store-village-at-meridian,
store-lego-store-lakeside-mall-metairie,LEGO® Store Lakeside Mall,,official,,North America,USA,Metairie,"3301 Veterans Memorial Blvd, #72, Metairie, Louisiana 70002, USA",30.006438,-90.158516,+1 (504) 445-5991,,https://brickstorestamps.com/stores/store-lego-store-lakeside-mall-metairie,
store-lego-store-miami-international-airport-mia,LEGO Store Miami International Airport - MIA,,official,,North America,USA,Miami,"near Gate D14, Miami International Airport, Miami, USA",25.77416,-80.1936,,,https://brickstorestamps.com/stores/store-lego-store-miami-international-airport-mia,
store-lego-store-dadeland-mall,LEGO® Store Dadeland Mall,,official,,North America,USA,Miami,"7535 N Kendall Dr #1850, Miami, Florida 33156, USA",25.690207,-80.311094,+1 (786) 947-9416,bam;pab,https://brickstorestamps.com/stores/store-lego-store-dadeland-mall,
store-legoland-discovery-center-san-francisco-bay-area,LEGOLAND Discovery Center San Francisco Bay Area,,official,,North America,USA,Milpitas,,37.43323,-121.89892,,,https://brickstorestamps.com/stores/store-legoland-discovery-center-san-francisco-bay-area,
store-lego-store-ridgedale-mall,LEGO® Store Ridgedale Mall,,official,,North America,USA,Minnetonka,"12267 Wayzata Blvd, Minnetonka, Minnesota 55305, USA",44.94051,-93.46389,952-460-1485,bam;pab,https://brickstorestamps.com/stores/store-lego-store-ridgedale-mall,
store-lego-store-the-shops-at-mission-viejo,LEGO® Store The Shops At Mission Viejo,,official,,North America,USA,Mission Viejo,"555 The Shops at Mission Viejo, The Shops at Mission Viejo, Space 428b, Mission Viejo, California 92691, USA",33.558765,-117.668341,+1 (949) 401-2278,bam;pab,https://brickstorestamps.com/stores/store-lego-store-the-shops-at-mission-viejo,
store-lego-store-fashion-place-mall,LEGO® Store Fashion Place Mall,,official,,North America,USA,Murray,"6191 South State Street, Murray, Utah 84107, USA",40.63575,-111.88623,+1 (801) 992-0132,bam;pab,https://brickstorestamps.com/stores/store-lego-store-fashion-place-mall,
store-lego-store-pheasant-lane-mall,LEGO® Store Pheasant Lane Mall,,official,,North America,USA,Nashua,"310 Daniel Webster Hwy Space W137, Nashua, New Hampshire 03060, USA",42.727532,-71.447111,+1 (603) 713-8657,bam;pab,https://brickstorestamps.com/stores/store-lego-store-pheasant-lane-mall,
store-lego-store-nashville-opry-mills-mall,LEGO® Store Nashville - Opry Mills Mall,,official,,North America,USA,Nashville,"416 Opry Mills Drive #220, Nashville, Tennessee 37214, USA",36.20378,-86.693634,+1 (629) 250-3771,bam;minifigure_factory;pab,https://brickstorestamps.com/stores/store-lego-store-nashville-opry-mills-mall,
store-lego-store-natick-mall,LEGO® Store Natick Mall,,official,,North America,USA,Natick,"1245 Worcester St, Natick Mall, Suite 2100, Natick, Massachusetts 01760, USA",42.301087,-71.386011,+1 (774) 492-2261,bam;pab,https://brickstorestamps.com/stores/store-lego-store-natick-mall,
store-lego-store-jfk-terminal-8,LEGO Store JFK Terminal 8,,official,,North America,USA,New York,"JFK International Airport, Terminal 8, Queens, NY 11430, USA",40.71273,-74.00602,,,https://brickstorestamps.com/stores/store-lego-store-jfk-terminal-8,
store-lego-store-laguardia-airport-lga,LEGO Store LaGuardia Airport - LGA,,official,,North America,USA,New York,"LaGuardia Airport, Terminal B, Queens, NY 11371, USA",40.71273,-74.00602,,,https://brickstorestamps.com/stores/store-lego-store-laguardia-airport-lga,
store-lego-store-new-york-jfk-t4,LEGO Store New York JFK - T4,,official,,North America,USA,New York,"Terminal 4, JFK International Airport, New York (Queens), USA",40.71273,-74.00602,,,https://brickstorestamps.com/stores/store-lego-store-new-york-jfk-t4,
store-lego-store-flatiron-district,LEGO® Store Flatiron District,,official,,North America,USA,New York,"200 5th Ave, Flatiron District, New York, New York 10010, USA",40.742,-73.9899,+1 (929) 323-0128,bam;pab,https://brickstorestamps.com/stores/store-lego-store-flatiron-district,
store-lego-store-new-york-fifth-avenue,LEGO® Store New York - Fifth Avenue,,official,,North America,USA,New York,"636 Fifth Avenue, New York, New York 10020, USA",40.71273,-74.00602,+1 (929) 493-3074,bam;minifigure_factory;mosaic_maker;pab,https://brickstorestamps.com/stores/store-lego-store-new-york-fifth-avenue,
store-lego-store-queens-center,LEGO® Store Queens Center,,closed,2023,North America,USA,New York,"90-15 Queens Blvd, Elmhurst, New York 11373, USA",,,,,https://brickstorestamps.com/stores/store-lego-store-queens-center,
store-lego-store-rockefeller-center,LEGO® Store Rockefeller Center,,closed,2023,North America,USA,New York,"620 5th Ave, New York, New York 10020, USA",,,,,https://brickstorestamps.com/stores/store-lego-store-rockefeller-center,
store-lego-store-staten-island-mall,LEGO® Store Staten Island Mall,,official,,North America,USA,New York,"2655 Richmond Avenue #1285, New York, New York 10314, USA",40.5817,-74.1656,+1 (929) 224-1235,bam;pab,https://brickstorestamps.com/stores/store-lego-store-staten-island-mall,
store-lego-store-new-ark-airport,LEGO Store New Ark Airport,,official,,North America,USA,Newark,"Terminal A, Newark Liberty International Airport, Newark, USA",40.73566,-74.17237,,,https://brickstorestamps.com/stores/store-lego-store-new-ark-airport,
store-lego-store-christiana-mall-new,LEGO® Store Christiana Mall,,official,,North America,USA,Newark,"132 Christiana Mall #1547, Newark, Delaware 19702, USA",39.67842,-75.65291,+1 (302) 496-6605,bam;pab,https://brickstorestamps.com/stores/store-lego-store-christiana-mall-new,
store-lego-store-northbrook-court,LEGO® Store Northbrook Court,,closed,2025,North America,USA,Northbrook,"2171 Northbrook Court, Northbrook, Illinois 60062, USA",42.15014,-87.81664,,,https://brickstorestamps.com/stores/store-lego-store-northbrook-court,
store-lego-store-penn-square-mall,LEGO® Store Penn Square Mall,,official,,North America,USA,Oklahoma City,"1901 Northwest Expressway #1058B, Oklahoma City, Oklahoma 73118, USA",35.525363,-97.544399,+1 (405) 724-4281,bam;pab,https://brickstorestamps.com/stores/store-lego-store-penn-square-mall,
store-lego-store-ontario-mills,LEGO® Store Ontario Mills,,official,,North America,USA,Ontario,"1 Mills Circle, Ontario, California 91764, USA",34.06585,-117.64843,+1 (909) 563-9740,bam;pab,https://brickstorestamps.com/stores/store-lego-store-ontario-mills,
store-lego-store-university-place,LEGO® Store University Place,,official,,North America,USA,Orem,"575 E University Pkwy, Unit B33, Orem, Utah 84097, USA",40.29816,-111.69443,1-385-537-1900,bam;pab,https://brickstorestamps.com/stores/store-lego-store-university-place,
store-lego-store-orland-square,LEGO® Store Orland Square,,official,,North America,USA,Orland Park,"732 Orland Square, Orland Square Mall, Orland Park, Illinois 60462, USA",41.619902,-87.848933,+1 (708) 675-2241,bam;pab,https://brickstorestamps.com/stores/store-lego-store-orland-square,
store-lego-store-disney-springs,LEGO® Store Disney Springs,,official,,North America,USA,Orlando,"1672 E Buena Vista Dr, Lake Buena Vista, Florida 32830, USA",28.371276,-81.515679,+1 (689) 208-3552,bam;minifigure_factory;pab,https://brickstorestamps.com/stores/store-lego-store-disney-springs,
store-lego-store-oak-park-mall,LEGO® Store Oak Park Mall,,official,,North America,USA,Overland Park,,38.97425,-94.68517,,bam;pab,https://brickstorestamps.com/stores/store-lego-store-oak-park-mall,
store-lego-store-garden-state-plaza,LEGO® Store Garden State Plaza,,official,,North America,USA,Paramus,"1 Garden State Plaza, Paramus, New Jersey 07652, USA",40.916708,-74.076507,+1 (201) 979-3570,bam;pab,https://brickstorestamps.com/stores/store-lego-store-garden-state-plaza,
store-lego-store-northshore-mall,LEGO® Store Northshore Mall,,official,,North America,USA,Peabody,"210 Andover Street #169C, Peabody, Massachusetts 01960, USA",42.542868,-70.941982,+1 (978) 587-9271,bam;pab,https://brickstorestamps.com/stores/store-lego-store-northshore-mall,
store-lego-travel-retail-store-philadelphia-international-airport,LEGO Travel Retail Store Philadelphia International Airport,,official,,North America,USA,Philadelphia,"B/C Connector, PHL Airport, Philadelphia, USA",39.95272,-75.16353,,,https://brickstorestamps.com/stores/store-lego-travel-retail-store-philadelphia-international-airport,
store-legoland-discovery-center-philadelphia,LEGOLAND Discovery Center Philadelphia,,official,,North America,USA,Philadelphia,,39.95272,-75.16353,,,https://brickstorestamps.com/stores/store-legoland-discovery-center-philadelphia,
store-lego-store-ross-park-mall,LEGO® Store Ross Park Mall,,official,,North America,USA,Pittsburgh,"1000 Ross Park Mall Dr, D04, Pittsburgh, Pennsylvania 15237, USA",40.542763,-80.00815,+1 (412) 284-9312,bam;pab,https://brickstorestamps.com/stores/store-lego-store-ross-park-mall,
store-lego-store-stoneridge-mall,LEGO® Store Stoneridge Mall,,official,,North America,USA,Pleasanton,"1444 Stoneridge Mall, Space D117A, Pleasanton, California 94588, USA",37.696951,-121.927815,+1 (925) 351-0933,bam;pab,https://brickstorestamps.com/stores/store-lego-store-stoneridge-mall,
store-lego-store-washington-square,LEGO® Store Washington Square,,official,,North America,USA,Portland,"9410 Southwest Washington Square Road, Tigard, Oregon 97223, USA",45.45009,-122.778865,+1 (971) 462-2300,bam;pab,https://brickstorestamps.com/stores/store-lego-store-washington-square,
store-lego-store-providence-place,LEGO® Store Providence Place,,official,,North America,USA,Providence,"97 Providence Place #3165, Providence, Rhode Island 02903, USA",41.828,-71.416,+1 (401) 381-7137,bam;pab,https://brickstorestamps.com/stores/store-lego-store-providence-place,
store-lego-store-crabtree-valley-mall,LEGO® Store Crabtree Valley Mall,,official,,North America,USA,Raleigh,"4325 Glenwood Ave Ste 1078, Raleigh, North Carolina 27612, USA",35.7804,-78.6391,+1 (984) 263-2766,bam;pab,https://brickstorestamps.com/stores/store-lego-store-crabtree-valley-mall,
store-lego-store-short-pump-town-center,LEGO® Store Short Pump Town Center,,official,,North America,USA,Richmond,"11800 W Broad St, 23233 – Suite #1234, Richmond, Virginia 23233, USA",37.53851,-77.43428,804-583-2874,bam;pab,https://brickstorestamps.com/stores/store-lego-store-short-pump-town-center,
store-lego-store-renaissance-at-colony-park,LEGO Store Renaissance at Colony Park,,official,,North America,USA,Ridgeland,"1000 Highland Colony Parkway, Ridgeland, Mississippi 39157, USA",32.43557,-90.1473,,,https://brickstorestamps.com/stores/store-lego-store-renaissance-at-colony-park,2026
store-lego-store-pinnacle-hills,LEGO® Store Pinnacle Hills,,official,,North America,USA,Rogers,"2203 S Promenade Blvd Suite 8135, Rogers, Arkansas 72758, USA",36.33486,-94.11938,1-479-405-6640,bam;pab,https://brickstorestamps.com/stores/store-lego-store-pinnacle-hills,
store-lego-store-westfield-galleria-at-roseville,LEGO® Store Westfield Galleria At Roseville,,official,,North America,USA,Roseville,"1151 Galleria Blvd, #116, Roseville, California 95678, USA",38.774007,-121.269007,+1 (916) 535-8378,bam;pab,https://brickstorestamps.com/stores/store-lego-store-westfield-galleria-at-roseville,
store-lego-store-arden-fair-mall,LEGO® Store Arden Fair Mall,,closed,2019,North America,USA,Sacramento,,,,,,https://brickstorestamps.com/stores/store-lego-store-arden-fair-mall,
store-lego-travel-retail-store-salt-lake-city-international-airport,LEGO Travel Retail Store Salt Lake City International Airport,,official,,North America,USA,Salt Lake City,"Salt Lake City International Airport (SLC), Salt Lake City, USA",40.79007,-111.9799,,,https://brickstorestamps.com/stores/store-lego-travel-retail-store-salt-lake-city-international-airport,
store-lego-store-la-cantera,LEGO® Store La Cantera,,official,,North America,USA,San Antonio,"15900 La Cantera Parkway, Suite 8865, San Antonio, Texas 78256, USA",29.59307,-98.61564,830-241-1036,bam;pab,https://brickstorestamps.com/stores/store-lego-store-la-cantera,
store-lego-store-san-antonio-north-star-mall,LEGO® Store San Antonio - North Star Mall,,official,,North America,USA,San Antonio,"7400 San Pedro Ave, San Antonio, Texas 78216, USA",29.517847,-98.497517,+1 (726) 256-6874,bam;pab,https://brickstorestamps.com/stores/store-lego-store-san-antonio-north-star-mall,
store-legoland-discovery-center-san-antonio,LEGOLAND Discovery Center San Antonio,,official,,North America,USA,San Antonio,,29.4246,-98.49514,,,https://brickstorestamps.com/stores/store-legoland-discovery-center-san-antonio,
store-lego-store-san-diego-fashion-valley,LEGO® Store San Diego - Fashion Valley,,official,,North America,USA,San Diego,"Fashion Valley, 7007 Friars Road, San Diego, California 92108, USA",32.769634,-117.168869,+1 (858) 264-1682,bam;pab,https://brickstorestamps.com/stores/store-lego-store-san-diego-fashion-valley,
store-lego-store-utc-mall,LEGO® Store UTC Mall,,official,,North America,USA,San Diego,"4545 La Jolla Village Drive, San Diego, California 92122, USA",32.8709,-117.2108,+1 (858) 225-3922,bam;pab,https://brickstorestamps.com/stores/store-lego-store-utc-mall,
store-lego-store-san-francisco-airport-t1-sfo,LEGO Store San Francisco Airport T1 - SFO,,official,,North America,USA,San Francisco,"San Francisco International Airport, Terminal 1, San Francisco, CA 94128, USA",37.78794,-122.40752,,,https://brickstorestamps.com/stores/store-lego-store-san-francisco-airport-t1-sfo,
store-lego-store-westfield-san-francisco-centre,LEGO® Store Westfield San Francisco Centre,,closed,2023,North America,USA,San Francisco,"865 Market St, San Francisco, California 94103, USA",,,,,https://brickstorestamps.com/stores/store-lego-store-westfield-san-francisco-centre,
store-lego-store-hillsdale-shopping-centre,LEGO® Store Hillsdale Shopping Centre,,official,,North America,USA,San Mateo,"341 Hillsdale Mall, San Mateo, California 94403, USA",37.537023,-122.300234,+1 (650) 295-1472,bam;pab,https://brickstorestamps.com/stores/store-lego-store-hillsdale-shopping-centre,
store-lego-store-westfield-valley-fair,LEGO® Store Westfield Valley Fair,,official,,North America,USA,Santa Clara,"2855 Stevens Creek Boulevard, Santa Clara, California 95050, USA",37.325388,-121.944369,+1 (408) 643-7008,bam;pab,https://brickstorestamps.com/stores/store-lego-store-westfield-valley-fair,
store-lego-store-woodfield-mall,LEGO® Store Woodfield Mall,,official,,North America,USA,Schaumburg,"5 Woodfield Mall, Schaumburg, Illinois 60173, USA",42.03336,-88.08341,+1 (847) 534-1416,bam;pab,https://brickstorestamps.com/stores/store-lego-store-woodfield-mall,
store-legoland-discovery-center-chicago,LEGOLAND Discovery Center Chicago,,official,,North America,USA,Schaumburg,,42.03336,-88.08341,,,https://brickstorestamps.com/stores/store-legoland-discovery-center-chicago,
store-lego-store-scottsdale-quarter,LEGO® Store Scottsdale Quarter,,official,,North America,USA,Scottsdale,"15257 N Scottsdale Road, Suite 170,,  Scottsdale, Arizona 85254, USA",33.49422,-111.92602,480-956-0424,bam;pab,https://brickstorestamps.com/stores/store-lego-store-scottsdale-quarter,
store-lego-store-old-orchard-centernew,LEGO® Store Old Orchard Center,,official,,North America,USA,Skokie,"4999 OLD ORCHARD CTR, STE 25, Unit A25, Skokie, Illinois 60077, USA",42.0263,-87.75211,224-309-2278,bam;pab,https://brickstorestamps.com/stores/store-lego-store-old-orchard-centernew,
store-lego-store-river-park-square,LEGO® Store River Park Square,,official,,North America,USA,Spokane,"808 W. Main Ave. Suite 121, Spokane, Washington 99201, USA",47.65719,-117.42351,1 509-213-5283,bam;pab,https://brickstorestamps.com/stores/store-lego-store-river-park-square,
store-lego-store-springfield-mall,LEGO® Store Springfield Mall,,official,,North America,USA,Springfield,"6563 Springfield Mall Suite 12004, Springfield, Virginia 22150, USA",38.77456,-77.17446,571-506-4322,bam;pab,https://brickstorestamps.com/stores/store-lego-store-springfield-mall,
store-lego-store-lakeside-mall,LEGO® Store Lakeside Mall,,official,,North America,USA,Sterling Heights,,42.58031,-83.0302,,bam;pab,https://brickstorestamps.com/stores/store-lego-store-lakeside-mall,
store-lego-store-sawgrass-mills,LEGO® Store Sawgrass Mills,,official,,North America,USA,Sunrise,"12801 W Sunrise Blvd, Space 1011, Sunrise, Florida 33323, USA",26.151644,-80.320122,+1 (754) 336-5775,bam;pab,https://brickstorestamps.com/stores/store-lego-store-sawgrass-mills,
store-lego-store-destiny-usa,LEGO® Store Destiny USA,,official,,North America,USA,Syracuse,"9090 Destiny USA Dr, Space F210, Syracuse, New York 13204, USA",43.069599,-76.172867,+1 (680) 244-7040,bam;pab,https://brickstorestamps.com/stores/store-lego-store-destiny-usa,
store-lego-store-promenade-temecula,LEGO Store Promenade Temecula,,official,,North America,USA,Temecula,,33.49464,-117.14737,,,https://brickstorestamps.com/stores/store-lego-store-promenade-temecula,
store-legoland-discovery-center-arizona,LEGOLAND Discovery Center Arizona,,official,,North America,USA,Tempe,,33.42551,-111.94002,,,https://brickstorestamps.com/stores/store-legoland-discovery-center-arizona,
store-lego-store-the-woodlands-mall,LEGO® Store The Woodlands Mall,,official,,North America,USA,The Woodlands,"1201 Lake Woodlands Drive #01182, The Woodlands, Texas 77380, USA",30.16255,-95.456122,+1 (936) 570-3457,bam;pab,https://brickstorestamps.com/stores/store-lego-store-the-woodlands-mall,
store-lego-store-bridgeport-village,LEGO® Store Bridgeport Village,,official,,North America,USA,Tigard,"7235 SW Bridgeport Rd, Tigard, OR 97224 - Space D-107, Tigard, Oregon 97224, USA",45.43075,-122.77193,971-339-5837,bam;pab,https://brickstorestamps.com/stores/store-lego-store-bridgeport-village,
store-lego-store-somerset-collection,LEGO® Store Somerset Collection,,official,,North America,USA,Troy,"Somerset Collection, 2800 West Big Beaver Road, Troy, Michigan 48084, USA",42.56278,-83.18411,+1 (947) 218-3789,bam;minifigure_factory;pab,https://brickstorestamps.com/stores/store-lego-store-somerset-collection,
store-lego-store-westfield-southcenter,LEGO® Store Westfield Southcenter,,official,,North America,USA,Tukwila,"633 Southcenter Mall, Tukwila, Washington 98188, USA",47.458922,-122.258751,+1 (425) 441-6929,bam;pab,https://brickstorestamps.com/stores/store-lego-store-westfield-southcenter,
store-lego-store-woodland-hills-mall,LEGO® Store Woodland Hills Mall,,official,,North America,USA,Tulsa,"7021 S. Memorial Ste #186, Tulsa, Oklahoma 74133, USA",36.06305553334596,-95.88074965231779,(918) 475-8003,bam;pab,https://brickstorestamps.com/stores/store-lego-store-woodland-hills-mall,
store-lego-store-tysons-corner,LEGO® Store Tysons Corner,,official,,North America,USA,Tysons,"1961 Chain Bridge Rd Mall D7L McLean, VA 22102, McLean, Virginia 22102, USA",38.933825,-77.178776,+1 (571) 648-0127,bam;pab,https://brickstorestamps.com/stores/store-lego-store-tysons-corner,
store-lego-store-eastview-mall,LEGO® Store Eastview Mall,,official,,North America,USA,Victor,"7979 Pittsford Victor Road #131B, Victor, New York 14564, USA",43.029092,-77.442745,+1 (585) 407-1502,bam;pab,https://brickstorestamps.com/stores/store-lego-store-eastview-mall,
store-lego-store-virginia-beach,LEGO® Store Virginia Beach,,official,,North America,USA,Virginia Beach,"172 Central Park Ave, Virginia Beach, Virginia 23462, USA",36.84966,-75.97608,1 757-910-0389,bam;pab,https://brickstorestamps.com/stores/store-lego-store-virginia-beach,
store-legoland-discovery-center-washington-dc,LEGOLAND Discovery Center Washington DC,,official,,North America,USA,Washington DC,,38.8951,-77.03638,,,https://brickstorestamps.com/stores/store-legoland-discovery-center-washington-dc,
store-lego-store-mayfair,LEGO® Store Mayfair,,official,,North America,USA,Wauwatosa,"2500 North Mayfair Rd, Mayfair, Space 635, Wauwatosa, Wisconsin 53226, USA",43.063546,-88.047663,+1 (414) 300-7580,bam;pab,https://brickstorestamps.com/stores/store-lego-store-mayfair,
store-lego-store-jordan-creek,LEGO® Store Jordan Creek,,official,,North America,USA,West Des Moines,"101 Jordan Creek Pkwy, Suite 11155, West Des Moines‌, Iowa 50266, USA",41.56445,-93.75941,1-515-561-5334,bam;pab,https://brickstorestamps.com/stores/store-lego-store-jordan-creek,
store-lego-store-westfarms-mall,LEGO® Store Westfarms Mall,,official,,North America,USA,West Hartford,"1500 New Britain Avenue d112, West Hartford, Connecticut 06032, USA",41.7228,-72.7633,+1 (860) 454-6971,bam;pab,https://brickstorestamps.com/stores/store-lego-store-westfarms-mall,
store-lego-store-palisades-centre,LEGO® Store Palisades Centre,,official,,North America,USA,West Nyack,"3462 Palisades Center Dr, West Nyack, New York 10994, USA",41.097273,-73.956638,+1 (845) 643-1003,bam;pab,https://brickstorestamps.com/stores/store-lego-store-palisades-centre,
store-legoland-discovery-center-westchester,LEGOLAND Discovery Center Westchester,,official,,North America,USA,Westchester,,41.85059,-87.882,,,https://brickstorestamps.com/stores/store-legoland-discovery-center-westchester,
store-lego-store-crocker-park,LEGO® Store Crocker Park,,official,,North America,USA,Westlake,"276 Crocker Park Blvd, Space 1020, Westlake, Ohio 44145, USA",41.45821,-81.95169,+1 (440) 500-3101,bam;pab,https://brickstorestamps.com/stores/store-lego-store-crocker-park,
store-lego-store-the-westchester,LEGO® Store The Westchester,,official,,North America,USA,White Plains,"125 Westchester Ave, The Westchester, Unit 3220, White Plains, New York 10601, USA",41.031508,-73.758454,+1 (914) 201-1942,bam;pab,https://brickstorestamps.com/stores/store-lego-store-the-westchester,
store-lego-store-legoland-florida-resort,LEGOLAND Florida,,official,,North America,USA,Winter Haven,"One Legoland Way, Winter Haven, Florida 33884, USA",28.02224,-81.73286,877-350-5346,bam;pab,https://brickstorestamps.com/stores/store-lego-store-legoland-florida-resort,
store-lego-store-potomac-mills,LEGO® Store Potomac Mills,,official,,North America,USA,Woodbridge,"2700 Potomac Mills Circle, Woodbridge, Virginia 22192, USA",38.64245,-77.291801,+1 (571) 609-6922,bam;pab,https://brickstorestamps.com/stores/store-lego-store-potomac-mills,
store-lego-store-paradise-hcm-cit,LEGO Store Paradise HCM City,,official,,Asia,Vietnam,Ho Chi Minh City,,10.77373,106.7166,,bam;pab,https://brickstorestamps.com/stores/store-lego-store-paradise-hcm-cit,
