{
 "type": "FeatureCollection",
 "features": [
  {
   "type": "Feature",
   "geometry": {
    "type": "Point",
    "coordinates": [
     138.59993,
     -34.92818
    ]
   },
   "properties": {
    "id": "store-lego-store-marion",
    "name": "LEGO® Store Marion",
    "name_local": null,
    "city": "Adelaide",
    "country": "Australia",
    "type": "official",
    "closed_year": null,
    "address": "Westfield, 297 Diagonal Rd, Oaklands Park, Adelaide 5046, Australia",
    "phone": "(08) 8375 8901",
    "services": "bam, pab",
    "url": "https://brickstorestamps.com/stores/store-lego-store-marion"
   }
  },
  {
   "type": "Feature",
   "geometry": {
    "type": "Point",
    "coordinates": [
     138.59993,
     -34.92818
    ]
   },
   "properties": {
    "id": "store-lego-store-westfield-tea-tree-plaza",
    "name": "LEGO® Store Westfield Tea Tree Plaza",
    "name_local": null,
    "city": "Adelaide",
    "country": "Australia",
    "type": "official",
    "closed_year": null,
    "address": "976 North East Road, Level 2, Shop 161, Modbury, SA 5092, Australia",
    "phone": "08 8375 8902",
    "services": "bam, pab",
    "url": "https://brickstorestamps.com/stores/store-lego-store-westfield-tea-tree-plaza"
   }
  },
  {
   "type": "Feature",
   "geometry": {
    "type": "Point",
    "coordinates": [
     153.0235,
     -27.46896
    ]
   },
   "properties": {
    "id": "store-lego-store-brisbane-airport-international-terminal-bne-duty-free",
    "name": "LEGO Store Brisbane Airport International Terminal (BNE Duty Free)",
    "name_local": null,
    "city": "Brisbane",
    "country": "Australia",
    "type": "official",
    "closed_year": null,
    "address": "Brisbane Airport, International Terminal, Airport Drive, Brisbane Airport 4008, Australia",
    "phone": null,
    "services": null,
    "url": "https://brickstorestamps.com/stores/store-lego-store-brisbane-airport-international-terminal-bne-duty-free"
   }
  },
  {
   "type": "Feature",
   "geometry": {
    "type": "Point",
    "coordinates": [
     153.0235,
     -27.46896
    ]
   },
   "properties": {
    "id": "store-lego-store-brisbane-bne-domestic",
    "name": "LEGO® Store Brisbane - BNE - Domestic",
    "name_local": null,
    "city": "Brisbane",
    "country": "Australia",
    "type": "official",
    "closed_year": null,
    "address": "Brisbane Airport, Domestic Terminal, Airport Drive, Brisbane Airport 4008, Australia",
    "phone": null,
    "services": null,
    "url": "https://brickstorestamps.com/stores/store-lego-store-brisbane-bne-domestic"
   }
  },
  {
   "type": "Feature",
   "geometry": {
    "type": "Point",
    "coordinates": [
     153.0235,
     -27.46896
    ]
   },
   "properties": {
    "id": "store-lego-store-chermside",
    "name": "LEGO® Store Chermside",
    "name_local": null,
    "city": "Brisbane",
    "country": "Australia",
    "type": "official",
    "closed_year": null,
    "address": "Shop/380A Gympie Rd., Chermside 4032, Australia",
    "phone": "(07) 5554 9402",
    "services": "bam, pab",
    "url": "https://brickstorestamps.com/stores/store-lego-store-chermside"
   }
  },
  {
   "type": "Feature",
   "geometry": {
    "type": "Point",
    "coordinates": [
     149.10127,
     -35.29759
    ]
   },
   "properties": {
    "id": "store-lego-store-canberra",
    "name": "LEGO® Store Canberra",
    "name_local": null,
    "city": "Canberra",
    "country": "Australia",
    "type": "official",
    "closed_year": null,
    "address": "Shop CG18-CG21, Ground Level, Canberra Centre, 148 Bunda Street, Canberra ACT 2601, Australia",
    "phone": "(02) 6246 6801",
    "services": "bam, pab",
    "url": "https://brickstorestamps.com/stores/store-lego-store-canberra"
   }
  },
  {
   "type": "Feature",
   "geometry": {
    "type": "Point",
    "coordinates": [
     153.4146,
     -28.00237
    ]
   },
   "properties": {
    "id": "store-lego-store-dreamworld",
    "name": "LEGO® Store Dreamworld",
    "name_local": null,
    "city": "Gold Coast",
    "country": "Australia",
    "type": "official",
    "closed_year": null,
    "address": "1 Dreamworld Pkwy,, Gold coast 4209, Australia",
    "phone": "(07) 5588 1111",
    "services": "bam, pab",
    "url": "https://brickstorestamps.com/stores/store-lego-store-dreamworld"
   }
  },
  {
   "type": "Feature",
   "geometry": {
    "type": "Point",
    "coordinates": [
     153.4146,
     -28.00237
    ]
   },
   "properties": {
    "id": "store-lego-store-robina",
    "name": "LEGO® Store Robina",
    "name_local": null,
    "city": "Gold Coast",
    "country": "Australia",
    "type": "official",
    "closed_year": null,
    "address": "4067, Robina Town Centre Dr., Robina 4226, Australia",
    "phone": "(07) 5554 9401",
    "services": "bam, pab",
    "url": "https://brickstorestamps.com/stores/store-lego-store-robina"
   }
  },
  {
   "type": "Feature",
   "geometry": {
    "type": "Point",
    "coordinates": [
     147.32812,
     -42.88251
    ]
   },
   "properties": {
    "id": "store-lego-store-hobart",
    "name": "LEGO® Store Hobart",
    "name_local": null,
    "city": "Hobart",
    "country": "Australia",
    "type": "official",
    "closed_year": null,
    "address": "38 Elizabeth St, Hobart TAS7000, Australia",
    "phone": "(03) 62408577",
    "services": "bam, pab",
    "url": "https://brickstorestamps.com/stores/store-lego-store-hobart"
   }
  },
  {
   "type": "Feature",
   "geometry": {
    "type": "Point",
    "coordinates": [
     144.96317,
     -37.81425
    ]
   },
   "properties": {
    "id": "store-lego-store-melbourne-airport-mel-airport-store",
    "name": "LEGO Store Melbourne Airport - MEL",
    "name_local": null,
    "city": "Melbourne",
    "country": "Australia",
    "type": "official",
    "closed_year": null,
    "address": "Melbourne Airport, Departure Drive, Melbourne Airport 3045, Australia",
    "phone": null,
    "services": null,
    "url": "https://brickstorestamps.com/stores/store-lego-store-melbourne-airport-mel-airport-store"
   }
  },
  {
   "type": "Feature",
   "geometry": {
    "type": "Point",
    "coordinates": [
     144.96317,
     -37.81425
    ]
   },
   "properties": {
    "id": "store-lego-store-doncaster",
    "name": "LEGO® Store Doncaster",
    "name_local": null,
    "city": "Melbourne",
    "country": "Australia",
    "type": "closed",
    "closed_year": 2026,
    "address": "619 Doncaster Road, Doncaster VIC 3108, Australia",
    "phone": "(03) 8398 9191",
    "services": "bam, pab",
    "url": "https://brickstorestamps.com/stores/store-lego-store-doncaster"
   }
  },
  {
   "type": "Feature",
   "geometry": {
    "type": "Point",
    "coordinates": [
     145.22907,
     -37.81324
    ]
   },
   "properties": {
    "id": "store-lego-store-eastland",
    "name": "LEGO® Store Eastland",
    "name_local": null,
    "city": "Melbourne",
    "country": "Australia",
    "type": "official",
    "closed_year": null,
    "address": "Shop 2109A-2110, Level 2, Eastland Shopping Centre, 175 Maroondah Highway, Ringwood VIC 3134, Australia",
    "phone": null,
    "services": "bam, pab",
    "url": "https://brickstorestamps.com/stores/store-lego-store-eastland"
   }
  },
  {
   "type": "Feature",
   "geometry": {
    "type": "Point",
    "coordinates": [
     144.96317,
     -37.81425
    ]
   },
   "properties": {
    "id": "store-lego-store-highpoint",
    "name": "LEGO® Store Highpoint",
    "name_local": null,
    "city": "Melbourne",
    "country": "Australia",
    "type": "official",
    "closed_year": null,
    "address": "120-200 Rosamond Road, Maribyrnong VIC 3032, Australia",
    "phone": "(03) 8398 9192",
    "services": "bam, pab",
    "url": "https://brickstorestamps.com/stores/store-lego-store-highpoint"
   }
  },
  {
   "type": "Feature",
   "geometry": {
    "type": "Point",
    "coordinates": [
     144.96317,
     -37.81425
    ]
   },
   "properties": {
    "id": "store-lego-store-melbourne-central",
    "name": "LEGO® Store Melbourne Central",
    "name_local": null,
    "city": "Melbourne",
    "country": "Australia",
    "type": "official",
    "closed_year": null,
    "address": "Level 2 Cnr LaTrobe and Swanston Streets Melbourne Central, Melbourne VIC 3000, Australia",
    "phone": "(03) 8398 9193",
    "services": "bam, pab",
    "url": "https://brickstorestamps.com/stores/store-lego-store-melbourne-central"
   }
  },
  {
   "type": "Feature",
   "geometry": {
    "type": "Point",
    "coordinates": [
     144.96317,
     -37.81425
    ]
   },
   "properties": {
    "id": "store-legoland-discovery-centre-melbourne",
    "name": "LEGOLAND Discovery Centre Melbourne",
    "name_local": null,
    "city": "Melbourne",
    "country": "Australia",
    "type": "official",
    "closed_year": null,
    "address": null,
    "phone": null,
    "services": null,
    "url": "https://brickstorestamps.com/stores/store-legoland-discovery-centre-melbourne"
   }
  },
  {
   "type": "Feature",
   "geometry": {
    "type": "Point",
    "coordinates": [
     151.77953,
     -32.9193
    ]
   },
   "properties": {
    "id": "store-lego-store-charlestown",
    "name": "LEGO® Store Charlestown",
    "name_local": null,
    "city": "Newcastle",
    "country": "Australia",
    "type": "official",
    "closed_year": null,
    "address": "Shop 2071/30 Pearson St, Newcastle 2290, Australia",
    "phone": "(02) 4942 3787",
    "services": "bam, pab",
    "url": "https://brickstorestamps.com/stores/store-lego-store-charlestown"
   }
  },
  {
   "type": "Feature",
   "geometry": {
    "type": "Point",
    "coordinates": [
     115.86058,
     -31.9559
    ]
   },
   "properties": {
    "id": "store-lego-store-karrinyup",
    "name": "LEGO® Store Karrinyup",
    "name_local": null,
    "city": "Perth",
    "country": "Australia",
    "type": "official",
    "closed_year": null,
    "address": "Shop SP022, Ground Level, Karrinyup Shopping Centre, 200 Karrinyup Rd, Karrinyup WA 6018, Australia",
    "phone": "(08) 9326 0801",
    "services": "bam, pab",
    "url": "https://brickstorestamps.com/stores/store-lego-store-karrinyup"
   }
  },
  {
   "type": "Feature",
   "geometry": {
    "type": "Point",
    "coordinates": [
     115.86058,
     -31.9559
    ]
   },
   "properties": {
    "id": "store-lego-store-westfield-booragoon",
    "name": "LEGO® Store Westfield Booragoon",
    "name_local": null,
    "city": "Perth",
    "country": "Australia",
    "type": "official",
    "closed_year": null,
    "address": "Level 1, Shop 127 125-133 Riseley Street, Booragoon Western Australia 6154, Australia",
    "phone": "(08) 9326 0802",
    "services": "bam, pab",
    "url": "https://brickstorestamps.com/stores/store-lego-store-westfield-booragoon"
   }
  },
  {
   "type": "Feature",
   "geometry": {
    "type": "Point",
    "coordinates": [
     153.09337,
     -26.65443
    ]
   },
   "properties": {
    "id": "store-lego-store-sunshine-plaza",
    "name": "LEGO Store Sunshine Plaza",
    "name_local": null,
    "city": "Sunshine Coast",
    "country": "Australia",
    "type": "official",
    "closed_year": null,
    "address": "Shop GD551, Sunshine Plaza Shopping Centre, 154-164 Horton Parade, Maroochydore, QLD 4558, Australia",
    "phone": "07 5554 9437",
    "services": "bam, pab",
    "url": "https://brickstorestamps.com/stores/store-lego-store-sunshine-plaza"
   }
  },
  {
   "type": "Feature",
   "geometry": {
    "type": "Point",
    "coordinates": [
     151.20828,
     -33.86984
    ]
   },
   "properties": {
    "id": "store-lego-store-in-the-australian-head-office",
    "name": "LEGO Store in the Australian Head Office",
    "name_local": null,
    "city": "Sydney",
    "country": "Australia",
    "type": "official",
    "closed_year": null,
    "address": null,
    "phone": null,
    "services": "bam, pab",
    "url": "https://brickstorestamps.com/stores/store-lego-store-in-the-australian-head-office"
   }
  },
  {
   "type": "Feature",
   "geometry": {
    "type": "Point",
    "coordinates": [
     151.20828,
     -33.86984
    ]
   },
   "properties": {
    "id": "store-lego-store-macquire",
    "name": "LEGO Store Macquarie",
    "name_local": null,
    "city": "Sydney",
    "country": "Australia",
    "type": "official",
    "closed_year": null,
    "address": null,
    "phone": null,
    "services": "bam, pab",
    "url": "https://brickstorestamps.com/stores/store-lego-store-macquire"
   }
  },
  {
   "type": "Feature",
   "geometry": {
    "type": "Point",
    "coordinates": [
     151.20828,
     -33.86984
    ]
   },
   "properties": {
    "id": "store-lego-store-parramatta",
    "name": "LEGO Store Parramatta",
    "name_local": null,
    "city": "Sydney",
    "country": "Australia",
    "type": "official",
    "closed_year": null,
    "address": null,
    "phone": null,
    "services": "bam, pab",
    "url": "https://brickstorestamps.com/stores/store-lego-store-parramatta"
   }
  },
  {
   "type": "Feature",
   "geometry": {
    "type": "Point",
    "coordinates": [
     151.20828,
     -33.86984
    ]
   },
   "properties": {
    "id": "store-lego-store-penrith",
    "name": "LEGO Store Penrith",
    "name_local": null,
    "city": "Sydney",
    "country": "Australia",
    "type": "official",
    "closed_year": null,
    "address": null,
    "phone": null,
    "services": "bam, pab",
    "url": "https://brickstorestamps.com/stores/store-lego-store-penrith"
   }
  },
  {
   "type": "Feature",
   "geometry": {
    "type": "Point",
    "coordinates": [
     151.20828,
     -33.86984
    ]
   },
   "properties": {
    "id": "store-lego-store-sydney-airport-syd-airport-store",
    "name": "LEGO Store Sydney Airport - SYD",
    "name_local": null,
    "city": "Sydney",
    "country": "Australia",
    "type": "official",
    "closed_year": null,
    "address": "Sydney Airport, Terminal 3 Domestic, Mascot 2020, Australia",
    "phone": null,
    "services": null,
    "url": "https://brickstorestamps.com/stores/store-lego-store-sydney-airport-syd-airport-store"
   }
  },
  {
   "type": "Feature",
   "geometry": {
    "type": "Point",
    "coordinates": [
     151.25004,
     -33.89133
    ]
   },
   "properties": {
    "id": "store-lego-store-bondi-junction",
    "name": "LEGO® Store Bondi Junction",
    "name_local": null,
    "city": "Sydney",
    "country": "Australia",
    "type": "closed",
    "closed_year": 2025,
    "address": "AG LEGO® Certified Store, Westfield Bondi Junction, 500 Oxford St, Bondi Junction NSW 2022, Australia",
    "phone": null,
    "services": null,
    "url": "https://brickstorestamps.com/stores/store-lego-store-bondi-junction"
   }
  },
  {
   "type": "Feature",
   "geometry": {
    "type": "Point",
    "coordinates": [
     151.20828,
     -33.86984
    ]
   },
   "properties": {
    "id": "store-lego-store-broadway",
    "name": "LEGO® Store Broadway",
    "name_local": null,
    "city": "Sydney",
    "country": "Australia",
    "type": "official",
    "closed_year": null,
    "address": "Level 2, Shop 208/1 Bay St, Ultimo 2007, Australia",
    "phone": "(02) 8275 5182",
    "services": "bam, pab",
    "url": "https://brickstorestamps.com/stores/store-lego-store-broadway"
   }
  },
  {
   "type": "Feature",
   "geometry": {
    "type": "Point",
    "coordinates": [
     151.20828,
     -33.86984
    ]
   },
   "properties": {
    "id": "store-lego-store-castle-towers-shopping-centre",
    "name": "LEGO® Store Castle Towers Shopping Centre",
    "name_local": null,
    "city": "Sydney",
    "country": "Australia",
    "type": "official",
    "closed_year": null,
    "address": "Shop 327 Castle Towers Shopping Centre, Castle Towers NSW 2154, Australia",
    "phone": "(02) 8275 5184",
    "services": "bam, pab",
    "url": "https://brickstorestamps.com/stores/store-lego-store-castle-towers-shopping-centre"
   }
  },
  {
   "type": "Feature",
   "geometry": {
    "type": "Point",
    "coordinates": [
     151.20828,
     -33.86984
    ]
   },
   "properties": {
    "id": "store-lego-store-macquarie-centre",
    "name": "LEGO® Store Macquarie Centre",
    "name_local": null,
    "city": "Sydney",
    "country": "Australia",
    "type": "official",
    "closed_year": null,
    "address": "Shop 3334/3, Macquarie Shopping Centre Cnr Herring Rd & Waterloo Rd, North Ryde NSW 2113, Australia",
    "phone": "(02) 8275 5186",
    "services": "bam, pab",
    "url": "https://brickstorestamps.com/stores/store-lego-store-macquarie-centre"
   }
  },
  {
   "type": "Feature",
   "geometry": {
    "type": "Point",
    "coordinates": [
     151.20828,
     -33.86984
    ]
   },
   "properties": {
    "id": "store-lego-store-pitt-st-mall",
    "name": "LEGO® Store Pitt St Mall",
    "name_local": null,
    "city": "Sydney",
    "country": "Australia",
    "type": "official",
    "closed_year": null,
    "address": "400 George Street, entry is Via Pitt Street Mall, Sydney 2000, Australia",
    "phone": "(02) 82755120",
    "services": "bam, pab",
    "url": "https://brickstorestamps.com/stores/store-lego-store-pitt-st-mall"
   }
  },
  {
   "type": "Feature",
   "geometry": {
    "type": "Point",
    "coordinates": [
     151.20828,
     -33.86984
    ]
   },
   "properties": {
    "id": "store-lego-store-westfield-miranda",
    "name": "LEGO® Store Westfield Miranda",
    "name_local": null,
    "city": "Sydney",
    "country": "Australia",
    "type": "official",
    "closed_year": null,
    "address": "600 Kingsway Shop 3166-1367, Level 3, Miranda NSW 2228, Australia",
    "phone": "(02) 8275 5187",
    "services": "bam, pab",
    "url": "https://brickstorestamps.com/stores/store-lego-store-westfield-miranda"
   }
  },
  {
   "type": "Feature",
   "geometry": {
    "type": "Point",
    "coordinates": [
     151.20828,
     -33.86984
    ]
   },
   "properties": {
    "id": "store-lego-store-westfield-parramatta",
    "name": "LEGO® Store Westfield Parramatta",
    "name_local": null,
    "city": "Sydney",
    "country": "Australia",
    "type": "official",
    "closed_year": null,
    "address": "Shop 3077 159-175 Church Street, Parramatta NSW 2150, Australia",
    "phone": "(02) 8275 5189",
    "services": "bam, pab",
    "url": "https://brickstorestamps.com/stores/store-lego-store-westfield-parramatta"
   }
  },
  {
   "type": "Feature",
   "geometry": {
    "type": "Point",
    "coordinates": [
     151.20828,
     -33.86984
    ]
   },
   "properties": {
    "id": "store-lego-store-westfield-penrith",
    "name": "LEGO® Store Westfield Penrith",
    "name_local": null,
    "city": "Sydney",
    "country": "Australia",
    "type": "official",
    "closed_year": null,
    "address": "Level 2, Shop 311/312 585 High Street, Penrith New South Wales 2750, Australia",
    "phone": "(02) 8275 5185",
    "services": "bam, pab",
    "url": "https://brickstorestamps.com/stores/store-lego-store-westfield-penrith"
   }
  },
  {
   "type": "Feature",
   "geometry": {
    "type": "Point",
    "coordinates": [
     146.82395,
     -19.25694
    ]
   },
   "properties": {
    "id": "store-lego-store-townsville",
    "name": "LEGO® Store Townsville",
    "name_local": null,
    "city": "Townsville",
    "country": "Australia",
    "type": "official",
    "closed_year": null,
    "address": "Shop 205, Aitkenvale, Aitkenvale QLD 4814, Australia",
    "phone": "(07) 5554 9403",
    "services": "bam, pab",
    "url": "https://brickstorestamps.com/stores/store-lego-store-townsville"
   }
  },
  {
   "type": "Feature",
   "geometry": {
    "type": "Point",
    "coordinates": [
     16.32894,
     48.12484
    ]
   },
   "properties": {
    "id": "store-lego-store-vienna-scs",
    "name": "LEGO® Store Vienna SCS",
    "name_local": null,
    "city": "Vienna",
    "country": "Austria",
    "type": "official",
    "closed_year": null,
    "address": "Shopping City Süd, Unit 6, Galerie 164, SCS-Strasse, Vösendorf 2334, Austria",
    "phone": "(+43) 1928081200",
    "services": "bam, pab",
    "url": "https://brickstorestamps.com/stores/store-lego-store-vienna-scs"
   }
  },
  {
   "type": "Feature",
   "geometry": {
    "type": "Point",
    "coordinates": [
     16.3725,
     48.20835
    ]
   },
   "properties": {
    "id": "store-lego-store-wien-donau-zentrum",
    "name": "LEGO® Store Wien Donau Zentrum",
    "name_local": null,
    "city": "Vienna",
    "country": "Austria",
    "type": "official",
    "closed_year": null,
    "address": "Donau Zentrum, Wagramer Straße 81, Wien 1220, Austria",
    "phone": "+43 1928083500",
    "services": "bam, pab",
    "url": "https://brickstorestamps.com/stores/store-lego-store-wien-donau-zentrum"
   }
  },
  {
   "type": "Feature",
   "geometry": {
    "type": "Point",
    "coordinates": [
     50.58224,
     26.2235
    ]
   },
   "properties": {
    "id": "store-lego-store-bahrain-city-centre",
    "name": "LEGO® Store Bahrain City Centre",
    "name_local": null,
    "city": "Manama",
    "country": "Bahrain",
    "type": "official",
    "closed_year": null,
    "address": "Manama, Bahrain, Bahrain",
    "phone": "+973 1717 3077",
    "services": "bam, pab",
    "url": "https://brickstorestamps.com/stores/store-lego-store-bahrain-city-centre"
   }
  },
  {
   "type": "Feature",
   "geometry": {
    "type": "Point",
    "coordinates": [
     4.39971,
     51.22111
    ]
   },
   "properties": {
    "id": "store-lego-store-wijnegem",
    "name": "LEGO® Store Wijnegem",
    "name_local": null,
    "city": "Antwerp",
    "country": "Belgium",
    "type": "official",
    "closed_year": null,
    "address": "Wijnegem - Shop Eat Enjoy, Turnhoutsebaan 5, Space 526, Wijnegem 2110, Belgium",
    "phone": "+32 33180025",
    "services": "bam, pab",
    "url": "https://brickstorestamps.com/stores/store-lego-store-wijnegem"
   }
  },
  {
   "type": "Feature",
   "geometry": {
    "type": "Point",
    "coordinates": [
     4.35249,
     50.84674
    ]
   },
   "properties": {
    "id": "store-lego-store-brussels",
    "name": "LEGO® Store Brussels",
    "name_local": null,
    "city": "Brussels",
    "country": "Belgium",
    "type": "official",
    "closed_year": null,
    "address": "117-119 Rue Neuve, Brussels 1000, Belgium",
    "phone": "+32 27906802",
    "services": "bam, pab",
    "url": "https://brickstorestamps.com/stores/store-lego-store-brussels"
   }
  },
  {
   "type": "Feature",
   "geometry": {
    "type": "Point",
    "coordinates": [
     4.35249,
     50.84674
    ]
   },
   "properties": {
    "id": "store-legoland-discovery-centre-brussels",
    "name": "LEGOLAND Discovery Centre Brussels",
    "name_local": null,
    "city": "Brussels",
    "country": "Belgium",
    "type": "official",
    "closed_year": null,
    "address": null,
    "phone": null,
    "services": null,
    "url": "https://brickstorestamps.com/stores/store-legoland-discovery-centre-brussels"
   }
  },
  {
   "type": "Feature",
   "geometry": {
    "type": "Point",
    "coordinates": [
     18.41261,
     43.85707
    ]
   },
   "properties": {
    "id": "store-lego-store-sarajevo",
    "name": "LEGO® Store Sarajevo",
    "name_local": null,
    "city": "Sarajevo",
    "country": "Bosnia and Herzegovina",
    "type": "official",
    "closed_year": null,
    "address": "Franca Lehara 2, Sarajevo 71000, Bosnia and Herzegovina",
    "phone": "+387 33 590-579",
    "services": "bam, pab",
    "url": "https://brickstorestamps.com/stores/store-lego-store-sarajevo"
   }
  },
  {
   "type": "Feature",
   "geometry": {
    "type": "Point",
    "coordinates": [
     -48.63398,
     -26.99244
    ]
   },
   "properties": {
    "id": "store-lego-store-balneario",
    "name": "LEGO® Store Balneário",
    "name_local": null,
    "city": "Balneário Camboriú",
    "country": "Brazil",
    "type": "official",
    "closed_year": null,
    "address": "Piso L1, Balneário Shopping, Balneário Camboriú, Brazil",
    "phone": null,
    "services": "bam, pab",
    "url": "https://brickstorestamps.com/stores/store-lego-store-balneario"
   }
  },
  {
   "type": "Feature",
   "geometry": {
    "type": "Point",
    "coordinates": [
     -48.46825,
     -1.45056
    ]
   },
   "properties": {
    "id": "store-lego-store-boulevard-shopping-belem",
    "name": "LEGO® Store Boulevard Shopping Belem",
    "name_local": null,
    "city": "Belém",
    "country": "Brazil",
    "type": "official",
    "closed_year": null,
    "address": "Av. Visc. de Souza Franco, 776 - LJ 324/325 NIVEL 3 - Reduto, Belem 66053-000, Brazil",
    "phone": "+55 119 968 96131",
    "services": "bam, pab",
    "url": "https://brickstorestamps.com/stores/store-lego-store-boulevard-shopping-belem"
   }
  },
  {
   "type": "Feature",
   "geometry": {
    "type": "Point",
    "coordinates": [
     -43.94509,
     -19.92273
    ]
   },
   "properties": {
    "id": "store-lego-store-bh-shopping",
    "name": "LEGO® Store BH Shopping",
    "name_local": null,
    "city": "Belo Horizonte",
    "country": "Brazil",
    "type": "official",
    "closed_year": null,
    "address": "BH Shopping - BR-356, 3049 - 72, Belo Horizonte 30320-690, Brazil",
    "phone": "+55 31 3228 4001",
    "services": "bam, pab",
    "url": "https://brickstorestamps.com/stores/store-lego-store-bh-shopping"
   }
  },
  {
   "type": "Feature",
   "geometry": {
    "type": "Point",
    "coordinates": [
     -47.05956,
     -22.90564
    ]
   },
   "properties": {
    "id": "store-lego-store-iguatemi-campinas",
    "name": "LEGO® Store Iguatemí Campinas",
    "name_local": null,
    "city": "Campinas",
    "country": "Brazil",
    "type": "official",
    "closed_year": null,
    "address": "Av. Iguatemi, 777 - Vila Brandina, Campinas 13092-599, Brazil",
    "phone": "+55 19 3252 1586",
    "services": "bam, pab",
    "url": "https://brickstorestamps.com/stores/store-lego-store-iguatemi-campinas"
   }
  },
  {
   "type": "Feature",
   "geometry": {
    "type": "Point",
    "coordinates": [
     -56.09913,
     -15.59867
    ]
   },
   "properties": {
    "id": "store-lego-store-shopping-estacao-cuiaba",
    "name": "LEGO® Store Shopping Estação Cuiabá",
    "name_local": null,
    "city": "Cuiabá",
    "country": "Brazil",
    "type": "official",
    "closed_year": null,
    "address": "Av. Miguel Sutil 9300 - Santa Rosa, Cuiabá - MG, Cuiabá 78040-365, Brazil",
    "phone": "+55 659 9820 5801",
    "services": "bam, pab",
    "url": "https://brickstorestamps.com/stores/store-lego-store-shopping-estacao-cuiaba"
   }
  },
  {
   "type": "Feature",
   "geometry": {
    "type": "Point",
    "coordinates": [
     -49.27127,
     -25.4296
    ]
   },
   "properties": {
    "id": "store-lego-store-patio-batel",
    "name": "LEGO® Store Pátio Batel",
    "name_local": null,
    "city": "Curitiba",
    "country": "Brazil",
    "type": "official",
    "closed_year": null,
    "address": "Av. do Batel, 1868 - 265, Batel, Curitiba 80420-090, Brazil",
    "phone": "+554130264991",
    "services": "bam, pab",
    "url": "https://brickstorestamps.com/stores/store-lego-store-patio-batel"
   }
  },
  {
   "type": "Feature",
   "geometry": {
    "type": "Point",
    "coordinates": [
     -38.52804,
     -3.79322
    ]
   },
   "properties": {
    "id": "store-lego-store-iguatemi-fortaleza",
    "name": "LEGO® Store Iguatemi Fortaleza",
    "name_local": null,
    "city": "Fortaleza",
    "country": "Brazil",
    "type": "official",
    "closed_year": null,
    "address": "Av. Washington Soares, 85 - Edson Queiroz, Fortaleza 60811-341, Brazil",
    "phone": "+55 085 98129-3414",
    "services": "bam, pab",
    "url": "https://brickstorestamps.com/stores/store-lego-store-iguatemi-fortaleza"
   }
  },
  {
   "type": "Feature",
   "geometry": {
    "type": "Point",
    "coordinates": [
     -49.25327,
     -16.68088
    ]
   },
   "properties": {
    "id": "store-lego-store-flamboyant-goiania",
    "name": "LEGO® Store Flamboyant Goiânia",
    "name_local": null,
    "city": "Goiânia",
    "country": "Brazil",
    "type": "official",
    "closed_year": null,
    "address": "Av. Deputado Jamel Cecilio 3300, Jardim Goias - Goiânia, GO, Goiânia 74085-580, Brazil",
    "phone": null,
    "services": "bam, pab",
    "url": "https://brickstorestamps.com/stores/store-lego-store-flamboyant-goiania"
   }
  },
  {
   "type": "Feature",
   "geometry": {
    "type": "Point",
    "coordinates": [
     -59.9825,
     -3.13163
    ]
   },
   "properties": {
    "id": "store-lego-store-manauara",
    "name": "LEGO® Store Manauara",
    "name_local": null,
    "city": "Manaus",
    "country": "Brazil",
    "type": "official",
    "closed_year": null,
    "address": "Av. Mario Ypiranga, 1300 - Adrianópolis, Manaus, AM, Manaus 69053-165, Brazil",
    "phone": null,
    "services": "bam, pab",
    "url": "https://brickstorestamps.com/stores/store-lego-store-manauara"
   }
  },
  {
   "type": "Feature",
   "geometry": {
    "type": "Point",
    "coordinates": [
     -51.23038,
     -30.0325
    ]
   },
   "properties": {
    "id": "store-lego-store-iguatemi-porto-alegre",
    "name": "LEGO® Store Iguatemi Porto Alegre",
    "name_local": null,
    "city": "Porto Alegre",
    "country": "Brazil",
    "type": "official",
    "closed_year": null,
    "address": "Av. João Wallig, 1800 - Passo, Porto Alegre 91340-000, Brazil",
    "phone": "+555130167631",
    "services": "bam, pab",
    "url": "https://brickstorestamps.com/stores/store-lego-store-iguatemi-porto-alegre"
   }
  },
  {
   "type": "Feature",
   "geometry": {
    "type": "Point",
    "coordinates": [
     -34.88482,
     -8.05849
    ]
   },
   "properties": {
    "id": "store-lego-store-shopping-recife",
    "name": "LEGO® Store Shopping Recife",
    "name_local": null,
    "city": "Recife",
    "country": "Brazil",
    "type": "official",
    "closed_year": null,
    "address": "R. Padre Carapuceiro 777 - Boa Viagem, Recife 51020-900, Brazil",
    "phone": "+55 81 9992 0096",
    "services": "bam, pab",
    "url": "https://brickstorestamps.com/stores/store-lego-store-shopping-recife"
   }
  },
  {
   "type": "Feature",
   "geometry": {
    "type": "Point",
    "coordinates": [
     -47.8101,
     -21.17763
    ]
   },
   "properties": {
    "id": "store-lego-store-riberao-shopping",
    "name": "LEGO® Store Riberão Shopping",
    "name_local": null,
    "city": "Ribeirão Preto",
    "country": "Brazil",
    "type": "official",
    "closed_year": null,
    "address": "Av. Cel. Fernando Ferreira Leite, 154 - Loja 52 - Jardim California, Ribeirão Preto - SP, Brazil, Riberão Preto 14026-900, Brazil",
    "phone": "+55 169 9641 3942",
    "services": "bam, pab",
    "url": "https://brickstorestamps.com/stores/store-lego-store-riberao-shopping"
   }
  },
  {
   "type": "Feature",
   "geometry": {
    "type": "Point",
    "coordinates": [
     -43.20937,
     -22.91101
    ]
   },
   "properties": {
    "id": "store-lego-store-barra-shopping",
    "name": "LEGO® Store Barra Shopping",
    "name_local": null,
    "city": "Rio de Janeiro",
    "country": "Brazil",
    "type": "official",
    "closed_year": null,
    "address": "Av. das Américas, 4666, Rio de Janeiro 22640-970, Brazil",
    "phone": "+55 21 3514 5105",
    "services": "bam, pab",
    "url": "https://brickstorestamps.com/stores/store-lego-store-barra-shopping"
   }
  },
  {
   "type": "Feature",
   "geometry": {
    "type": "Point",
    "coordinates": [
     -43.20937,
     -22.91101
    ]
   },
   "properties": {
    "id": "store-lego-store-shopping-leblon",
    "name": "LEGO® Store Shopping Leblon",
    "name_local": null,
    "city": "Rio de Janeiro",
    "country": "Brazil",
    "type": "official",
    "closed_year": null,
    "address": "Av. Afrânio de Melo Franco, 290 - loja 108 I/J, 1 piso - Leblon, Rio de Janeiro - RJ, Rio de Janeiro 22430-060, Brazil",
    "phone": "+55 21 99032 4541",
    "services": "bam, pab",
    "url": "https://brickstorestamps.com/stores/store-lego-store-shopping-leblon"
   }
  },
  {
   "type": "Feature",
   "geometry": {
    "type": "Point",
    "coordinates": [
     -46.53601,
     -23.44612
    ]
   },
   "properties": {
    "id": "store-lego-store-centro",
    "name": "LEGO® Store Centro",
    "name_local": null,
    "city": "Rio de Janeiro / SP",
    "country": "Brazil",
    "type": "official",
    "closed_year": null,
    "address": null,
    "phone": null,
    "services": "bam, pab",
    "url": "https://brickstorestamps.com/stores/store-lego-store-centro"
   }
  },
  {
   "type": "Feature",
   "geometry": {
    "type": "Point",
    "coordinates": [
     -38.48128,
     -12.98225
    ]
   },
   "properties": {
    "id": "store-lego-store-salvador-shopping",
    "name": "LEGO® Store Salvador Shopping",
    "name_local": null,
    "city": "Salvador",
    "country": "Brazil",
    "type": "official",
    "closed_year": null,
    "address": "Av. Tancredo Neves, 3133 - 272, Salvador 41820-910, Brazil",
    "phone": "+55 71 3341 7636",
    "services": "bam, pab",
    "url": "https://brickstorestamps.com/stores/store-lego-store-salvador-shopping"
   }
  },
  {
   "type": "Feature",
   "geometry": {
    "type": "Point",
    "coordinates": [
     -46.63338,
     -23.55065
    ]
   },
   "properties": {
    "id": "store-lego-store-analia-franco",
    "name": "LEGO® Store Anália Franco",
    "name_local": null,
    "city": "São Paulo",
    "country": "Brazil",
    "type": "official",
    "closed_year": null,
    "address": "Av. Reg. Feijó, 1739 - Vila Reg. Feijó, São Paulo - SP, São Paulo 03342-000, Brazil",
    "phone": null,
    "services": "bam, pab",
    "url": "https://brickstorestamps.com/stores/store-lego-store-analia-franco"
   }
  },
  {
   "type": "Feature",
   "geometry": {
    "type": "Point",
    "coordinates": [
     -46.63338,
     -23.55065
    ]
   },
   "properties": {
    "id": "store-lego-store-centre-norte",
    "name": "LEGO® Store Centre Norte",
    "name_local": null,
    "city": "São Paulo",
    "country": "Brazil",
    "type": "official",
    "closed_year": null,
    "address": "Travessa Casalbuono, 120 Loja 311 Vila Guilherme, São Paulo 02089-900, Brazil",
    "phone": "+55 11 93097-4000",
    "services": "bam, pab",
    "url": "https://brickstorestamps.com/stores/store-lego-store-centre-norte"
   }
  },
  {
   "type": "Feature",
   "geometry": {
    "type": "Point",
    "coordinates": [
     -46.63338,
     -23.55065
    ]
   },
   "properties": {
    "id": "store-lego-store-cidade-jardim",
    "name": "LEGO® Store Cidade Jardim",
    "name_local": null,
    "city": "São Paulo",
    "country": "Brazil",
    "type": "official",
    "closed_year": null,
    "address": "Av. Magalhães de Castro,, São Paulo 05502-001, Brazil",
    "phone": "+551123958012",
    "services": "bam, pab",
    "url": "https://brickstorestamps.com/stores/store-lego-store-cidade-jardim"
   }
  },
  {
   "type": "Feature",
   "geometry": {
    "type": "Point",
    "coordinates": [
     -46.63338,
     -23.55065
    ]
   },
   "properties": {
    "id": "store-lego-store-moema",
    "name": "LEGO® Store Moema",
    "name_local": null,
    "city": "São Paulo",
    "country": "Brazil",
    "type": "official",
    "closed_year": null,
    "address": "Rua Gaivota, 1301. Moema - São Paulo - SP, São Paulo 04522-033, Brazil",
    "phone": "+55 11 98139 6845",
    "services": "bam, pab",
    "url": "https://brickstorestamps.com/stores/store-lego-store-moema"
   }
  },
  {
   "type": "Feature",
   "geometry": {
    "type": "Point",
    "coordinates": [
     -46.63338,
     -23.55065
    ]
   },
   "properties": {
    "id": "store-lego-store-morumbi",
    "name": "LEGO® Store Morumbi",
    "name_local": null,
    "city": "São Paulo",
    "country": "Brazil",
    "type": "official",
    "closed_year": null,
    "address": "Av. Roque Petroni Júnior, 1089 - Loja 111/110b Jardim das Acacias, Sao Paulo 04707-900, Brazil",
    "phone": "+55 11 94173 3352",
    "services": "bam, pab",
    "url": "https://brickstorestamps.com/stores/store-lego-store-morumbi"
   }
  },
  {
   "type": "Feature",
   "geometry": {
    "type": "Point",
    "coordinates": [
     -46.63338,
     -23.55065
    ]
   },
   "properties": {
    "id": "store-lego-store-oscar-freiere",
    "name": "LEGO® Store Oscar Freire",
    "name_local": null,
    "city": "São Paulo",
    "country": "Brazil",
    "type": "official",
    "closed_year": null,
    "address": null,
    "phone": null,
    "services": "bam, pab",
    "url": "https://brickstorestamps.com/stores/store-lego-store-oscar-freiere"
   }
  },
  {
   "type": "Feature",
   "geometry": {
    "type": "Point",
    "coordinates": [
     -46.63338,
     -23.55065
    ]
   },
   "properties": {
    "id": "store-lego-store-villalobos",
    "name": "LEGO® Store VillaLobos",
    "name_local": null,
    "city": "São Paulo",
    "country": "Brazil",
    "type": "official",
    "closed_year": null,
    "address": "Av. das Nações Unidas, 4777, Alto de Pinheiros 05477-000, Brazil",
    "phone": "+55 11 3021 5686",
    "services": "bam, pab",
    "url": "https://brickstorestamps.com/stores/store-lego-store-villalobos"
   }
  },
  {
   "type": "Feature",
   "geometry": {
    "type": "Point",
    "coordinates": [
     23.32174,
     42.6977
    ]
   },
   "properties": {
    "id": "store-lego-store-sofia",
    "name": "LEGO® Store Sofia",
    "name_local": null,
    "city": "Sofia",
    "country": "Bulgaria",
    "type": "official",
    "closed_year": null,
    "address": "Paradise Center ground floor Blvd. Cherni vrah 100, 1407 Hladilnika, Sofia 1407, Bulgaria",
    "phone": "+359 877788118",
    "services": "bam, pab",
    "url": "https://brickstorestamps.com/stores/store-lego-store-sofia"
   }
  },
  {
   "type": "Feature",
   "geometry": {
    "type": "Point",
    "coordinates": [
     -114.05754,
     51.04561
    ]
   },
   "properties": {
    "id": "store-lego-store-calgary",
    "name": "LEGO® Store Calgary",
    "name_local": null,
    "city": "Calgary",
    "country": "Canada",
    "type": "official",
    "closed_year": null,
    "address": "6455 Macleod Trail SW, Chinook Centre Unit 0203, Calgary T2H 0K8, Canada",
    "phone": "+1 (587) 402-6345",
    "services": "bam, pab",
    "url": "https://brickstorestamps.com/stores/store-lego-store-calgary"
   }
  },
  {
   "type": "Feature",
   "geometry": {
    "type": "Point",
    "coordinates": [
     -113.49124,
     53.54621
    ]
   },
   "properties": {
    "id": "store-lego-store-edmonton-southgate-centre",
    "name": "LEGO® Store Edmonton - Southgate Centre",
    "name_local": null,
    "city": "Edmonton",
    "country": "Canada",
    "type": "official",
    "closed_year": null,
    "address": "5015 111 St NW #424, Edmonton T6H 4M6, Canada",
    "phone": "+1 (825) 450-3083",
    "services": "bam, pab",
    "url": "https://brickstorestamps.com/stores/store-lego-store-edmonton-southgate-centre"
   }
  },
  {
   "type": "Feature",
   "geometry": {
    "type": "Point",
    "coordinates": [
     -113.49124,
     53.54621
    ]
   },
   "properties": {
    "id": "store-lego-store-edmonton-west-edmonton-mall",
    "name": "LEGO® Store Edmonton - West Edmonton Mall",
    "name_local": null,
    "city": "Edmonton",
    "country": "Canada",
    "type": "official",
    "closed_year": null,
    "address": "West Edmonton Mall, 8882-170th Street, Unit #V182, Edmonton T5T 4M2, Canada",
    "phone": "+1 (825) 901-8712",
    "services": "bam, minifigure_factory, pab",
    "url": "https://brickstorestamps.com/stores/store-lego-store-edmonton-west-edmonton-mall"
   }
  },
  {
   "type": "Feature",
   "geometry": {
    "type": "Point",
    "coordinates": [
     -73.72118,
     45.55711
    ]
   },
   "properties": {
    "id": "store-lego-store-montreal-laval",
    "name": "LEGO® Store Montreal - Laval",
    "name_local": null,
    "city": "Laval",
    "country": "Canada",
    "type": "official",
    "closed_year": null,
    "address": "3035 Boulevard le Carrefour, Laval H7T 1C8, Canada",
    "phone": "+1 (579) 805-5010",
    "services": "bam, pab",
    "url": "https://brickstorestamps.com/stores/store-lego-store-montreal-laval"
   }
  },
  {
   "type": "Feature",
   "geometry": {
    "type": "Point",
    "coordinates": [
     -79.33768,
     43.85637
    ]
   },
   "properties": {
    "id": "store-lego-store-cf-markville",
    "name": "LEGO Store CF Markville",
    "name_local": null,
    "city": "Markham",
    "country": "Canada",
    "type": "official",
    "closed_year": null,
    "address": null,
    "phone": null,
    "services": null,
    "url": "https://brickstorestamps.com/stores/store-lego-store-cf-markville"
   }
  },
  {
   "type": "Feature",
   "geometry": {
    "type": "Point",
    "coordinates": [
     -79.64369,
     43.59264
    ]
   },
   "properties": {
    "id": "store-lego-store-square-one-shopping-centre",
    "name": "LEGO Store Square One Shopping Centre",
    "name_local": null,
    "city": "Mississauga",
    "country": "Canada",
    "type": "official",
    "closed_year": null,
    "address": "100 City Centre Dr, Mississauga L5B 2C9, Canada",
    "phone": "905-270-7771",
    "services": null,
    "url": "https://brickstorestamps.com/stores/store-lego-store-square-one-shopping-centre"
   }
  },
  {
   "type": "Feature",
   "geometry": {
    "type": "Point",
    "coordinates": [
     -79.61795,
     43.6872
    ]
   },
   "properties": {
    "id": "store-lego-travel-retail-store-toronto-pearson-airport",
    "name": "LEGO Travel Retail Store Toronto Pearson Airport",
    "name_local": null,
    "city": "Mississauga",
    "country": "Canada",
    "type": "official",
    "closed_year": null,
    "address": "Terminal 3 (post-security, CAN/INTL), Mississauga (Toronto Pearson Airport), Canada",
    "phone": null,
    "services": null,
    "url": "https://brickstorestamps.com/stores/store-lego-travel-retail-store-toronto-pearson-airport"
   }
  },
  {
   "type": "Feature",
   "geometry": {
    "type": "Point",
    "coordinates": [
     -75.69011,
     45.42088
    ]
   },
   "properties": {
    "id": "store-lego-store-ottawa",
    "name": "LEGO® Store Ottawa",
    "name_local": null,
    "city": "Ottawa",
    "country": "Canada",
    "type": "official",
    "closed_year": null,
    "address": "50 Rideau Street, Ottawa K1N 9J7, Canada",
    "phone": "+1 (613) 319-2110",
    "services": "bam, pab",
    "url": "https://brickstorestamps.com/stores/store-lego-store-ottawa"
   }
  },
  {
   "type": "Feature",
   "geometry": {
    "type": "Point",
    "coordinates": [
     -73.80674,
     45.45668
    ]
   },
   "properties": {
    "id": "store-lego-store-montreal-pointe-claire",
    "name": "LEGO® Store Montreal - Pointe-Claire",
    "name_local": null,
    "city": "Pointe-Claire",
    "country": "Canada",
    "type": "official",
    "closed_year": null,
    "address": "6801 Trans-Canada Highway, Pointe-Claire H9R 5J2, Canada",
    "phone": "+1 (514) 900-1955",
    "services": "bam, pab",
    "url": "https://brickstorestamps.com/stores/store-lego-store-montreal-pointe-claire"
   }
  },
  {
   "type": "Feature",
   "geometry": {
    "type": "Point",
    "coordinates": [
     -123.13741,
     49.16317
    ]
   },
   "properties": {
    "id": "store-lego-store-richmond-centre",
    "name": "LEGO® Store Richmond Centre",
    "name_local": null,
    "city": "Richmond",
    "country": "Canada",
    "type": "official",
    "closed_year": null,
    "address": "6551 No. 3 Road, #1440, Richmond V6Y 2B6, Canada",
    "phone": "+1 (778) 804-9617",
    "services": "bam, pab",
    "url": "https://brickstorestamps.com/stores/store-lego-store-richmond-centre"
   }
  },
  {
   "type": "Feature",
   "geometry": {
    "type": "Point",
    "coordinates": [
     -122.84914,
     49.1913
    ]
   },
   "properties": {
    "id": "store-lego-store-guilford-town-centre",
    "name": "LEGO® Store Guilford Town Centre",
    "name_local": null,
    "city": "Surrey",
    "country": "Canada",
    "type": "official",
    "closed_year": null,
    "address": "10355 152 St, Unit 1036, Guildford Town Centre, Surrey V3R 7C1, Canada",
    "phone": "+1 (604) 706-8521",
    "services": "bam, pab",
    "url": "https://brickstorestamps.com/stores/store-lego-store-guilford-town-centre"
   }
  },
  {
   "type": "Feature",
   "geometry": {
    "type": "Point",
    "coordinates": [
     -79.38393,
     43.65348
    ]
   },
   "properties": {
    "id": "store-lego-store-cf-toronto-eaton-centre",
    "name": "LEGO Store CF Toronto Eaton Centre",
    "name_local": null,
    "city": "Toronto",
    "country": "Canada",
    "type": "official",
    "closed_year": null,
    "address": "220 Yonge St, 3rd level, Toronto, Canada",
    "phone": null,
    "services": null,
    "url": "https://brickstorestamps.com/stores/store-lego-store-cf-toronto-eaton-centre"
   }
  },
  {
   "type": "Feature",
   "geometry": {
    "type": "Point",
    "coordinates": [
     -79.38393,
     43.65348
    ]
   },
   "properties": {
    "id": "store-lego-store-toronto-fairview-mall",
    "name": "LEGO® Store Toronto - Fairview Mall",
    "name_local": null,
    "city": "Toronto",
    "country": "Canada",
    "type": "official",
    "closed_year": null,
    "address": "1800 Sheppard Avenue East, Toronto M2J 5A7, Canada",
    "phone": "+1 (437) 523-4598",
    "services": "bam, pab",
    "url": "https://brickstorestamps.com/stores/store-lego-store-toronto-fairview-mall"
   }
  },
  {
   "type": "Feature",
   "geometry": {
    "type": "Point",
    "coordinates": [
     -79.38393,
     43.65348
    ]
   },
   "properties": {
    "id": "store-lego-store-toronto-sherway-gardens",
    "name": "LEGO® Store Toronto - Sherway Gardens",
    "name_local": null,
    "city": "Toronto",
    "country": "Canada",
    "type": "official",
    "closed_year": null,
    "address": "25 Sherway Drive, Toronto M9C 1B8, Canada",
    "phone": "+1 (437) 523-4305",
    "services": "bam, pab",
    "url": "https://brickstorestamps.com/stores/store-lego-store-toronto-sherway-gardens"
   }
  },
  {
   "type": "Feature",
   "geometry": {
    "type": "Point",
    "coordinates": [
     -79.38393,
     43.65348
    ]
   },
   "properties": {
    "id": "store-lego-store-toronto-yorkdale",
    "name": "LEGO® Store Toronto - Yorkdale",
    "name_local": null,
    "city": "Toronto",
    "country": "Canada",
    "type": "official",
    "closed_year": null,
    "address": "1 Yorkdale Rd, Unit 55, Yorkdale Shopping Centre, Toronto M6A 3A1, Canada",
    "phone": "(437) 782-8770",
    "services": "bam, pab",
    "url": "https://brickstorestamps.com/stores/store-lego-store-toronto-yorkdale"
   }
  },
  {
   "type": "Feature",
   "geometry": {
    "type": "Point",
    "coordinates": [
     -79.38393,
     43.65348
    ]
   },
   "properties": {
    "id": "store-legoland-discovery-centre-toronto",
    "name": "LEGOLAND Discovery Centre Toronto",
    "name_local": null,
    "city": "Toronto",
    "country": "Canada",
    "type": "official",
    "closed_year": null,
    "address": null,
    "phone": null,
    "services": null,
    "url": "https://brickstorestamps.com/stores/store-legoland-discovery-centre-toronto"
   }
  },
  {
   "type": "Feature",
   "geometry": {
    "type": "Point",
    "coordinates": [
     -97.13846,
     49.89554
    ]
   },
   "properties": {
    "id": "store-lego-store-winnipeg",
    "name": "LEGO® Store Winnipeg",
    "name_local": null,
    "city": "Winnipeg",
    "country": "Canada",
    "type": "official",
    "closed_year": null,
    "address": "1485 Portage Avenue Unit 0210A, Winnipeg R3G 0W4, Canada",
    "phone": "+1 (431) 800-3117",
    "services": "bam, pab",
    "url": "https://brickstorestamps.com/stores/store-lego-store-winnipeg"
   }
  },
  {
   "type": "Feature",
   "geometry": {
    "type": "Point",
    "coordinates": [
     -68.92722,
     -22.46239
    ]
   },
   "properties": {
    "id": "store-lego-store-calama",
    "name": "LEGO® Store Calama",
    "name_local": null,
    "city": "Calama",
    "country": "Chile",
    "type": "official",
    "closed_year": null,
    "address": "AV. Balmaceda 3242, 1390000, Chile",
    "phone": "+562 2656 9667",
    "services": "bam, pab",
    "url": "https://brickstorestamps.com/stores/store-lego-store-calama"
   }
  },
  {
   "type": "Feature",
   "geometry": {
    "type": "Point",
    "coordinates": [
     -73.05021,
     -36.82707
    ]
   },
   "properties": {
    "id": "store-lego-store-el-trebol",
    "name": "LEGO® Store El Trébol",
    "name_local": null,
    "city": "Concepción",
    "country": "Chile",
    "type": "official",
    "closed_year": null,
    "address": "Av. Pdte. Jorge Alessandri Rodriguez 3177, Talcahuano, Bío Bío 4260000, Chile",
    "phone": "+56 9 99130029",
    "services": "bam, pab",
    "url": "https://brickstorestamps.com/stores/store-lego-store-el-trebol"
   }
  },
  {
   "type": "Feature",
   "geometry": {
    "type": "Point",
    "coordinates": [
     -70.65107,
     -33.4377
    ]
   },
   "properties": {
    "id": "store-lego-store-alto-las-condes",
    "name": "LEGO® Store Alto Las Condes",
    "name_local": null,
    "city": "Santiago",
    "country": "Chile",
    "type": "official",
    "closed_year": null,
    "address": "Av. Presidente Kennedy 9001, l, Santiago 7550000, Chile",
    "phone": "+562 2656 9666",
    "services": "bam, pab",
    "url": "https://brickstorestamps.com/stores/store-lego-store-alto-las-condes"
   }
  },
  {
   "type": "Feature",
   "geometry": {
    "type": "Point",
    "coordinates": [
     -70.65107,
     -33.4377
    ]
   },
   "properties": {
    "id": "store-lego-store-costanera-centre",
    "name": "LEGO® Store Costanera Centre",
    "name_local": null,
    "city": "Santiago",
    "country": "Chile",
    "type": "official",
    "closed_year": null,
    "address": "Avenida Andrés Bello 2425, local 1149, Santiago de Chile 7510689, Chile",
    "phone": "+562 2656 9668",
    "services": "bam, pab",
    "url": "https://brickstorestamps.com/stores/store-lego-store-costanera-centre"
   }
  },
  {
   "type": "Feature",
   "geometry": {
    "type": "Point",
    "coordinates": [
     -70.65107,
     -33.4377
    ]
   },
   "properties": {
    "id": "store-lego-store-egana",
    "name": "LEGO® Store Egaña",
    "name_local": null,
    "city": "Santiago",
    "country": "Chile",
    "type": "official",
    "closed_year": null,
    "address": "Av. Larrain 5862, La Reina, Región Metropolitana, Chile, Santiago 7870154, Chile",
    "phone": "+562 9 4223 8387",
    "services": "bam, pab",
    "url": "https://brickstorestamps.com/stores/store-lego-store-egana"
   }
  },
  {
   "type": "Feature",
   "geometry": {
    "type": "Point",
    "coordinates": [
     -70.65107,
     -33.4377
    ]
   },
   "properties": {
    "id": "store-lego-store-los-trapenses",
    "name": "LEGO® Store Los Trapenses",
    "name_local": null,
    "city": "Santiago",
    "country": "Chile",
    "type": "official",
    "closed_year": null,
    "address": "Jose Alcalde Delano 10533,, Barnechea 7690000, Chile",
    "phone": "+562 2656 9671",
    "services": "bam, pab",
    "url": "https://brickstorestamps.com/stores/store-lego-store-los-trapenses"
   }
  },
  {
   "type": "Feature",
   "geometry": {
    "type": "Point",
    "coordinates": [
     -70.65107,
     -33.4377
    ]
   },
   "properties": {
    "id": "store-lego-store-manquehue",
    "name": "LEGO® Store Manquehue",
    "name_local": null,
    "city": "Santiago",
    "country": "Chile",
    "type": "official",
    "closed_year": null,
    "address": "Av. Manquehue Nte. 1255, Metropolitana 7630000, Chile",
    "phone": "+562 2656 9669",
    "services": "bam, pab",
    "url": "https://brickstorestamps.com/stores/store-lego-store-manquehue"
   }
  },
  {
   "type": "Feature",
   "geometry": {
    "type": "Point",
    "coordinates": [
     -70.65107,
     -33.4377
    ]
   },
   "properties": {
    "id": "store-lego-store-parque-arauco",
    "name": "LEGO® Store Parque Arauco",
    "name_local": null,
    "city": "Santiago",
    "country": "Chile",
    "type": "official",
    "closed_year": null,
    "address": "Mall Parque Arauco, Las Condes, Santiago, Chile",
    "phone": null,
    "services": "bam, pab",
    "url": "https://brickstorestamps.com/stores/store-lego-store-parque-arauco"
   }
  },
  {
   "type": "Feature",
   "geometry": {
    "type": "Point",
    "coordinates": [
     -70.65107,
     -33.4377
    ]
   },
   "properties": {
    "id": "store-lego-store-vespucio",
    "name": "LEGO® Store Vespucio",
    "name_local": null,
    "city": "Santiago",
    "country": "Chile",
    "type": "official",
    "closed_year": null,
    "address": "Av. Vicuña Mackenna Ote. 7110, Santiago de Chile 8242165, Chile",
    "phone": "+562 2656 9672",
    "services": "bam, pab",
    "url": "https://brickstorestamps.com/stores/store-lego-store-vespucio"
   }
  },
  {
   "type": "Feature",
   "geometry": {
    "type": "Point",
    "coordinates": [
     -71.55176,
     -33.02445
    ]
   },
   "properties": {
    "id": "store-lego-store-marina-arauco",
    "name": "LEGO® Store Marina Arauco",
    "name_local": null,
    "city": "Viña del Mar",
    "country": "Chile",
    "type": "official",
    "closed_year": null,
    "address": "Av. 14 Norte 880 local 25, Viña del Mar 2530900, Chile",
    "phone": "+562 2656 9673",
    "services": "bam, pab",
    "url": "https://brickstorestamps.com/stores/store-lego-store-marina-arauco"
   }
  },
  {
   "type": "Feature",
   "geometry": {
    "type": "Point",
    "coordinates": [
     122.99023,
     41.1076
    ]
   },
   "properties": {
    "id": "store-lego-store-the-mix-c-one-anshan",
    "name": "LEGO® Store The Mix C One Anshan",
    "name_local": "乐高(鞍山万象汇店)",
    "city": "Anshan",
    "country": "China",
    "type": "official",
    "closed_year": null,
    "address": "L113, 700 Jianguo Avenue,, Anshan, China",
    "phone": "0412-2504242",
    "services": "bam, pab",
    "url": "https://brickstorestamps.com/stores/store-lego-store-the-mix-c-one-anshan"
   }
  },
  {
   "type": "Feature",
   "geometry": {
    "type": "Point",
    "coordinates": [
     109.8535,
     40.6591
    ]
   },
   "properties": {
    "id": "store-lego-store-baotou-qingshan-wanda",
    "name": "LEGO® Store Baotou Qingshan Wanda",
    "name_local": "包头乐高授权专卖店(青山万达店)",
    "city": "Baotou",
    "country": "China",
    "type": "official",
    "closed_year": null,
    "address": "包头市青山区万达广场1楼",
    "phone": null,
    "services": null,
    "url": "https://brickstorestamps.com/stores/store-lego-store-baotou-qingshan-wanda"
   }
  },
  {
   "type": "Feature",
   "geometry": {
    "type": "Point",
    "coordinates": [
     116.3913,
     39.90571
    ]
   },
   "properties": {
    "id": "store-lego-beacon-store-xidan-joy-city",
    "name": "LEGO® Beacon Store Xidan Joy City",
    "name_local": null,
    "city": "Beijing",
    "country": "China",
    "type": "official",
    "closed_year": null,
    "address": "Xidan Commercial Street, Xidan Joy City shopping complex, Beijing, China",
    "phone": null,
    "services": null,
    "url": "https://brickstorestamps.com/stores/store-lego-beacon-store-xidan-joy-city"
   }
  },
  {
   "type": "Feature",
   "geometry": {
    "type": "Point",
    "coordinates": [
     116.4802,
     39.894
    ]
   },
   "properties": {
    "id": "store-lego-store-beijing-chaoyang-heshenghui",
    "name": "LEGO® Store Beijing Chaoyang Heshenghui",
    "name_local": "合生汇",
    "city": "Beijing",
    "country": "China",
    "type": "official",
    "closed_year": null,
    "address": "北京市朝阳区双井街道西大望路与茂兴中街交汇处",
    "phone": null,
    "services": null,
    "url": "https://brickstorestamps.com/stores/store-lego-store-beijing-chaoyang-heshenghui"
   }
  },
  {
   "type": "Feature",
   "geometry": {
    "type": "Point",
    "coordinates": [
     116.418,
     39.8985
    ]
   },
   "properties": {
    "id": "store-lego-store-beijing-chongwenmen-new-world",
    "name": "LEGO® Store Beijing Chongwenmen New World",
    "name_local": "北京新世界百货",
    "city": "Beijing",
    "country": "China",
    "type": "official",
    "closed_year": null,
    "address": "北京市东城区崇文门外大街3号",
    "phone": null,
    "services": null,
    "url": "https://brickstorestamps.com/stores/store-lego-store-beijing-chongwenmen-new-world"
   }
  },
  {
   "type": "Feature",
   "geometry": {
    "type": "Point",
    "coordinates": [
     116.5481,
     39.9612
    ]
   },
   "properties": {
    "id": "store-lego-store-beijing-dongba-wanda-plaza-lego",
    "name": "LEGO® Store Beijing Dongba Wanda Plaza",
    "name_local": "LEGO(北京东坝万达广场店)",
    "city": "Beijing",
    "country": "China",
    "type": "official",
    "closed_year": null,
    "address": "北京市朝阳区北京东坝万达广场1层",
    "phone": null,
    "services": null,
    "url": "https://brickstorestamps.com/stores/store-lego-store-beijing-dongba-wanda-plaza-lego"
   }
  },
  {
   "type": "Feature",
   "geometry": {
    "type": "Point",
    "coordinates": [
     116.2994,
     39.8245
    ]
   },
   "properties": {
    "id": "store-lego-store-beijing-fengke-wanda",
    "name": "LEGO® Store Beijing Fengke Wanda",
    "name_local": "乐高(万达广场丰科店)",
    "city": "Beijing",
    "country": "China",
    "type": "official",
    "closed_year": null,
    "address": "北京市丰台区丰科路6号",
    "phone": null,
    "services": null,
    "url": "https://brickstorestamps.com/stores/store-lego-store-beijing-fengke-wanda"
   }
  },
  {
   "type": "Feature",
   "geometry": {
    "type": "Point",
    "coordinates": [
     116.3913,
     39.90571
    ]
   },
   "properties": {
    "id": "store-lego-store-beijing-fenglan-international-shopping",
    "name": "LEGO® Store Beijing Fenglan International Shopping",
    "name_local": null,
    "city": "Beijing",
    "country": "China",
    "type": "official",
    "closed_year": null,
    "address": "Fenglan Mall,32, Xizhimen N St, Beijing, China",
    "phone": "010-62252522",
    "services": "bam, pab",
    "url": "https://brickstorestamps.com/stores/store-lego-store-beijing-fenglan-international-shopping"
   }
  },
  {
   "type": "Feature",
   "geometry": {
    "type": "Point",
    "coordinates": [
     116.3143,
     39.9794
    ]
   },
   "properties": {
    "id": "store-lego-store-beijing-link-reit-zhongguancun",
    "name": "LEGO® Store Beijing Link REIT Zhongguancun",
    "name_local": "领展购物广场·中关村",
    "city": "Beijing",
    "country": "China",
    "type": "official",
    "closed_year": null,
    "address": "北京市海淀区丹棱街甲1号",
    "phone": null,
    "services": null,
    "url": "https://brickstorestamps.com/stores/store-lego-store-beijing-link-reit-zhongguancun"
   }
  },
  {
   "type": "Feature",
   "geometry": {
    "type": "Point",
    "coordinates": [
     116.4609,
     39.8953
    ]
   },
   "properties": {
    "id": "store-lego-store-beijing-r-f-plaza",
    "name": "LEGO® Store Beijing R&F Plaza",
    "name_local": "乐高(北京富力广场店)",
    "city": "Beijing",
    "country": "China",
    "type": "official",
    "closed_year": null,
    "address": "北京市朝阳区东三环中路65号北京富力广场购物中心1F",
    "phone": null,
    "services": null,
    "url": "https://brickstorestamps.com/stores/store-lego-store-beijing-r-f-plaza"
   }
  },
  {
   "type": "Feature",
   "geometry": {
    "type": "Point",
    "coordinates": [
     116.3528,
     39.9418
    ]
   },
   "properties": {
    "id": "store-lego-store-beijing-xizhimen-k11-mall",
    "name": "LEGO® Store Beijing Xizhimen K11",
    "name_local": "凯德MALL西直门广场(暂停营业)",
    "city": "Beijing",
    "country": "China",
    "type": "official",
    "closed_year": null,
    "address": "北京市西城区西直门外大街1号",
    "phone": null,
    "services": null,
    "url": "https://brickstorestamps.com/stores/store-lego-store-beijing-xizhimen-k11-mall"
   }
  },
  {
   "type": "Feature",
   "geometry": {
    "type": "Point",
    "coordinates": [
     116.3913,
     39.90571
    ]
   },
   "properties": {
    "id": "store-lego-store-bhg-tiantongyuan-mall",
    "name": "LEGO® Store BHG Tiantongyuan Mall",
    "name_local": null,
    "city": "Beijing",
    "country": "China",
    "type": "official",
    "closed_year": null,
    "address": "F1-15 BHG Tiantongyuan Mall,, Beijing, China",
    "phone": "010-57859895",
    "services": "bam, pab",
    "url": "https://brickstorestamps.com/stores/store-lego-store-bhg-tiantongyuan-mall"
   }
  },
  {
   "type": "Feature",
   "geometry": {
    "type": "Point",
    "coordinates": [
     116.3913,
     39.90571
    ]
   },
   "properties": {
    "id": "store-lego-store-bhg-wanliu-mall",
    "name": "LEGO® Store BHG Wanliu Mall",
    "name_local": "乐高(万柳华联店)",
    "city": "Beijing",
    "country": "China",
    "type": "official",
    "closed_year": null,
    "address": "F1-04, 2 Bagou Road,, Beijing, China",
    "phone": "010-82589548",
    "services": "bam, pab",
    "url": "https://brickstorestamps.com/stores/store-lego-store-bhg-wanliu-mall"
   }
  },
  {
   "type": "Feature",
   "geometry": {
    "type": "Point",
    "coordinates": [
     116.3913,
     39.90571
    ]
   },
   "properties": {
    "id": "store-lego-store-capitamall-taiyanggong",
    "name": "LEGO® Store CapitaMall Taiyanggong",
    "name_local": "乐高(太阳宫凯德MALL店)",
    "city": "Beijing",
    "country": "China",
    "type": "official",
    "closed_year": null,
    "address": "12 Taiyanggong Middle Road, Beijing, China",
    "phone": "010-84430608",
    "services": "bam, pab",
    "url": "https://brickstorestamps.com/stores/store-lego-store-capitamall-taiyanggong"
   }
  },
  {
   "type": "Feature",
   "geometry": {
    "type": "Point",
    "coordinates": [
     116.3913,
     39.90571
    ]
   },
   "properties": {
    "id": "store-lego-store-capitamall-tiangongyuan",
    "name": "LEGO® Store CapitaMall Tiangongyuan",
    "name_local": null,
    "city": "Beijing",
    "country": "China",
    "type": "official",
    "closed_year": null,
    "address": "L1-25B, Xinyuan St./Huatuo Rd., Beijing, China",
    "phone": "010-60279360",
    "services": "bam, pab",
    "url": "https://brickstorestamps.com/stores/store-lego-store-capitamall-tiangongyuan"
   }
  },
  {
   "type": "Feature",
   "geometry": {
    "type": "Point",
    "coordinates": [
     116.3913,
     39.90571
    ]
   },
   "properties": {
    "id": "store-lego-store-chaoyang-joy-city",
    "name": "LEGO® Store Chaoyang Joy City",
    "name_local": "朝阳大悦城",
    "city": "Beijing",
    "country": "China",
    "type": "official",
    "closed_year": null,
    "address": "北京市朝阳区朝阳北路101号",
    "phone": "010-85510927",
    "services": "bam, pab",
    "url": "https://brickstorestamps.com/stores/store-lego-store-chaoyang-joy-city"
   }
  },
  {
   "type": "Feature",
   "geometry": {
    "type": "Point",
    "coordinates": [
     116.3913,
     39.90571
    ]
   },
   "properties": {
    "id": "store-lego-store-china-world-mall",
    "name": "LEGO® Store China World Mall",
    "name_local": null,
    "city": "Beijing",
    "country": "China",
    "type": "official",
    "closed_year": null,
    "address": "1 Jiangguomen Outer Street,, Beijing, China",
    "phone": "010-85959221",
    "services": "bam, pab",
    "url": "https://brickstorestamps.com/stores/store-lego-store-china-world-mall"
   }
  },
  {
   "type": "Feature",
   "geometry": {
    "type": "Point",
    "coordinates": [
     116.3913,
     39.90571
    ]
   },
   "properties": {
    "id": "store-lego-store-colourful-city",
    "name": "LEGO® Store Colourful City",
    "name_local": null,
    "city": "Beijing",
    "country": "China",
    "type": "official",
    "closed_year": null,
    "address": null,
    "phone": null,
    "services": "bam, pab",
    "url": "https://brickstorestamps.com/stores/store-lego-store-colourful-city"
   }
  },
  {
   "type": "Feature",
   "geometry": {
    "type": "Point",
    "coordinates": [
     116.3913,
     39.90571
    ]
   },
   "properties": {
    "id": "store-lego-store-daxing-paradise-walk",
    "name": "LEGO® Store Daxing Paradise Walk",
    "name_local": null,
    "city": "Beijing",
    "country": "China",
    "type": "official",
    "closed_year": null,
    "address": "7 Yongxing Road, Beijing, China",
    "phone": "010-61253788",
    "services": "bam, pab",
    "url": "https://brickstorestamps.com/stores/store-lego-store-daxing-paradise-walk"
   }
  },
  {
   "type": "Feature",
   "geometry": {
    "type": "Point",
    "coordinates": [
     116.3913,
     39.90571
    ]
   },
   "properties": {
    "id": "store-lego-store-fangshan-paradise-walk",
    "name": "LEGO® Store Fangshan Paradise Walk",
    "name_local": null,
    "city": "Beijing",
    "country": "China",
    "type": "official",
    "closed_year": null,
    "address": "North Gongchen Street, Beijing, China",
    "phone": "010-61352021",
    "services": "bam, pab",
    "url": "https://brickstorestamps.com/stores/store-lego-store-fangshan-paradise-walk"
   }
  },
  {
   "type": "Feature",
   "geometry": {
    "type": "Point",
    "coordinates": [
     116.3913,
     39.90571
    ]
   },
   "properties": {
    "id": "store-lego-store-han-s-plaza",
    "name": "LEGO® Store Han's Plaza",
    "name_local": null,
    "city": "Beijing",
    "country": "China",
    "type": "official",
    "closed_year": null,
    "address": "L1, 2 South Ronghua Road,, Beijing, China",
    "phone": "010-67870891",
    "services": "bam, pab",
    "url": "https://brickstorestamps.com/stores/store-lego-store-han-s-plaza"
   }
  },
  {
   "type": "Feature",
   "geometry": {
    "type": "Point",
    "coordinates": [
     116.3913,
     39.90571
    ]
   },
   "properties": {
    "id": "store-lego-store-huawei-plaza",
    "name": "LEGO® Store Huawei Plaza",
    "name_local": "乐高(华威潮铺街店)",
    "city": "Beijing",
    "country": "China",
    "type": "official",
    "closed_year": null,
    "address": "No. 130 Xidanbei Street, Beijing, China",
    "phone": "010-66012245",
    "services": "bam, pab",
    "url": "https://brickstorestamps.com/stores/store-lego-store-huawei-plaza"
   }
  },
  {
   "type": "Feature",
   "geometry": {
    "type": "Point",
    "coordinates": [
     116.3913,
     39.90571
    ]
   },
   "properties": {
    "id": "store-lego-store-in-city-beijing",
    "name": "LEGO® Store In City Beijing",
    "name_local": null,
    "city": "Beijing",
    "country": "China",
    "type": "official",
    "closed_year": null,
    "address": "12 Cuiwei Road, Beijing, China",
    "phone": "010-68280720",
    "services": "bam, pab",
    "url": "https://brickstorestamps.com/stores/store-lego-store-in-city-beijing"
   }
  },
  {
   "type": "Feature",
   "geometry": {
    "type": "Point",
    "coordinates": [
     116.3913,
     39.90571
    ]
   },
   "properties": {
    "id": "store-lego-store-indigo",
    "name": "LEGO® Store Indigo",
    "name_local": null,
    "city": "Beijing",
    "country": "China",
    "type": "official",
    "closed_year": null,
    "address": "LG-47, 18 Jiuxianqiao Road, Beijing, China",
    "phone": "010-84200841",
    "services": "bam, pab",
    "url": "https://brickstorestamps.com/stores/store-lego-store-indigo"
   }
  },
  {
   "type": "Feature",
   "geometry": {
    "type": "Point",
    "coordinates": [
     116.3913,
     39.90571
    ]
   },
   "properties": {
    "id": "store-lego-store-livat",
    "name": "LEGO® Store Livat",
    "name_local": null,
    "city": "Beijing",
    "country": "China",
    "type": "official",
    "closed_year": null,
    "address": "5-01-128-SU, 2 West Hongfu Rd., Beijing, China",
    "phone": "010-80223236",
    "services": "bam, pab",
    "url": "https://brickstorestamps.com/stores/store-lego-store-livat"
   }
  },
  {
   "type": "Feature",
   "geometry": {
    "type": "Point",
    "coordinates": [
     116.3913,
     39.90571
    ]
   },
   "properties": {
    "id": "store-lego-store-longde-plaza",
    "name": "LEGO® Store Longde Plaza",
    "name_local": "乐高(龙德广场店)",
    "city": "Beijing",
    "country": "China",
    "type": "official",
    "closed_year": null,
    "address": "186 Litang Road, Beijing, China",
    "phone": "010-86211888",
    "services": "bam, pab",
    "url": "https://brickstorestamps.com/stores/store-lego-store-longde-plaza"
   }
  },
  {
   "type": "Feature",
   "geometry": {
    "type": "Point",
    "coordinates": [
     116.3913,
     39.90571
    ]
   },
   "properties": {
    "id": "store-lego-store-new-world-department-store",
    "name": "LEGO® Store New World Department Store",
    "name_local": "乐高(望京新世界百货店)",
    "city": "Beijing",
    "country": "China",
    "type": "official",
    "closed_year": null,
    "address": "3 Chongwenmen Outer Street,, Beijing, China",
    "phone": "010-67051321",
    "services": "bam, pab",
    "url": "https://brickstorestamps.com/stores/store-lego-store-new-world-department-store"
   }
  },
  {
   "type": "Feature",
   "geometry": {
    "type": "Point",
    "coordinates": [
     116.3913,
     39.90571
    ]
   },
   "properties": {
    "id": "store-lego-store-new-yansha-mall",
    "name": "LEGO® Store New Yansha Mall",
    "name_local": null,
    "city": "Beijing",
    "country": "China",
    "type": "official",
    "closed_year": null,
    "address": "Beijing, China",
    "phone": "010-88864036",
    "services": "bam, pab",
    "url": "https://brickstorestamps.com/stores/store-lego-store-new-yansha-mall"
   }
  },
  {
   "type": "Feature",
   "geometry": {
    "type": "Point",
    "coordinates": [
     116.3913,
     39.90571
    ]
   },
   "properties": {
    "id": "store-lego-store-solona-lifestyle-shopping-park",
    "name": "LEGO® Store Solona Lifestyle Shopping Park",
    "name_local": null,
    "city": "Beijing",
    "country": "China",
    "type": "official",
    "closed_year": null,
    "address": null,
    "phone": "010-59051801",
    "services": "bam, pab",
    "url": "https://brickstorestamps.com/stores/store-lego-store-solona-lifestyle-shopping-park"
   }
  },
  {
   "type": "Feature",
   "geometry": {
    "type": "Point",
    "coordinates": [
     116.3913,
     39.90571
    ]
   },
   "properties": {
    "id": "store-lego-store-viva",
    "name": "LEGO® Store Viva",
    "name_local": null,
    "city": "Beijing",
    "country": "China",
    "type": "official",
    "closed_year": null,
    "address": "103/202-1, 63 East 3rd Ring Rd, Beijing, China",
    "phone": "010-59037393",
    "services": "bam, pab",
    "url": "https://brickstorestamps.com/stores/store-lego-store-viva"
   }
  },
  {
   "type": "Feature",
   "geometry": {
    "type": "Point",
    "coordinates": [
     116.3913,
     39.90571
    ]
   },
   "properties": {
    "id": "store-lego-store-wangfujing-beijing",
    "name": "LEGO® Store Wangfujing Beijing",
    "name_local": null,
    "city": "Beijing",
    "country": "China",
    "type": "official",
    "closed_year": null,
    "address": "No.88 Wangfujing Street, Beijing, China",
    "phone": "+86 010 5978 5220",
    "services": "bam, mosaic_maker, pab",
    "url": "https://brickstorestamps.com/stores/store-lego-store-wangfujing-beijing"
   }
  },
  {
   "type": "Feature",
   "geometry": {
    "type": "Point",
    "coordinates": [
     116.3913,
     39.90571
    ]
   },
   "properties": {
    "id": "store-legoland-discovery-center-beijing",
    "name": "LEGOLAND Discovery Center Beijing",
    "name_local": null,
    "city": "Beijing",
    "country": "China",
    "type": "official",
    "closed_year": null,
    "address": null,
    "phone": null,
    "services": null,
    "url": "https://brickstorestamps.com/stores/store-legoland-discovery-center-beijing"
   }
  },
  {
   "type": "Feature",
   "geometry": {
    "type": "Point",
    "coordinates": [
     125.3267,
     43.8795
    ]
   },
   "properties": {
    "id": "store-lego-store-changchun-mixc-lego",
    "name": "LEGO® Store ChangChun MixC LEGO",
    "name_local": "长春万象城",
    "city": "Changchun",
    "country": "China",
    "type": "official",
    "closed_year": null,
    "address": "长春市南关区人民大街与解放大路交汇",
    "phone": null,
    "services": null,
    "url": "https://brickstorestamps.com/stores/store-lego-store-changchun-mixc-lego"
   }
  },
  {
   "type": "Feature",
   "geometry": {
    "type": "Point",
    "coordinates": [
     125.379,
     43.835
    ]
   },
   "properties": {
    "id": "store-lego-store-changchun-sky-city-mall",
    "name": "LEGO® Store ChangChun Sky City",
    "name_local": "摩天活力城MALL",
    "city": "Changchun",
    "country": "China",
    "type": "official",
    "closed_year": null,
    "address": "长春市南关区卫星路和仙台大街交口东北角",
    "phone": null,
    "services": null,
    "url": "https://brickstorestamps.com/stores/store-lego-store-changchun-sky-city-mall"
   }
  },
  {
   "type": "Feature",
   "geometry": {
    "type": "Point",
    "coordinates": [
     125.31817,
     43.88448
    ]
   },
   "properties": {
    "id": "store-lego-store-eurasia-shopping-mall",
    "name": "LEGO® Store Eurasia Shopping Mall",
    "name_local": null,
    "city": "Changchun",
    "country": "China",
    "type": "official",
    "closed_year": null,
    "address": "1F, Ouya Shopping Mall, Changchun, China",
    "phone": "0431-85521886",
    "services": "bam, pab",
    "url": "https://brickstorestamps.com/stores/store-lego-store-eurasia-shopping-mall"
   }
  },
  {
   "type": "Feature",
   "geometry": {
    "type": "Point",
    "coordinates": [
     125.31817,
     43.88448
    ]
   },
   "properties": {
    "id": "store-lego-store-ferris-power-city",
    "name": "LEGO® Store Ferris Power City",
    "name_local": null,
    "city": "Changchun",
    "country": "China",
    "type": "official",
    "closed_year": null,
    "address": "119 1F,Ferris Power City,, Changchun, China",
    "phone": "0431-80563969",
    "services": "bam, pab",
    "url": "https://brickstorestamps.com/stores/store-lego-store-ferris-power-city"
   }
  },
  {
   "type": "Feature",
   "geometry": {
    "type": "Point",
    "coordinates": [
     125.31817,
     43.88448
    ]
   },
   "properties": {
    "id": "store-lego-store-hongqi-street-wanda-plaza",
    "name": "LEGO® Store Hongqi Street Wanda Plaza",
    "name_local": "乐高(万达广场长春红旗街店)",
    "city": "Changchun",
    "country": "China",
    "type": "official",
    "closed_year": null,
    "address": "616 Hongqi Street, Changchun, China",
    "phone": "0431-80564647",
    "services": "bam, pab",
    "url": "https://brickstorestamps.com/stores/store-lego-store-hongqi-street-wanda-plaza"
   }
  },
  {
   "type": "Feature",
   "geometry": {
    "type": "Point",
    "coordinates": [
     112.97172,
     28.20015
    ]
   },
   "properties": {
    "id": "store-lego-store-better-life",
    "name": "LEGO® Store Better Life",
    "name_local": null,
    "city": "Changsha",
    "country": "China",
    "type": "official",
    "closed_year": null,
    "address": "G26/27 1099 Fenglin Road, Changsha, China",
    "phone": "0731-85232671",
    "services": "bam, pab",
    "url": "https://brickstorestamps.com/stores/store-lego-store-better-life"
   }
  },
  {
   "type": "Feature",
   "geometry": {
    "type": "Point",
    "coordinates": [
     112.975,
     28.1895
    ]
   },
   "properties": {
    "id": "store-lego-store-changsha-id-mall",
    "name": "LEGO® Store ChangSha",
    "name_local": "长沙悦方ID MALL",
    "city": "Changsha",
    "country": "China",
    "type": "official",
    "closed_year": null,
    "address": "长沙市天心区坡子街216号",
    "phone": null,
    "services": null,
    "url": "https://brickstorestamps.com/stores/store-lego-store-changsha-id-mall"
   }
  },
  {
   "type": "Feature",
   "geometry": {
    "type": "Point",
    "coordinates": [
     113.0158,
     28.1109
    ]
   },
   "properties": {
    "id": "store-lego-store-changsha-bbk-star-city-world",
    "name": "LEGO® Store ChangSha BBK Star City World",
    "name_local": "乐高(长沙步步高星城天地店)",
    "city": "Changsha",
    "country": "China",
    "type": "official",
    "closed_year": null,
    "address": "长沙市雨花区中意一路523号步步高星城天地L1层",
    "phone": null,
    "services": null,
    "url": "https://brickstorestamps.com/stores/store-lego-store-changsha-bbk-star-city-world"
   }
  },
  {
   "type": "Feature",
   "geometry": {
    "type": "Point",
    "coordinates": [
     112.9755,
     28.1897
    ]
   },
   "properties": {
    "id": "store-lego-store-changsha-center-impression-city",
    "name": "LEGO® Store ChangSha Center Impression City",
    "name_local": "长沙中心印象城",
    "city": "Changsha",
    "country": "China",
    "type": "official",
    "closed_year": null,
    "address": "长沙市天心区坡子街216号",
    "phone": null,
    "services": null,
    "url": "https://brickstorestamps.com/stores/store-lego-store-changsha-center-impression-city"
   }
  },
  {
   "type": "Feature",
   "geometry": {
    "type": "Point",
    "coordinates": [
     112.924,
     28.1209
    ]
   },
   "properties": {
    "id": "store-lego-store-changsha-huijule-highly-set",
    "name": "LEGO® Store ChangSha Huijule Highly Set",
    "name_local": "长沙荟聚购物中心",
    "city": "Changsha",
    "country": "China",
    "type": "official",
    "closed_year": null,
    "address": "长沙市岳麓区洋湖路253号",
    "phone": null,
    "services": null,
    "url": "https://brickstorestamps.com/stores/store-lego-store-changsha-huijule-highly-set"
   }
  },
  {
   "type": "Feature",
   "geometry": {
    "type": "Point",
    "coordinates": [
     113.0737,
     28.1906
    ]
   },
   "properties": {
    "id": "store-lego-store-changsha-longhu-furongfu-street",
    "name": "LEGO® Store ChangSha Longhu Furongfu Street",
    "name_local": "龙湖长沙芙蓉天街",
    "city": "Changsha",
    "country": "China",
    "type": "official",
    "closed_year": null,
    "address": "长沙市芙蓉区人民东路与望龙路交叉口东南角",
    "phone": null,
    "services": null,
    "url": "https://brickstorestamps.com/stores/store-lego-store-changsha-longhu-furongfu-street"
   }
  },
  {
   "type": "Feature",
   "geometry": {
    "type": "Point",
    "coordinates": [
     112.978,
     28.2389
    ]
   },
   "properties": {
    "id": "store-lego-store-changsha-north-star-triangle-dragon",
    "name": "LEGO® Store ChangSha North Star Triangle Dragon",
    "name_local": "乐高(长沙北辰荟店)",
    "city": "Changsha",
    "country": "China",
    "type": "official",
    "closed_year": null,
    "address": "长沙市开福区湘江北路1500号长沙北辰三角洲大悦城L1-L1-11",
    "phone": null,
    "services": null,
    "url": "https://brickstorestamps.com/stores/store-lego-store-changsha-north-star-triangle-dragon"
   }
  },
  {
   "type": "Feature",
   "geometry": {
    "type": "Point",
    "coordinates": [
     113.0867,
     28.2494
    ]
   },
   "properties": {
    "id": "store-lego-store-changsha-xingsha-mixc",
    "name": "LEGO® Store ChangSha Xingsha MixC",
    "name_local": "乐高授权专卖店(星沙万象汇)",
    "city": "Changsha",
    "country": "China",
    "type": "official",
    "closed_year": null,
    "address": "长沙市长沙县星沙大道178号星沙万象汇L124号商铺",
    "phone": null,
    "services": null,
    "url": "https://brickstorestamps.com/stores/store-lego-store-changsha-xingsha-mixc"
   }
  },
  {
   "type": "Feature",
   "geometry": {
    "type": "Point",
    "coordinates": [
     113.23844,
     28.14508
    ]
   },
   "properties": {
    "id": "store-lego-store-hc-international-plaza",
    "name": "LEGO® Store HC International Plaza",
    "name_local": "华创国际广场",
    "city": "Changsha",
    "country": "China",
    "type": "official",
    "closed_year": null,
    "address": "109 Furong Middle Road, Changsha, China",
    "phone": "0731-85232670",
    "services": "bam, pab",
    "url": "https://brickstorestamps.com/stores/store-lego-store-hc-international-plaza"
   }
  },
  {
   "type": "Feature",
   "geometry": {
    "type": "Point",
    "coordinates": [
     112.96668,
     28.19517
    ]
   },
   "properties": {
    "id": "store-lego-store-international-finance-square",
    "name": "LEGO® Store International Finance Square",
    "name_local": "乐高品牌标杆店(IFS国金中心店)",
    "city": "Changsha",
    "country": "China",
    "type": "official",
    "closed_year": null,
    "address": "188 West Jiefang Road,, Changsha, China",
    "phone": "0731-85232690",
    "services": "bam, pab",
    "url": "https://brickstorestamps.com/stores/store-lego-store-international-finance-square"
   }
  },
  {
   "type": "Feature",
   "geometry": {
    "type": "Point",
    "coordinates": [
     112.97172,
     28.20015
    ]
   },
   "properties": {
    "id": "store-lego-store-the-mix-c-one-changsha",
    "name": "LEGO® Store The Mix C One Changsha",
    "name_local": null,
    "city": "Changsha",
    "country": "China",
    "type": "official",
    "closed_year": null,
    "address": "L102, 188 Xingsha Avenue,, China",
    "phone": "0731-85232680",
    "services": "bam, pab",
    "url": "https://brickstorestamps.com/stores/store-lego-store-the-mix-c-one-changsha"
   }
  },
  {
   "type": "Feature",
   "geometry": {
    "type": "Point",
    "coordinates": [
     119.96915,
     31.81226
    ]
   },
   "properties": {
    "id": "store-lego-store-wuyue-square",
    "name": "LEGO® Store Wuyue Square",
    "name_local": null,
    "city": "Changzhou",
    "country": "China",
    "type": "official",
    "closed_year": null,
    "address": "1F-124-1,188 Middle Wuyi Road,, Changzhou, China",
    "phone": "0519-81886895",
    "services": "bam, pab",
    "url": "https://brickstorestamps.com/stores/store-lego-store-wuyue-square"
   }
  },
  {
   "type": "Feature",
   "geometry": {
    "type": "Point",
    "coordinates": [
     119.96915,
     31.81226
    ]
   },
   "properties": {
    "id": "store-lego-store-xinbei-wanda-plaza",
    "name": "LEGO® Store Xinbei Wanda Plaza",
    "name_local": null,
    "city": "Changzhou",
    "country": "China",
    "type": "official",
    "closed_year": null,
    "address": "1F-1008-1009,88 M Tongjiang Rd, Changzhou, China",
    "phone": "0519-81815152",
    "services": "bam, pab",
    "url": "https://brickstorestamps.com/stores/store-lego-store-xinbei-wanda-plaza"
   }
  },
  {
   "type": "Feature",
   "geometry": {
    "type": "Point",
    "coordinates": [
     104.06332,
     30.65987
    ]
   },
   "properties": {
    "id": "store-lego-store-fucheng-wandam",
    "name": "LEGO® Store Fucheng Wandam",
    "name_local": null,
    "city": "Chengdu",
    "country": "China",
    "type": "official",
    "closed_year": null,
    "address": null,
    "phone": null,
    "services": "bam, pab",
    "url": "https://brickstorestamps.com/stores/store-lego-store-fucheng-wandam"
   }
  },
  {
   "type": "Feature",
   "geometry": {
    "type": "Point",
    "coordinates": [
     104.06332,
     30.65987
    ]
   },
   "properties": {
    "id": "store-lego-store-joy-city-chengdu",
    "name": "LEGO® Store Joy City Chengdu",
    "name_local": "LEGO(大悦城店)",
    "city": "Chengdu",
    "country": "China",
    "type": "official",
    "closed_year": null,
    "address": "1-063, 518 Dayue Road,, Chengdu, China",
    "phone": "028-87481601",
    "services": "bam, pab",
    "url": "https://brickstorestamps.com/stores/store-lego-store-joy-city-chengdu"
   }
  },
  {
   "type": "Feature",
   "geometry": {
    "type": "Point",
    "coordinates": [
     104.06332,
     30.65987
    ]
   },
   "properties": {
    "id": "store-lego-store-leshijie-capitaland",
    "name": "LEGO® Store Leshijie capitaland",
    "name_local": null,
    "city": "Chengdu",
    "country": "China",
    "type": "official",
    "closed_year": null,
    "address": "No. 1 Taishan North Road,, Chengdu, China",
    "phone": "028-86611878",
    "services": "bam, pab",
    "url": "https://brickstorestamps.com/stores/store-lego-store-leshijie-capitaland"
   }
  },
  {
   "type": "Feature",
   "geometry": {
    "type": "Point",
    "coordinates": [
     104.06332,
     30.65987
    ]
   },
   "properties": {
    "id": "store-lego-store-longfor-binjiang-paradise-walk",
    "name": "LEGO® Store Longfor Binjiang Paradise Walk",
    "name_local": null,
    "city": "Chengdu",
    "country": "China",
    "type": "official",
    "closed_year": null,
    "address": "1st Floor, PARADISE WALK, Chengdu, China",
    "phone": "028-86057030",
    "services": "bam, pab",
    "url": "https://brickstorestamps.com/stores/store-lego-store-longfor-binjiang-paradise-walk"
   }
  },
  {
   "type": "Feature",
   "geometry": {
    "type": "Point",
    "coordinates": [
     104.06332,
     30.65987
    ]
   },
   "properties": {
    "id": "store-lego-store-renhe-town",
    "name": "LEGO® Store Renhe Town",
    "name_local": null,
    "city": "Chengdu",
    "country": "China",
    "type": "official",
    "closed_year": null,
    "address": "F137, 505 West Fucheng Blvd., Chengdu, China",
    "phone": "028-85324122",
    "services": "bam, pab",
    "url": "https://brickstorestamps.com/stores/store-lego-store-renhe-town"
   }
  },
  {
   "type": "Feature",
   "geometry": {
    "type": "Point",
    "coordinates": [
     104.06332,
     30.65987
    ]
   },
   "properties": {
    "id": "store-lego-store-saiho-plaza",
    "name": "LEGO® Store Saiho Plaza",
    "name_local": "乐高(世豪广场店)",
    "city": "Chengdu",
    "country": "China",
    "type": "official",
    "closed_year": null,
    "address": "998 Middle Jiannan Avenue,, Chengdu, China",
    "phone": "028-85186318",
    "services": "bam, pab",
    "url": "https://brickstorestamps.com/stores/store-lego-store-saiho-plaza"
   }
  },
  {
   "type": "Feature",
   "geometry": {
    "type": "Point",
    "coordinates": [
     104.085,
     30.6547
    ]
   },
   "properties": {
    "id": "store-lego-store-taikoo-li-chengdu",
    "name": "LEGO® Store Taikoo Li Chengdu",
    "name_local": "乐高(成都店)",
    "city": "Chengdu",
    "country": "China",
    "type": "official",
    "closed_year": null,
    "address": "成都市锦江区中纱帽街8号成都远洋太古里F1",
    "phone": null,
    "services": null,
    "url": "https://brickstorestamps.com/stores/store-lego-store-taikoo-li-chengdu"
   }
  },
  {
   "type": "Feature",
   "geometry": {
    "type": "Point",
    "coordinates": [
     104.06332,
     30.65987
    ]
   },
   "properties": {
    "id": "store-lego-store-the-mix-c-chengdu",
    "name": "LEGO® Store The Mix C Chengdu",
    "name_local": null,
    "city": "Chengdu",
    "country": "China",
    "type": "official",
    "closed_year": null,
    "address": "F2-251, 8 Shuangqing Road,, Chengdu, China",
    "phone": "028-81454800",
    "services": "bam, pab",
    "url": "https://brickstorestamps.com/stores/store-lego-store-the-mix-c-chengdu"
   }
  },
  {
   "type": "Feature",
   "geometry": {
    "type": "Point",
    "coordinates": [
     104.06332,
     30.65987
    ]
   },
   "properties": {
    "id": "store-lego-store-wangfujing-shopping-center",
    "name": "LEGO® Store Wangfujing Shopping Center",
    "name_local": null,
    "city": "Chengdu",
    "country": "China",
    "type": "official",
    "closed_year": null,
    "address": "Wangfujing, No. 9,Kehua Mid Rd, Chengdu, China",
    "phone": "028-85061355",
    "services": "bam, pab",
    "url": "https://brickstorestamps.com/stores/store-lego-store-wangfujing-shopping-center"
   }
  },
  {
   "type": "Feature",
   "geometry": {
    "type": "Point",
    "coordinates": [
     107.87487,
     30.05518
    ]
   },
   "properties": {
    "id": "store-lego-store-aegean-shopping-mall",
    "name": "LEGO® Store Aegean Shopping Mall",
    "name_local": null,
    "city": "Chongqing",
    "country": "China",
    "type": "official",
    "closed_year": null,
    "address": "1F, Aegean Mall, No.1003, Chongqing, China",
    "phone": "023-63051800",
    "services": "bam, pab",
    "url": "https://brickstorestamps.com/stores/store-lego-store-aegean-shopping-mall"
   }
  },
  {
   "type": "Feature",
   "geometry": {
    "type": "Point",
    "coordinates": [
     106.54792,
     29.56567
    ]
   },
   "properties": {
    "id": "store-lego-store-i-mix-park",
    "name": "LEGO® Store I Mix Park",
    "name_local": null,
    "city": "Chongqing",
    "country": "China",
    "type": "official",
    "closed_year": null,
    "address": null,
    "phone": null,
    "services": "bam, pab",
    "url": "https://brickstorestamps.com/stores/store-lego-store-i-mix-park"
   }
  },
  {
   "type": "Feature",
   "geometry": {
    "type": "Point",
    "coordinates": [
     106.54792,
     29.56567
    ]
   },
   "properties": {
    "id": "store-lego-store-longfor-yuanzhu-paradise-walk",
    "name": "LEGO® Store Longfor Yuanzhu Paradise Walk",
    "name_local": null,
    "city": "Chongqing",
    "country": "China",
    "type": "official",
    "closed_year": null,
    "address": "No. 25, Fukang Road,, Chongqing, China",
    "phone": "13837122393",
    "services": "bam, pab",
    "url": "https://brickstorestamps.com/stores/store-lego-store-longfor-yuanzhu-paradise-walk"
   }
  },
  {
   "type": "Feature",
   "geometry": {
    "type": "Point",
    "coordinates": [
     106.65553,
     29.66277
    ]
   },
   "properties": {
    "id": "store-lego-store-mosaic-metro-park",
    "name": "LEGO® Store Mosaic Metro Park",
    "name_local": null,
    "city": "Chongqing",
    "country": "China",
    "type": "official",
    "closed_year": null,
    "address": "37 Hongsheng Road,, Chongqing, China",
    "phone": "13837122393",
    "services": "bam, pab",
    "url": "https://brickstorestamps.com/stores/store-lego-store-mosaic-metro-park"
   }
  },
  {
   "type": "Feature",
   "geometry": {
    "type": "Point",
    "coordinates": [
     106.54792,
     29.56567
    ]
   },
   "properties": {
    "id": "store-lego-store-raffles-city-chongqing",
    "name": "LEGO® Store Raffles City Chongqing",
    "name_local": "乐高(重庆来福士店)",
    "city": "Chongqing",
    "country": "China",
    "type": "official",
    "closed_year": null,
    "address": "03-52, 18, Xinyi Street, Chongqing, China",
    "phone": "023-68701518",
    "services": "bam, pab",
    "url": "https://brickstorestamps.com/stores/store-lego-store-raffles-city-chongqing"
   }
  },
  {
   "type": "Feature",
   "geometry": {
    "type": "Point",
    "coordinates": [
     106.54792,
     29.56567
    ]
   },
   "properties": {
    "id": "store-lego-store-the-mix-c-chongqing",
    "name": "LEGO® Store The Mix C Chongqing",
    "name_local": null,
    "city": "Chongqing",
    "country": "China",
    "type": "official",
    "closed_year": null,
    "address": "55 Xiejiawan Road, Chongqing, China",
    "phone": "13837122393",
    "services": "bam, pab",
    "url": "https://brickstorestamps.com/stores/store-lego-store-the-mix-c-chongqing"
   }
  },
  {
   "type": "Feature",
   "geometry": {
    "type": "Point",
    "coordinates": [
     106.54792,
     29.56567
    ]
   },
   "properties": {
    "id": "store-lego-store-times-paradise-walk",
    "name": "LEGO® Store Times Paradise Walk",
    "name_local": null,
    "city": "Chongqing",
    "country": "China",
    "type": "official",
    "closed_year": null,
    "address": "174 Second Changjiang Road,, Chongqing, China",
    "phone": "023-68818680",
    "services": "bam, pab",
    "url": "https://brickstorestamps.com/stores/store-lego-store-times-paradise-walk"
   }
  },
  {
   "type": "Feature",
   "geometry": {
    "type": "Point",
    "coordinates": [
     106.54792,
     29.56567
    ]
   },
   "properties": {
    "id": "store-lego-store-u-city-paradise-walk",
    "name": "LEGO® Store U City Paradise Walk",
    "name_local": null,
    "city": "Chongqing",
    "country": "China",
    "type": "official",
    "closed_year": null,
    "address": "94 Daxuecheng North Road,, Chongqing, China",
    "phone": "023-65386639",
    "services": "bam, pab",
    "url": "https://brickstorestamps.com/stores/store-lego-store-u-city-paradise-walk"
   }
  },
  {
   "type": "Feature",
   "geometry": {
    "type": "Point",
    "coordinates": [
     121.6098,
     38.91305
    ]
   },
   "properties": {
    "id": "store-lego-store-capitamall-peace-plaza",
    "name": "LEGO® Store CapitaMall Peace Plaza",
    "name_local": "凯德和平广场",
    "city": "Dalian",
    "country": "China",
    "type": "official",
    "closed_year": null,
    "address": "1F-01-44/45, 695 Gorky Road,, Dalian, China",
    "phone": "0411-39556667",
    "services": "bam, pab",
    "url": "https://brickstorestamps.com/stores/store-lego-store-capitamall-peace-plaza"
   }
  },
  {
   "type": "Feature",
   "geometry": {
    "type": "Point",
    "coordinates": [
     122.25583,
     39.74028
    ]
   },
   "properties": {
    "id": "store-lego-store-galleria-mall",
    "name": "LEGO® Store Galleria Mall",
    "name_local": null,
    "city": "Dalian",
    "country": "China",
    "type": "official",
    "closed_year": null,
    "address": "1-08/09 96 Changjiang East Rd, Dalian, China",
    "phone": "0411-66858875",
    "services": "bam, pab",
    "url": "https://brickstorestamps.com/stores/store-lego-store-galleria-mall"
   }
  },
  {
   "type": "Feature",
   "geometry": {
    "type": "Point",
    "coordinates": [
     121.6098,
     38.91305
    ]
   },
   "properties": {
    "id": "store-lego-store-roosevelt-plaza",
    "name": "LEGO® Store Roosevelt Plaza",
    "name_local": "大连罗斯福广场(西安路)",
    "city": "Dalian",
    "country": "China",
    "type": "official",
    "closed_year": null,
    "address": "1F-12017, 139 Xi'an Road,, Dalian, China",
    "phone": "0411-66876989",
    "services": "bam, pab",
    "url": "https://brickstorestamps.com/stores/store-lego-store-roosevelt-plaza"
   }
  },
  {
   "type": "Feature",
   "geometry": {
    "type": "Point",
    "coordinates": [
     113.74523,
     23.01836
    ]
   },
   "properties": {
    "id": "store-lego-store-dg-mall",
    "name": "LEGO® Store DG Mall",
    "name_local": null,
    "city": "Dongguan",
    "country": "China",
    "type": "official",
    "closed_year": null,
    "address": "1020 DG Mall,, Dongguan, China",
    "phone": "0769-28685324",
    "services": "bam, pab",
    "url": "https://brickstorestamps.com/stores/store-lego-store-dg-mall"
   }
  },
  {
   "type": "Feature",
   "geometry": {
    "type": "Point",
    "coordinates": [
     113.8951,
     22.9565
    ]
   },
   "properties": {
    "id": "store-lego-store-dongguan-songshan-lake-mixc",
    "name": "LEGO® Store Dongguan Songshan Lake MixC",
    "name_local": "乐高(东莞松山湖万象汇店)",
    "city": "Dongguan",
    "country": "China",
    "type": "official",
    "closed_year": null,
    "address": "东莞市科技三路与总部三路交叉路口东北角松山湖万象汇L1层L119室",
    "phone": null,
    "services": null,
    "url": "https://brickstorestamps.com/stores/store-lego-store-dongguan-songshan-lake-mixc"
   }
  },
  {
   "type": "Feature",
   "geometry": {
    "type": "Point",
    "coordinates": [
     113.11596,
     23.02398
    ]
   },
   "properties": {
    "id": "store-lego-store-foshan-vanke-plaza",
    "name": "LEGO® Store Foshan Vanke Plaza",
    "name_local": null,
    "city": "Foshan",
    "country": "China",
    "type": "official",
    "closed_year": null,
    "address": "NO.23 Guilan Road,, Foshan, China",
    "phone": "13229621500",
    "services": "bam, pab",
    "url": "https://brickstorestamps.com/stores/store-lego-store-foshan-vanke-plaza"
   }
  },
  {
   "type": "Feature",
   "geometry": {
    "type": "Point",
    "coordinates": [
     113.11596,
     23.02398
    ]
   },
   "properties": {
    "id": "store-lego-store-i-mix-park-foshan",
    "name": "LEGO® Store I Mix Park Foshan",
    "name_local": null,
    "city": "Foshan",
    "country": "China",
    "type": "official",
    "closed_year": null,
    "address": null,
    "phone": "18033222385",
    "services": "bam, pab",
    "url": "https://brickstorestamps.com/stores/store-lego-store-i-mix-park-foshan"
   }
  },
  {
   "type": "Feature",
   "geometry": {
    "type": "Point",
    "coordinates": [
     113.11596,
     23.02398
    ]
   },
   "properties": {
    "id": "store-lego-store-nova",
    "name": "LEGO® Store Nova",
    "name_local": null,
    "city": "Foshan",
    "country": "China",
    "type": "official",
    "closed_year": null,
    "address": "B1-30, 29 Zumiao Road,, Foshan, China",
    "phone": "‭17620745153‬",
    "services": "bam, pab",
    "url": "https://brickstorestamps.com/stores/store-lego-store-nova"
   }
  },
  {
   "type": "Feature",
   "geometry": {
    "type": "Point",
    "coordinates": [
     113.25896,
     23.12884
    ]
   },
   "properties": {
    "id": "store-lego-store-aeon-mall",
    "name": "LEGO® Store Aeon Mall",
    "name_local": null,
    "city": "Guangzhou",
    "country": "China",
    "type": "official",
    "closed_year": null,
    "address": "1-112, 1 Safeng Third Road,, Guangzhou, China",
    "phone": "020-22256501",
    "services": "bam, pab",
    "url": "https://brickstorestamps.com/stores/store-lego-store-aeon-mall"
   }
  },
  {
   "type": "Feature",
   "geometry": {
    "type": "Point",
    "coordinates": [
     113.3193,
     23.1725
    ]
   },
   "properties": {
    "id": "store-lego-store-guangzhou-xinda-jinmao-plaza-haizhu",
    "name": "LEGO® Store Guangzhou Xinda Jinmao Plaza Haizhu",
    "name_local": "信达金茂广场",
    "city": "Guangzhou",
    "country": "China",
    "type": "official",
    "closed_year": null,
    "address": "广州市天河区广州大道北路920号",
    "phone": null,
    "services": null,
    "url": "https://brickstorestamps.com/stores/store-lego-store-guangzhou-xinda-jinmao-plaza-haizhu"
   }
  },
  {
   "type": "Feature",
   "geometry": {
    "type": "Point",
    "coordinates": [
     113.25896,
     23.12884
    ]
   },
   "properties": {
    "id": "store-lego-store-international-grand-city",
    "name": "LEGO® Store International Grand City",
    "name_local": "乐高(IGC天汇广场店)",
    "city": "Guangzhou",
    "country": "China",
    "type": "official",
    "closed_year": null,
    "address": "L224, 222 Xinming Road,, Guangzhou, China",
    "phone": "15622585036",
    "services": "bam, pab",
    "url": "https://brickstorestamps.com/stores/store-lego-store-international-grand-city"
   }
  },
  {
   "type": "Feature",
   "geometry": {
    "type": "Point",
    "coordinates": [
     113.25896,
     23.12884
    ]
   },
   "properties": {
    "id": "store-lego-store-k11",
    "name": "LEGO® Store K11",
    "name_local": null,
    "city": "Guangzhou",
    "country": "China",
    "type": "official",
    "closed_year": null,
    "address": "4F, 6 Zhujiang East Road, Guangzhou, China",
    "phone": "020-87586230",
    "services": "bam, pab",
    "url": "https://brickstorestamps.com/stores/store-lego-store-k11"
   }
  },
  {
   "type": "Feature",
   "geometry": {
    "type": "Point",
    "coordinates": [
     113.25896,
     23.12884
    ]
   },
   "properties": {
    "id": "store-lego-store-panyu-aeon-mall",
    "name": "LEGO® Store Panyu Aeon Mall",
    "name_local": null,
    "city": "Guangzhou",
    "country": "China",
    "type": "official",
    "closed_year": null,
    "address": "L1-1014-1015-2, 1 Yayun Avenue, Guangzhou, China",
    "phone": "13580576116",
    "services": "bam, pab",
    "url": "https://brickstorestamps.com/stores/store-lego-store-panyu-aeon-mall"
   }
  },
  {
   "type": "Feature",
   "geometry": {
    "type": "Point",
    "coordinates": [
     113.25896,
     23.12884
    ]
   },
   "properties": {
    "id": "store-lego-store-park-paradise",
    "name": "LEGO® Store Park Paradise",
    "name_local": null,
    "city": "Guangzhou",
    "country": "China",
    "type": "official",
    "closed_year": null,
    "address": "L129-L130,1689 North Baiyun St, Guangzhou, China",
    "phone": "020-62320095",
    "services": "bam, pab",
    "url": "https://brickstorestamps.com/stores/store-lego-store-park-paradise"
   }
  },
  {
   "type": "Feature",
   "geometry": {
    "type": "Point",
    "coordinates": [
     113.25896,
     23.12884
    ]
   },
   "properties": {
    "id": "store-lego-store-popark",
    "name": "LEGO® Store Popark",
    "name_local": null,
    "city": "Guangzhou",
    "country": "China",
    "type": "official",
    "closed_year": null,
    "address": "B1-1015, 63 Linhe Middle Road,, Guangzhou, China",
    "phone": "020-88523551",
    "services": "bam, pab",
    "url": "https://brickstorestamps.com/stores/store-lego-store-popark"
   }
  },
  {
   "type": "Feature",
   "geometry": {
    "type": "Point",
    "coordinates": [
     113.25896,
     23.12884
    ]
   },
   "properties": {
    "id": "store-lego-store-rock-square",
    "name": "LEGO® Store Rock Square",
    "name_local": null,
    "city": "Guangzhou",
    "country": "China",
    "type": "official",
    "closed_year": null,
    "address": "B1-S33, 106-108 Industry Ave., Guangzhou, China",
    "phone": "020-31950201",
    "services": "bam, pab",
    "url": "https://brickstorestamps.com/stores/store-lego-store-rock-square"
   }
  },
  {
   "type": "Feature",
   "geometry": {
    "type": "Point",
    "coordinates": [
     113.25896,
     23.12884
    ]
   },
   "properties": {
    "id": "store-lego-store-sunac-mall-guangzhou",
    "name": "LEGO® Store Sunac Mall Guangzhou",
    "name_local": null,
    "city": "Guangzhou",
    "country": "China",
    "type": "official",
    "closed_year": null,
    "address": "63 Fenghuang North Road, Guangzhou, China",
    "phone": "020-36999186",
    "services": "bam, pab",
    "url": "https://brickstorestamps.com/stores/store-lego-store-sunac-mall-guangzhou"
   }
  },
  {
   "type": "Feature",
   "geometry": {
    "type": "Point",
    "coordinates": [
     113.25896,
     23.12884
    ]
   },
   "properties": {
    "id": "store-lego-store-taikoohui",
    "name": "LEGO® Store TaiKooHui",
    "name_local": null,
    "city": "Guangzhou",
    "country": "China",
    "type": "official",
    "closed_year": null,
    "address": "383 Tianhe Road,, Guangzhou, China",
    "phone": "020-83980191",
    "services": "bam, pab",
    "url": "https://brickstorestamps.com/stores/store-lego-store-taikoohui"
   }
  },
  {
   "type": "Feature",
   "geometry": {
    "type": "Point",
    "coordinates": [
     113.3273,
     23.1329
    ]
   },
   "properties": {
    "id": "store-lego-store-zhengjia-plaza-guangzhou",
    "name": "LEGO® Store Zhengjia Plaza Guangzhou",
    "name_local": "广州乐高品牌旗舰店",
    "city": "Guangzhou",
    "country": "China",
    "type": "official",
    "closed_year": null,
    "address": "广州市天河区天河路228号正佳广场1层",
    "phone": null,
    "services": null,
    "url": "https://brickstorestamps.com/stores/store-lego-store-zhengjia-plaza-guangzhou"
   }
  },
  {
   "type": "Feature",
   "geometry": {
    "type": "Point",
    "coordinates": [
     110.29106,
     25.27799
    ]
   },
   "properties": {
    "id": "store-lego-store-the-mix-c-guilin",
    "name": "LEGO® Store The Mix C Guilin",
    "name_local": null,
    "city": "Guilin",
    "country": "China",
    "type": "official",
    "closed_year": null,
    "address": "1 Liumashan Road,, Guilin, China",
    "phone": "0773-8622108",
    "services": "bam, pab",
    "url": "https://brickstorestamps.com/stores/store-lego-store-the-mix-c-guilin"
   }
  },
  {
   "type": "Feature",
   "geometry": {
    "type": "Point",
    "coordinates": [
     110.19565,
     20.04623
    ]
   },
   "properties": {
    "id": "store-lego-store-haikou",
    "name": "LEGO® Store Haikou",
    "name_local": null,
    "city": "Haikou",
    "country": "China",
    "type": "official",
    "closed_year": null,
    "address": null,
    "phone": null,
    "services": null,
    "url": "https://brickstorestamps.com/stores/store-lego-store-haikou"
   }
  },
  {
   "type": "Feature",
   "geometry": {
    "type": "Point",
    "coordinates": [
     120.20523,
     30.24896
    ]
   },
   "properties": {
    "id": "store-lego-store-grand-canal-place",
    "name": "LEGO® Store Grand Canal Place",
    "name_local": null,
    "city": "Hangzhou",
    "country": "China",
    "type": "official",
    "closed_year": null,
    "address": "58 Lishui Road, Hangzhou, China",
    "phone": "0751-86780459",
    "services": "bam, pab",
    "url": "https://brickstorestamps.com/stores/store-lego-store-grand-canal-place"
   }
  },
  {
   "type": "Feature",
   "geometry": {
    "type": "Point",
    "coordinates": [
     120.20523,
     30.24896
    ]
   },
   "properties": {
    "id": "store-lego-store-in77",
    "name": "LEGO® Store In77",
    "name_local": null,
    "city": "Hangzhou",
    "country": "China",
    "type": "official",
    "closed_year": null,
    "address": "B1-003, Block C1 In77, Hangzhou, China",
    "phone": "0571-87022005",
    "services": "bam, mosaic_maker, pab",
    "url": "https://brickstorestamps.com/stores/store-lego-store-in77"
   }
  },
  {
   "type": "Feature",
   "geometry": {
    "type": "Point",
    "coordinates": [
     120.20523,
     30.24896
    ]
   },
   "properties": {
    "id": "store-lego-store-intime",
    "name": "LEGO® Store Intime",
    "name_local": null,
    "city": "Hangzhou",
    "country": "China",
    "type": "official",
    "closed_year": null,
    "address": "L1-003, 380 Fengtan Road, Hangzhou, China",
    "phone": "0571-82487040",
    "services": "bam, pab",
    "url": "https://brickstorestamps.com/stores/store-lego-store-intime"
   }
  },
  {
   "type": "Feature",
   "geometry": {
    "type": "Point",
    "coordinates": [
     120.20523,
     30.24896
    ]
   },
   "properties": {
    "id": "store-lego-store-lining-intime-city",
    "name": "LEGO® Store Lining Intime City",
    "name_local": "乐高(杭州临平银泰城店)",
    "city": "Hangzhou",
    "country": "China",
    "type": "official",
    "closed_year": null,
    "address": "1F-120/121, 118 Centry Avenue,, Hangzhou, China",
    "phone": "0571-86107591",
    "services": "bam, pab",
    "url": "https://brickstorestamps.com/stores/store-lego-store-lining-intime-city"
   }
  },
  {
   "type": "Feature",
   "geometry": {
    "type": "Point",
    "coordinates": [
     120.20523,
     30.24896
    ]
   },
   "properties": {
    "id": "store-lego-store-raffles-city",
    "name": "LEGO® Store Raffles City",
    "name_local": null,
    "city": "Hangzhou",
    "country": "China",
    "type": "official",
    "closed_year": null,
    "address": null,
    "phone": null,
    "services": "bam, pab",
    "url": "https://brickstorestamps.com/stores/store-lego-store-raffles-city"
   }
  },
  {
   "type": "Feature",
   "geometry": {
    "type": "Point",
    "coordinates": [
     120.20523,
     30.24896
    ]
   },
   "properties": {
    "id": "store-lego-store-the-mix-c-hangzhou",
    "name": "LEGO® Store The Mix C",
    "name_local": null,
    "city": "Hangzhou",
    "country": "China",
    "type": "official",
    "closed_year": null,
    "address": null,
    "phone": "0571-82395736",
    "services": null,
    "url": "https://brickstorestamps.com/stores/store-lego-store-the-mix-c-hangzhou"
   }
  },
  {
   "type": "Feature",
   "geometry": {
    "type": "Point",
    "coordinates": [
     120.20523,
     30.24896
    ]
   },
   "properties": {
    "id": "store-lego-store-the-mix-c-one",
    "name": "LEGO® Store The Mix C One",
    "name_local": null,
    "city": "Hangzhou",
    "country": "China",
    "type": "official",
    "closed_year": null,
    "address": null,
    "phone": null,
    "services": "bam, pab",
    "url": "https://brickstorestamps.com/stores/store-lego-store-the-mix-c-one"
   }
  },
  {
   "type": "Feature",
   "geometry": {
    "type": "Point",
    "coordinates": [
     120.20939,
     30.25442
    ]
   },
   "properties": {
    "id": "store-lego-store-the-mixc",
    "name": "LEGO® Store The Mixc",
    "name_local": null,
    "city": "Hangzhou",
    "country": "China",
    "type": "official",
    "closed_year": null,
    "address": "701 Fuchun Road,, Hangzhou, China",
    "phone": "0571-89700772",
    "services": "bam, pab",
    "url": "https://brickstorestamps.com/stores/store-lego-store-the-mixc"
   }
  },
  {
   "type": "Feature",
   "geometry": {
    "type": "Point",
    "coordinates": [
     120.20523,
     30.24896
    ]
   },
   "properties": {
    "id": "store-lego-store-xiasha-in-city",
    "name": "LEGO® Store Xiasha In City",
    "name_local": "银泰百货(下沙店)",
    "city": "Hangzhou",
    "country": "China",
    "type": "official",
    "closed_year": null,
    "address": "97 Jinsha Avenue,, Hangzhou, China",
    "phone": "0571-86689585",
    "services": "bam, pab",
    "url": "https://brickstorestamps.com/stores/store-lego-store-xiasha-in-city"
   }
  },
  {
   "type": "Feature",
   "geometry": {
    "type": "Point",
    "coordinates": [
     120.20523,
     30.24896
    ]
   },
   "properties": {
    "id": "store-lego-store-xixi-in-city",
    "name": "LEGO® Store Xixi In City",
    "name_local": null,
    "city": "Hangzhou",
    "country": "China",
    "type": "official",
    "closed_year": null,
    "address": "P3-1-014, 1 Wuchang Avenue,, Hangzhou, China",
    "phone": "0571-89185067",
    "services": "bam, pab",
    "url": "https://brickstorestamps.com/stores/store-lego-store-xixi-in-city"
   }
  },
  {
   "type": "Feature",
   "geometry": {
    "type": "Point",
    "coordinates": [
     120.20523,
     30.24896
    ]
   },
   "properties": {
    "id": "store-lego-store-yuhang-wanda-plaza",
    "name": "LEGO® Store Yuhang Wanda Plaza",
    "name_local": null,
    "city": "Hangzhou",
    "country": "China",
    "type": "official",
    "closed_year": null,
    "address": "1888, West Wenyi Road, Hanghou, China",
    "phone": "0571-88771171",
    "services": "bam, pab",
    "url": "https://brickstorestamps.com/stores/store-lego-store-yuhang-wanda-plaza"
   }
  },
  {
   "type": "Feature",
   "geometry": {
    "type": "Point",
    "coordinates": [
     126.6454,
     45.7601
    ]
   },
   "properties": {
    "id": "store-lego-store-china-world-mall-harbin",
    "name": "LEGO® Store China World Mall Harbin",
    "name_local": "国贸城",
    "city": "Harbin",
    "country": "China",
    "type": "official",
    "closed_year": null,
    "address": "哈尔滨市南岗区果戈里大街361号",
    "phone": null,
    "services": null,
    "url": "https://brickstorestamps.com/stores/store-lego-store-china-world-mall-harbin"
   }
  },
  {
   "type": "Feature",
   "geometry": {
    "type": "Point",
    "coordinates": [
     126.6997,
     45.757
    ]
   },
   "properties": {
    "id": "store-lego-store-harbin-hongbo-central-park",
    "name": "LEGO® Store Harbin Hongbo Central Park",
    "name_local": "乐高(红博中央公园店)",
    "city": "Harbin",
    "country": "China",
    "type": "official",
    "closed_year": null,
    "address": "哈尔滨市南岗区红旗大街339号红博商业中央公园B2层39室",
    "phone": null,
    "services": null,
    "url": "https://brickstorestamps.com/stores/store-lego-store-harbin-hongbo-central-park"
   }
  },
  {
   "type": "Feature",
   "geometry": {
    "type": "Point",
    "coordinates": [
     126.6083,
     45.7211
    ]
   },
   "properties": {
    "id": "store-lego-store-harbin-kaide-store-on-xuefu-road",
    "name": "LEGO® Store Harbin Kaide store on Xuefu Road",
    "name_local": "乐高(学府凯德店)",
    "city": "Harbin",
    "country": "China",
    "type": "official",
    "closed_year": null,
    "address": "哈尔滨市南岗区学府路1-1凯德广场学府店01-84-85",
    "phone": null,
    "services": null,
    "url": "https://brickstorestamps.com/stores/store-lego-store-harbin-kaide-store-on-xuefu-road"
   }
  },
  {
   "type": "Feature",
   "geometry": {
    "type": "Point",
    "coordinates": [
     126.5669,
     45.7339
    ]
   },
   "properties": {
    "id": "store-lego-store-harbin-wangfujing-harbin-palace",
    "name": "LEGO® Store Harbin Wangfujing Harbin Palace",
    "name_local": "王府井购物中心",
    "city": "Harbin",
    "country": "China",
    "type": "official",
    "closed_year": null,
    "address": "哈尔滨市道里区景江东路899号",
    "phone": null,
    "services": null,
    "url": "https://brickstorestamps.com/stores/store-lego-store-harbin-wangfujing-harbin-palace"
   }
  },
  {
   "type": "Feature",
   "geometry": {
    "type": "Point",
    "coordinates": [
     117.28143,
     31.86657
    ]
   },
   "properties": {
    "id": "store-lego-store-baohe-wanda-suning",
    "name": "LEGO® Store Baohe Wanda Suning",
    "name_local": "乐高(合肥包河万达广场店)",
    "city": "Hefei",
    "country": "China",
    "type": "official",
    "closed_year": null,
    "address": "Wanda Plaza, 130 Maanshan Road, Hefei, China",
    "phone": "0551—63525660",
    "services": "bam, pab",
    "url": "https://brickstorestamps.com/stores/store-lego-store-baohe-wanda-suning"
   }
  },
  {
   "type": "Feature",
   "geometry": {
    "type": "Point",
    "coordinates": [
     117.28143,
     31.86657
    ]
   },
   "properties": {
    "id": "store-lego-store-the-mix-c-hefei",
    "name": "LEGO® Store The Mix C Hefei",
    "name_local": "合肥万象城",
    "city": "Hefei",
    "country": "China",
    "type": "official",
    "closed_year": null,
    "address": "111 Qianshan Road,, Hefei, China",
    "phone": "0551- 63857291",
    "services": "bam, pab",
    "url": "https://brickstorestamps.com/stores/store-lego-store-the-mix-c-hefei"
   }
  },
  {
   "type": "Feature",
   "geometry": {
    "type": "Point",
    "coordinates": [
     119.0263,
     33.5969
    ]
   },
   "properties": {
    "id": "store-lego-store-huaian-xinya-plaza-lego",
    "name": "LEGO® Store Huaian Xinya Plaza",
    "name_local": "LEGO",
    "city": "Huai'an",
    "country": "China",
    "type": "official",
    "closed_year": null,
    "address": "淮安市清江浦区淮海东路142号新亚广场1F",
    "phone": null,
    "services": null,
    "url": "https://brickstorestamps.com/stores/store-lego-store-huaian-xinya-plaza-lego"
   }
  },
  {
   "type": "Feature",
   "geometry": {
    "type": "Point",
    "coordinates": [
     113.0822,
     22.6118
    ]
   },
   "properties": {
    "id": "store-lego-store-jiangmen-grand-city",
    "name": "LEGO® Store Jiangmen Grand City",
    "name_local": "汇悦·大融城",
    "city": "Jiangmen",
    "country": "China",
    "type": "official",
    "closed_year": null,
    "address": "江门市蓬江区白石大道166号",
    "phone": null,
    "services": null,
    "url": "https://brickstorestamps.com/stores/store-lego-store-jiangmen-grand-city"
   }
  },
  {
   "type": "Feature",
   "geometry": {
    "type": "Point",
    "coordinates": [
     117.11385,
     36.65198
    ]
   },
   "properties": {
    "id": "store-lego-store-the-mix-c-jinan",
    "name": "LEGO® Store The Mix C Jinan",
    "name_local": null,
    "city": "Jinan",
    "country": "China",
    "type": "official",
    "closed_year": null,
    "address": "LG236,NE Yaojia Rd/E Yaojia Rd, Jinan, China",
    "phone": "0531-82612786",
    "services": "bam, pab",
    "url": "https://brickstorestamps.com/stores/store-lego-store-the-mix-c-jinan"
   }
  },
  {
   "type": "Feature",
   "geometry": {
    "type": "Point",
    "coordinates": [
     102.71691,
     25.03994
    ]
   },
   "properties": {
    "id": "store-lego-store-joycity-kunming",
    "name": "LEGO® Store Joycity Kunming",
    "name_local": "昆明大悦城",
    "city": "Kunming",
    "country": "China",
    "type": "official",
    "closed_year": null,
    "address": "6-1-06,618 Huancheng North Rd, Kunming, China",
    "phone": "13840077808",
    "services": "bam, pab",
    "url": "https://brickstorestamps.com/stores/store-lego-store-joycity-kunming"
   }
  },
  {
   "type": "Feature",
   "geometry": {
    "type": "Point",
    "coordinates": [
     102.71691,
     25.03994
    ]
   },
   "properties": {
    "id": "store-lego-store-shuncheng-shopping-mall",
    "name": "LEGO® Store Shuncheng Shopping Mall",
    "name_local": null,
    "city": "Kunming",
    "country": "China",
    "type": "official",
    "closed_year": null,
    "address": "1FE1-15\\16\\17\\2,Shuncheng Mall, Kunming, China",
    "phone": "0871-65892718",
    "services": "bam, pab",
    "url": "https://brickstorestamps.com/stores/store-lego-store-shuncheng-shopping-mall"
   }
  },
  {
   "type": "Feature",
   "geometry": {
    "type": "Point",
    "coordinates": [
     120.97647,
     31.38693
    ]
   },
   "properties": {
    "id": "store-lego-store-the-mix-c-kunshan",
    "name": "LEGO® Store The Mix C Kunshan",
    "name_local": "乐高(昆山万象汇店)",
    "city": "Kunshan",
    "country": "China",
    "type": "official",
    "closed_year": null,
    "address": "L148,1266 Qianjingxi Road, Kunshan, China",
    "phone": "0512-57826750",
    "services": "bam, pab",
    "url": "https://brickstorestamps.com/stores/store-lego-store-the-mix-c-kunshan"
   }
  },
  {
   "type": "Feature",
   "geometry": {
    "type": "Point",
    "coordinates": [
     103.8395,
     36.05262
    ]
   },
   "properties": {
    "id": "store-lego-store-lanzhou-center",
    "name": "LEGO® Store Lanzhou Center",
    "name_local": null,
    "city": "Lanzhou",
    "country": "China",
    "type": "official",
    "closed_year": null,
    "address": null,
    "phone": "17352222133",
    "services": "bam, pab",
    "url": "https://brickstorestamps.com/stores/store-lego-store-lanzhou-center"
   }
  },
  {
   "type": "Feature",
   "geometry": {
    "type": "Point",
    "coordinates": [
     112.44346,
     34.66338
    ]
   },
   "properties": {
    "id": "store-lego-store-wangfujing-shopping-mall",
    "name": "LEGO® Store Wangfujing Shopping mall",
    "name_local": null,
    "city": "Luoyang",
    "country": "China",
    "type": "official",
    "closed_year": null,
    "address": "Lichun Road,, Luoyang, China",
    "phone": "13837122393",
    "services": "bam, pab",
    "url": "https://brickstorestamps.com/stores/store-lego-store-wangfujing-shopping-mall"
   }
  },
  {
   "type": "Feature",
   "geometry": {
    "type": "Point",
    "coordinates": [
     105.43851,
     28.87447
    ]
   },
   "properties": {
    "id": "store-lego-store-mix-c-luzhou",
    "name": "LEGO® Store Mix C Luzhou",
    "name_local": null,
    "city": "Luzhou",
    "country": "China",
    "type": "official",
    "closed_year": null,
    "address": "1st Floor,MIXC, No.1,Section 1, Luzhou, China",
    "phone": "0830-3897628",
    "services": "bam, pab",
    "url": "https://brickstorestamps.com/stores/store-lego-store-mix-c-luzhou"
   }
  },
  {
   "type": "Feature",
   "geometry": {
    "type": "Point",
    "coordinates": [
     104.71607,
     31.46027
    ]
   },
   "properties": {
    "id": "store-lego-store-fucheng-wanda",
    "name": "LEGO® Store Fucheng Wanda",
    "name_local": null,
    "city": "Mianyang",
    "country": "China",
    "type": "official",
    "closed_year": null,
    "address": "Wanda Plaza, 9 Huayuan Road, Mianyang, China",
    "phone": "8168723381",
    "services": null,
    "url": "https://brickstorestamps.com/stores/store-lego-store-fucheng-wanda"
   }
  },
  {
   "type": "Feature",
   "geometry": {
    "type": "Point",
    "coordinates": [
     118.77886,
     32.04383
    ]
   },
   "properties": {
    "id": "store-lego-store-deji-plaza",
    "name": "LEGO® Store Deji Plaza",
    "name_local": null,
    "city": "Nanjing",
    "country": "China",
    "type": "official",
    "closed_year": null,
    "address": "F635 Deji Plaza Phase II,, Nanjing, China",
    "phone": "025-86777635",
    "services": "bam, pab",
    "url": "https://brickstorestamps.com/stores/store-lego-store-deji-plaza"
   }
  },
  {
   "type": "Feature",
   "geometry": {
    "type": "Point",
    "coordinates": [
     118.77886,
     32.04383
    ]
   },
   "properties": {
    "id": "store-lego-store-golden-eagle-hubintiandi",
    "name": "LEGO® Store Golden Eagle Hubintiandi",
    "name_local": null,
    "city": "Nanjing",
    "country": "China",
    "type": "official",
    "closed_year": null,
    "address": null,
    "phone": "025-87720701",
    "services": "bam, pab",
    "url": "https://brickstorestamps.com/stores/store-lego-store-golden-eagle-hubintiandi"
   }
  },
  {
   "type": "Feature",
   "geometry": {
    "type": "Point",
    "coordinates": [
     118.80883,
     31.9713
    ]
   },
   "properties": {
    "id": "store-lego-store-king-mo",
    "name": "LEGO® Store KING MO",
    "name_local": null,
    "city": "Nanjing",
    "country": "China",
    "type": "official",
    "closed_year": null,
    "address": "1698 Shuanglong Avenue,, Nanjing, China",
    "phone": "025-86153001",
    "services": "bam, pab",
    "url": "https://brickstorestamps.com/stores/store-lego-store-king-mo"
   }
  },
  {
   "type": "Feature",
   "geometry": {
    "type": "Point",
    "coordinates": [
     118.77886,
     32.04383
    ]
   },
   "properties": {
    "id": "store-lego-store-nanjing-hanlogon",
    "name": "LEGO® Store Nanjing Hanlogon",
    "name_local": null,
    "city": "Nanjing",
    "country": "China",
    "type": "official",
    "closed_year": null,
    "address": "8 Taining Road,, Nanjing, China",
    "phone": "025-57730750",
    "services": "bam, pab",
    "url": "https://brickstorestamps.com/stores/store-lego-store-nanjing-hanlogon"
   }
  },
  {
   "type": "Feature",
   "geometry": {
    "type": "Point",
    "coordinates": [
     118.77886,
     32.04383
    ]
   },
   "properties": {
    "id": "store-lego-store-one-mall",
    "name": "LEGO® Store One Mall",
    "name_local": null,
    "city": "Nanjing",
    "country": "China",
    "type": "official",
    "closed_year": null,
    "address": "F1-38, 258 Jiangzhong East Rd., Nanjing, China",
    "phone": "025-85655698",
    "services": "bam, pab",
    "url": "https://brickstorestamps.com/stores/store-lego-store-one-mall"
   }
  },
  {
   "type": "Feature",
   "geometry": {
    "type": "Point",
    "coordinates": [
     118.77886,
     32.04383
    ]
   },
   "properties": {
    "id": "store-lego-store-rsun-plaza",
    "name": "LEGO® Store Rsun Plaza",
    "name_local": null,
    "city": "Nanjing",
    "country": "China",
    "type": "official",
    "closed_year": null,
    "address": "48 North Daqiao Road,, Nanjing, China",
    "phone": "025-58876113",
    "services": "bam, pab",
    "url": "https://brickstorestamps.com/stores/store-lego-store-rsun-plaza"
   }
  },
  {
   "type": "Feature",
   "geometry": {
    "type": "Point",
    "coordinates": [
     118.77886,
     32.04383
    ]
   },
   "properties": {
    "id": "store-lego-store-wonder-city",
    "name": "LEGO® Store Wonder City",
    "name_local": null,
    "city": "Nanjing",
    "country": "China",
    "type": "official",
    "closed_year": null,
    "address": null,
    "phone": null,
    "services": "bam, pab",
    "url": "https://brickstorestamps.com/stores/store-lego-store-wonder-city"
   }
  },
  {
   "type": "Feature",
   "geometry": {
    "type": "Point",
    "coordinates": [
     108.31802,
     22.81577
    ]
   },
   "properties": {
    "id": "store-lego-store-the-mix-c-nanning",
    "name": "LEGO® Store The Mix C Nanning",
    "name_local": null,
    "city": "Nanning",
    "country": "China",
    "type": "official",
    "closed_year": null,
    "address": "136 Minzu Avenue,, Nanning, China",
    "phone": "0771-5578234",
    "services": "bam, pab",
    "url": "https://brickstorestamps.com/stores/store-lego-store-the-mix-c-nanning"
   }
  },
  {
   "type": "Feature",
   "geometry": {
    "type": "Point",
    "coordinates": [
     120.89046,
     31.98279
    ]
   },
   "properties": {
    "id": "store-lego-store-the-mix-c-nantong",
    "name": "LEGO® Store The Mix C Nantong",
    "name_local": null,
    "city": "Nantong",
    "country": "China",
    "type": "official",
    "closed_year": null,
    "address": "B1-L5, Beida St/Yongyi Road, Nantong, China",
    "phone": "0531-55882531",
    "services": "bam, pab",
    "url": "https://brickstorestamps.com/stores/store-lego-store-the-mix-c-nantong"
   }
  },
  {
   "type": "Feature",
   "geometry": {
    "type": "Point",
    "coordinates": [
     121.62039,
     29.86222
    ]
   },
   "properties": {
    "id": "store-lego-store-ningbo-yingzhou-mixc-city",
    "name": "LEGO® Store Ningbo Yingzhou Mixc City",
    "name_local": null,
    "city": "Ningbo",
    "country": "China",
    "type": "official",
    "closed_year": null,
    "address": "L121,351 Qianhubei Road,, Ningbo, China",
    "phone": "13705714816",
    "services": "bam, pab",
    "url": "https://brickstorestamps.com/stores/store-lego-store-ningbo-yingzhou-mixc-city"
   }
  },
  {
   "type": "Feature",
   "geometry": {
    "type": "Point",
    "coordinates": [
     121.54996,
     29.87196
    ]
   },
   "properties": {
    "id": "store-lego-store-raffles-city-ningbo",
    "name": "LEGO® Store Raffles City",
    "name_local": "乐高(来福士店)",
    "city": "Ningbo",
    "country": "China",
    "type": "official",
    "closed_year": null,
    "address": "L135, 500 Dazha South Road, Ji, Ningbo, China",
    "phone": "0574-87476302",
    "services": null,
    "url": "https://brickstorestamps.com/stores/store-lego-store-raffles-city-ningbo"
   }
  },
  {
   "type": "Feature",
   "geometry": {
    "type": "Point",
    "coordinates": [
     121.82137,
     29.8911
    ]
   },
   "properties": {
    "id": "store-lego-store-yintai-city",
    "name": "LEGO® Store Yintai City",
    "name_local": null,
    "city": "Ningbo",
    "country": "China",
    "type": "official",
    "closed_year": null,
    "address": "399 Zhonghe Road,, Ningbo, China",
    "phone": "0574-86820803",
    "services": "bam, pab",
    "url": "https://brickstorestamps.com/stores/store-lego-store-yintai-city"
   }
  },
  {
   "type": "Feature",
   "geometry": {
    "type": "Point",
    "coordinates": [
     120.44316,
     36.11781
    ]
   },
   "properties": {
    "id": "store-c-lego-certified-store-qingdao-laoshan-mixc-world-qing",
    "name": "LEGO® Certified Store Qingdao Laoshan MixC World",
    "name_local": null,
    "city": "Qingdao",
    "country": "China",
    "type": "official",
    "closed_year": null,
    "address": "L116, 深圳路101号 青岛崂山万象汇, 崂山区, Qingdao, China",
    "phone": null,
    "services": null,
    "url": "https://brickstorestamps.com/stores/store-c-lego-certified-store-qingdao-laoshan-mixc-world-qing"
   }
  },
  {
   "type": "Feature",
   "geometry": {
    "type": "Point",
    "coordinates": [
     120.37777,
     36.06632
    ]
   },
   "properties": {
    "id": "store-lego-store-hisense-plaza",
    "name": "LEGO® Store Hisense Plaza",
    "name_local": "LEGO乐高授权专卖店(海信广场店)",
    "city": "Qingdao",
    "country": "China",
    "type": "official",
    "closed_year": null,
    "address": "B1-0139 Hisense Plaza,, Qingdao, China",
    "phone": "0532-66788033",
    "services": "bam, pab",
    "url": "https://brickstorestamps.com/stores/store-lego-store-hisense-plaza"
   }
  },
  {
   "type": "Feature",
   "geometry": {
    "type": "Point",
    "coordinates": [
     120.3792,
     36.0661
    ]
   },
   "properties": {
    "id": "store-lego-store-qingdao-vientiane-city",
    "name": "LEGO® Store Qingdao Vientiane City",
    "name_local": "乐高(宿迁路)",
    "city": "Qingdao",
    "country": "China",
    "type": "official",
    "closed_year": null,
    "address": "青岛市市南区万象城L125号",
    "phone": null,
    "services": null,
    "url": "https://brickstorestamps.com/stores/store-lego-store-qingdao-vientiane-city"
   }
  },
  {
   "type": "Feature",
   "geometry": {
    "type": "Point",
    "coordinates": [
     118.67236,
     24.87555
    ]
   },
   "properties": {
    "id": "store-lego-store-sce-world-city-mall",
    "name": "LEGO® Store SCE World City Mall",
    "name_local": null,
    "city": "Quanzhou",
    "country": "China",
    "type": "official",
    "closed_year": null,
    "address": "69 Anji South Road, Quanzhou, China",
    "phone": "13926596064",
    "services": "bam, pab",
    "url": "https://brickstorestamps.com/stores/store-lego-store-sce-world-city-mall"
   }
  },
  {
   "type": "Feature",
   "geometry": {
    "type": "Point",
    "coordinates": [
     121.4691,
     31.23234
    ]
   },
   "properties": {
    "id": "store-lego-store-bailian-nanqiao-shopping-mall",
    "name": "LEGO® Store Bailian Nanqiao Shopping Mall",
    "name_local": null,
    "city": "Shanghai",
    "country": "China",
    "type": "official",
    "closed_year": null,
    "address": "1F-20, 588, Baiqi Road,, Shanghai, China",
    "phone": "021-67108879",
    "services": "bam, pab",
    "url": "https://brickstorestamps.com/stores/store-lego-store-bailian-nanqiao-shopping-mall"
   }
  },
  {
   "type": "Feature",
   "geometry": {
    "type": "Point",
    "coordinates": [
     121.4691,
     31.23234
    ]
   },
   "properties": {
    "id": "store-lego-store-bailian-youyicheng-shopping-mall",
    "name": "LEGO® Store Bailian Youyicheng Shopping Mall",
    "name_local": "百联又一城购物中心",
    "city": "Shanghai",
    "country": "China",
    "type": "official",
    "closed_year": null,
    "address": "B1-1-011, 8 Songhu Road, Shanghai, China",
    "phone": "021-65012280",
    "services": "bam, pab",
    "url": "https://brickstorestamps.com/stores/store-lego-store-bailian-youyicheng-shopping-mall"
   }
  },
  {
   "type": "Feature",
   "geometry": {
    "type": "Point",
    "coordinates": [
     121.4691,
     31.23234
    ]
   },
   "properties": {
    "id": "store-lego-store-baoyang-powerlong",
    "name": "LEGO® Store Baoyang Powerlong",
    "name_local": null,
    "city": "Shanghai",
    "country": "China",
    "type": "official",
    "closed_year": null,
    "address": "669 Tongji road, Baoshan, Shanghai, China",
    "phone": "021-66782286",
    "services": "bam, pab",
    "url": "https://brickstorestamps.com/stores/store-lego-store-baoyang-powerlong"
   }
  },
  {
   "type": "Feature",
   "geometry": {
    "type": "Point",
    "coordinates": [
     121.4691,
     31.23234
    ]
   },
   "properties": {
    "id": "store-lego-store-capitamall-luone",
    "name": "LEGO® Store CapitaMall LuOne",
    "name_local": null,
    "city": "Shanghai",
    "country": "China",
    "type": "official",
    "closed_year": null,
    "address": "L304, 123 Xujiahui Road,, Shanghai, China",
    "phone": "021-63010698",
    "services": "bam, pab",
    "url": "https://brickstorestamps.com/stores/store-lego-store-capitamall-luone"
   }
  },
  {
   "type": "Feature",
   "geometry": {
    "type": "Point",
    "coordinates": [
     121.4691,
     31.23234
    ]
   },
   "properties": {
    "id": "store-lego-store-capitamall-minhang",
    "name": "LEGO® Store CapitaMall Minhang",
    "name_local": "乐高(凯德龙之梦购物中心莘庄店)",
    "city": "Shanghai",
    "country": "China",
    "type": "official",
    "closed_year": null,
    "address": "1F-29, 6088 Humin Road,, Shanghai, China",
    "phone": "021-54478216",
    "services": "bam, pab",
    "url": "https://brickstorestamps.com/stores/store-lego-store-capitamall-minhang"
   }
  },
  {
   "type": "Feature",
   "geometry": {
    "type": "Point",
    "coordinates": [
     121.4691,
     31.23234
    ]
   },
   "properties": {
    "id": "store-lego-store-citic-wanda-plaza",
    "name": "LEGO® Store Citic Wanda Plaza",
    "name_local": "乐高",
    "city": "Shanghai",
    "country": "China",
    "type": "official",
    "closed_year": null,
    "address": "L1-1051,Shengxin/Shuangding Rd, Shanghai, China",
    "phone": "021-59141921",
    "services": "bam, pab",
    "url": "https://brickstorestamps.com/stores/store-lego-store-citic-wanda-plaza"
   }
  },
  {
   "type": "Feature",
   "geometry": {
    "type": "Point",
    "coordinates": [
     121.4691,
     31.23234
    ]
   },
   "properties": {
    "id": "store-lego-store-cloud-nine-mall",
    "name": "LEGO® Store Cloud Nine Mall",
    "name_local": "乐高(龙之梦购物公园长宁店)",
    "city": "Shanghai",
    "country": "China",
    "type": "official",
    "closed_year": null,
    "address": "L1, 1018 Changning Road, Shanghai, China",
    "phone": "021-62308571",
    "services": "bam, pab",
    "url": "https://brickstorestamps.com/stores/store-lego-store-cloud-nine-mall"
   }
  },
  {
   "type": "Feature",
   "geometry": {
    "type": "Point",
    "coordinates": [
     121.4691,
     31.23234
    ]
   },
   "properties": {
    "id": "store-lego-store-daning-life-hub",
    "name": "LEGO® Store Daning Life Hub",
    "name_local": null,
    "city": "Shanghai",
    "country": "China",
    "type": "official",
    "closed_year": null,
    "address": "Unit 5,1878 Gonghexin Road, Shanghai, China",
    "phone": "021-66277397",
    "services": "bam, pab",
    "url": "https://brickstorestamps.com/stores/store-lego-store-daning-life-hub"
   }
  },
  {
   "type": "Feature",
   "geometry": {
    "type": "Point",
    "coordinates": [
     121.4691,
     31.23234
    ]
   },
   "properties": {
    "id": "store-lego-store-disneytown-shanghai",
    "name": "LEGO® Store Disneytown Shanghai",
    "name_local": null,
    "city": "Shanghai",
    "country": "China",
    "type": "official",
    "closed_year": null,
    "address": "申迪西路255弄660号和665号, 中国上海浦东新区2 201205, China",
    "phone": "86 21 5033 3308",
    "services": "bam, pab",
    "url": "https://brickstorestamps.com/stores/store-lego-store-disneytown-shanghai"
   }
  },
  {
   "type": "Feature",
   "geometry": {
    "type": "Point",
    "coordinates": [
     121.4691,
     31.23234
    ]
   },
   "properties": {
    "id": "store-lego-store-global-harbour",
    "name": "LEGO® Store Global Harbour",
    "name_local": null,
    "city": "Shanghai",
    "country": "China",
    "type": "official",
    "closed_year": null,
    "address": null,
    "phone": "021-52680121",
    "services": "bam, pab",
    "url": "https://brickstorestamps.com/stores/store-lego-store-global-harbour"
   }
  },
  {
   "type": "Feature",
   "geometry": {
    "type": "Point",
    "coordinates": [
     121.4691,
     31.23234
    ]
   },
   "properties": {
    "id": "store-lego-store-grand-gateway-66",
    "name": "LEGO® Store Grand Gateway 66",
    "name_local": "乐高(港汇恒隆广场店)",
    "city": "Shanghai",
    "country": "China",
    "type": "official",
    "closed_year": null,
    "address": "B107J, 1 Hongqiao Road, Shanghai, China",
    "phone": "021-64283899",
    "services": "bam, pab",
    "url": "https://brickstorestamps.com/stores/store-lego-store-grand-gateway-66"
   }
  },
  {
   "type": "Feature",
   "geometry": {
    "type": "Point",
    "coordinates": [
     121.4691,
     31.23234
    ]
   },
   "properties": {
    "id": "store-lego-store-hkri-taikoo-hui",
    "name": "LEGO® Store HKRI Taikoo Hui",
    "name_local": "乐高(太古汇店)",
    "city": "Shanghai",
    "country": "China",
    "type": "official",
    "closed_year": null,
    "address": "L242, 789 Nanjing West Road, Shanghai, China",
    "phone": "021-32035176",
    "services": "bam, pab",
    "url": "https://brickstorestamps.com/stores/store-lego-store-hkri-taikoo-hui"
   }
  },
  {
   "type": "Feature",
   "geometry": {
    "type": "Point",
    "coordinates": [
     121.47002,
     31.23127
    ]
   },
   "properties": {
    "id": "store-lego-store-i-mix-park-shanghai",
    "name": "LEGO® Store I Mix Park",
    "name_local": "LEGO",
    "city": "Shanghai",
    "country": "China",
    "type": "official",
    "closed_year": null,
    "address": "102, Lane 1111 Hutai Road,, Shanghai, China",
    "phone": "021-56720517",
    "services": null,
    "url": "https://brickstorestamps.com/stores/store-lego-store-i-mix-park-shanghai"
   }
  },
  {
   "type": "Feature",
   "geometry": {
    "type": "Point",
    "coordinates": [
     121.4691,
     31.23234
    ]
   },
   "properties": {
    "id": "store-lego-store-joy-city",
    "name": "LEGO® Store Joy City",
    "name_local": null,
    "city": "Shanghai",
    "country": "China",
    "type": "official",
    "closed_year": null,
    "address": null,
    "phone": null,
    "services": "bam, pab",
    "url": "https://brickstorestamps.com/stores/store-lego-store-joy-city"
   }
  },
  {
   "type": "Feature",
   "geometry": {
    "type": "Point",
    "coordinates": [
     121.4691,
     31.23234
    ]
   },
   "properties": {
    "id": "store-lego-store-kerry-parkside",
    "name": "LEGO® Store Kerry Parkside",
    "name_local": "浦东嘉里城",
    "city": "Shanghai",
    "country": "China",
    "type": "official",
    "closed_year": null,
    "address": "B1-119A, 1378 Huamu Road, Shanghai, China",
    "phone": "021-50207752",
    "services": "bam, pab",
    "url": "https://brickstorestamps.com/stores/store-lego-store-kerry-parkside"
   }
  },
  {
   "type": "Feature",
   "geometry": {
    "type": "Point",
    "coordinates": [
     121.4691,
     31.23234
    ]
   },
   "properties": {
    "id": "store-lego-store-l-mall",
    "name": "LEGO® Store L+Mall",
    "name_local": null,
    "city": "Shanghai",
    "country": "China",
    "type": "official",
    "closed_year": null,
    "address": "L512, 655 Shangcheng Road,, Shanghai, China",
    "phone": "021-50611359",
    "services": "bam, pab",
    "url": "https://brickstorestamps.com/stores/store-lego-store-l-mall"
   }
  },
  {
   "type": "Feature",
   "geometry": {
    "type": "Point",
    "coordinates": [
     121.4691,
     31.23234
    ]
   },
   "properties": {
    "id": "store-lego-store-one-itc",
    "name": "LEGO® Store One ITC",
    "name_local": null,
    "city": "Shanghai",
    "country": "China",
    "type": "official",
    "closed_year": null,
    "address": null,
    "phone": "021-64282916",
    "services": "bam, pab",
    "url": "https://brickstorestamps.com/stores/store-lego-store-one-itc"
   }
  },
  {
   "type": "Feature",
   "geometry": {
    "type": "Point",
    "coordinates": [
     121.4691,
     31.23234
    ]
   },
   "properties": {
    "id": "store-lego-store-people-s-square-shanghai",
    "name": "LEGO® Store People's Square Shanghai",
    "name_local": null,
    "city": "Shanghai",
    "country": "China",
    "type": "official",
    "closed_year": null,
    "address": "829 East Nanjing Rd, Shanghai 200000, China",
    "phone": null,
    "services": "bam, mosaic_maker, pab",
    "url": "https://brickstorestamps.com/stores/store-lego-store-people-s-square-shanghai"
   }
  },
  {
   "type": "Feature",
   "geometry": {
    "type": "Point",
    "coordinates": [
     121.4691,
     31.23234
    ]
   },
   "properties": {
    "id": "store-lego-store-qibao-vanke-mall",
    "name": "LEGO® Store Qibao Vanke Mall",
    "name_local": null,
    "city": "Shanghai",
    "country": "China",
    "type": "official",
    "closed_year": null,
    "address": "3366 Caobao Road,, Shanghai, China",
    "phone": "021-33582229",
    "services": "bam, pab",
    "url": "https://brickstorestamps.com/stores/store-lego-store-qibao-vanke-mall"
   }
  },
  {
   "type": "Feature",
   "geometry": {
    "type": "Point",
    "coordinates": [
     121.5265,
     31.23
    ]
   },
   "properties": {
    "id": "store-lego-store-shanghai-bailian-century",
    "name": "LEGO® Store Shanghai Bailian Century",
    "name_local": "乐高(百联世纪购物中心店)",
    "city": "Shanghai",
    "country": "China",
    "type": "official",
    "closed_year": null,
    "address": "上海市浦东新区世纪大道1217百联世纪购物中心1层L123",
    "phone": null,
    "services": null,
    "url": "https://brickstorestamps.com/stores/store-lego-store-shanghai-bailian-century"
   }
  },
  {
   "type": "Feature",
   "geometry": {
    "type": "Point",
    "coordinates": [
     121.4822,
     31.2362
    ]
   },
   "properties": {
    "id": "store-lego-store-shanghai-century-plaza",
    "name": "LEGO® Store Shanghai Century Plaza",
    "name_local": "上海置地广场",
    "city": "Shanghai",
    "country": "China",
    "type": "official",
    "closed_year": null,
    "address": "上海市黄浦区南京东路409号",
    "phone": null,
    "services": null,
    "url": "https://brickstorestamps.com/stores/store-lego-store-shanghai-century-plaza"
   }
  },
  {
   "type": "Feature",
   "geometry": {
    "type": "Point",
    "coordinates": [
     121.4145,
     31.2163
    ]
   },
   "properties": {
    "id": "store-lego-store-shanghai-changning-raffles-city",
    "name": "LEGO® Store Shanghai Changning Raffles City",
    "name_local": "长宁来福士广场",
    "city": "Shanghai",
    "country": "China",
    "type": "official",
    "closed_year": null,
    "address": "上海市长宁区长宁路1139号",
    "phone": null,
    "services": null,
    "url": "https://brickstorestamps.com/stores/store-lego-store-shanghai-changning-raffles-city"
   }
  },
  {
   "type": "Feature",
   "geometry": {
    "type": "Point",
    "coordinates": [
     121.4462,
     31.2235
    ]
   },
   "properties": {
    "id": "store-lego-store-shanghai-daewoo-jiuguang",
    "name": "LEGO® Store Shanghai Daewoo Jiuguang",
    "name_local": "乐高(久光百货店)",
    "city": "Shanghai",
    "country": "China",
    "type": "official",
    "closed_year": null,
    "address": "上海市静安区南京西路1618号久光百货(上海店)6层",
    "phone": null,
    "services": null,
    "url": "https://brickstorestamps.com/stores/store-lego-store-shanghai-daewoo-jiuguang"
   }
  },
  {
   "type": "Feature",
   "geometry": {
    "type": "Point",
    "coordinates": [
     121.7642,
     31.1968
    ]
   },
   "properties": {
    "id": "store-lego-store-shanghai-florentia-village",
    "name": "LEGO® Store Shanghai Florentia Village",
    "name_local": "佛罗伦萨小镇(上海名品奥特莱斯)",
    "city": "Shanghai",
    "country": "China",
    "type": "official",
    "closed_year": null,
    "address": "上海市浦东新区祝桥镇卓耀路58弄",
    "phone": null,
    "services": null,
    "url": "https://brickstorestamps.com/stores/store-lego-store-shanghai-florentia-village"
   }
  },
  {
   "type": "Feature",
   "geometry": {
    "type": "Point",
    "coordinates": [
     121.5647,
     31.1577
    ]
   },
   "properties": {
    "id": "store-lego-store-shanghai-forte-vanke-vitality-city",
    "name": "LEGO® Store Shanghai Forte Vanke Vitality City",
    "name_local": "乐高",
    "city": "Shanghai",
    "country": "China",
    "type": "official",
    "closed_year": null,
    "address": "上海市浦东新区沪南路2229号复地活力城南区1层",
    "phone": null,
    "services": null,
    "url": "https://brickstorestamps.com/stores/store-lego-store-shanghai-forte-vanke-vitality-city"
   }
  },
  {
   "type": "Feature",
   "geometry": {
    "type": "Point",
    "coordinates": [
     121.4078,
     31.2073
    ]
   },
   "properties": {
    "id": "store-lego-store-shanghai-hongqiao-nanfeng-city",
    "name": "LEGO® Store Shanghai Hongqiao Nanfeng City",
    "name_local": "乐高(虹桥南丰城店)",
    "city": "Shanghai",
    "country": "China",
    "type": "official",
    "closed_year": null,
    "address": "上海市长宁区遵义路100号虹桥南丰城南区L1层SU 1-L110",
    "phone": null,
    "services": null,
    "url": "https://brickstorestamps.com/stores/store-lego-store-shanghai-hongqiao-nanfeng-city"
   }
  },
  {
   "type": "Feature",
   "geometry": {
    "type": "Point",
    "coordinates": [
     121.45837,
     31.21615
    ]
   },
   "properties": {
    "id": "store-lego-store-shanghai-iapm-iapm",
    "name": "LEGO® Store Shanghai IAPM",
    "name_local": "乐高(环贸IAPM授权专卖店)",
    "city": "Shanghai",
    "country": "China",
    "type": "official",
    "closed_year": null,
    "address": "上海市徐汇区淮海中路999号环贸iapm商场B1",
    "phone": null,
    "services": null,
    "url": "https://brickstorestamps.com/stores/store-lego-store-shanghai-iapm-iapm"
   }
  },
  {
   "type": "Feature",
   "geometry": {
    "type": "Point",
    "coordinates": [
     121.449666,
     31.223713
    ]
   },
   "properties": {
    "id": "store-lego-store-shanghai-kerry-center",
    "name": "LEGO® Store Shanghai Kerry Center",
    "name_local": "乐高(静安嘉里中心北区店)",
    "city": "Shanghai",
    "country": "China",
    "type": "official",
    "closed_year": null,
    "address": "上海市静安区嘉里中心",
    "phone": null,
    "services": null,
    "url": "https://brickstorestamps.com/stores/store-lego-store-shanghai-kerry-center"
   }
  },
  {
   "type": "Feature",
   "geometry": {
    "type": "Point",
    "coordinates": [
     121.5558,
     31.2427
    ]
   },
   "properties": {
    "id": "store-lego-store-shanghai-lcm-zhihui-xuhui-plaza-lcm",
    "name": "LEGO® Store Shanghai LCM Zhihui Xuhui Plaza",
    "name_local": "乐高(上海LCM置汇旭辉广场店)",
    "city": "Shanghai",
    "country": "China",
    "type": "official",
    "closed_year": null,
    "address": "上海市浦东新区崮山路500号",
    "phone": null,
    "services": null,
    "url": "https://brickstorestamps.com/stores/store-lego-store-shanghai-lcm-zhihui-xuhui-plaza-lcm"
   }
  },
  {
   "type": "Feature",
   "geometry": {
    "type": "Point",
    "coordinates": [
     121.50293,
     31.23528
    ]
   },
   "properties": {
    "id": "store-lego-store-shanghai-lujiazui",
    "name": "LEGO® Store Shanghai Lujiazui",
    "name_local": "乐高(国金中心商场店)",
    "city": "Shanghai",
    "country": "China",
    "type": "official",
    "closed_year": null,
    "address": "上海市浦东新区世纪大道8号国金中心商场LG2-LG2-53",
    "phone": null,
    "services": null,
    "url": "https://brickstorestamps.com/stores/store-lego-store-shanghai-lujiazui"
   }
  },
  {
   "type": "Feature",
   "geometry": {
    "type": "Point",
    "coordinates": [
     121.498239,
     31.249699
    ]
   },
   "properties": {
    "id": "store-lego-store-shanghai-magnolia",
    "name": "LEGO® Store Shanghai Magnolia",
    "name_local": "乐高(上海白玉兰广场店)",
    "city": "Shanghai",
    "country": "China",
    "type": "official",
    "closed_year": null,
    "address": "上海市虹口区东长治路588号上海白玉兰广场LG1层",
    "phone": null,
    "services": null,
    "url": "https://brickstorestamps.com/stores/store-lego-store-shanghai-magnolia"
   }
  },
  {
   "type": "Feature",
   "geometry": {
    "type": "Point",
    "coordinates": [
     121.4149,
     31.0262
    ]
   },
   "properties": {
    "id": "store-lego-store-shanghai-minhang-longhu-paradise-walk",
    "name": "LEGO® Store Shanghai Minhang Longhu Paradise Walk",
    "name_local": "龙湖上海闵行天街",
    "city": "Shanghai",
    "country": "China",
    "type": "official",
    "closed_year": null,
    "address": "上海市闵行区剑川路1000号",
    "phone": null,
    "services": null,
    "url": "https://brickstorestamps.com/stores/store-lego-store-shanghai-minhang-longhu-paradise-walk"
   }
  },
  {
   "type": "Feature",
   "geometry": {
    "type": "Point",
    "coordinates": [
     121.3991,
     31.134
    ]
   },
   "properties": {
    "id": "store-lego-store-shanghai-nanfang-mall",
    "name": "LEGO® Store Shanghai Nanfang Mall",
    "name_local": "南方商城",
    "city": "Shanghai",
    "country": "China",
    "type": "official",
    "closed_year": null,
    "address": "上海市闵行区沪闵路",
    "phone": null,
    "services": null,
    "url": "https://brickstorestamps.com/stores/store-lego-store-shanghai-nanfang-mall"
   }
  },
  {
   "type": "Feature",
   "geometry": {
    "type": "Point",
    "coordinates": [
     121.49244,
     31.18476
    ]
   },
   "properties": {
    "id": "store-lego-store-shanghai-pudong-expo-source",
    "name": "LEGO® Store Shanghai Pudong Expo Source",
    "name_local": "乐高",
    "city": "Shanghai",
    "country": "China",
    "type": "official",
    "closed_year": null,
    "address": "上海市浦东新区上南路168号世博源三区B层3B35",
    "phone": null,
    "services": null,
    "url": "https://brickstorestamps.com/stores/store-lego-store-shanghai-pudong-expo-source"
   }
  },
  {
   "type": "Feature",
   "geometry": {
    "type": "Point",
    "coordinates": [
     121.2545,
     31.1778
    ]
   },
   "properties": {
    "id": "store-lego-store-shanghai-sky-city",
    "name": "LEGO® Store Shanghai Sky City",
    "name_local": "乐高(天空之城店)",
    "city": "Shanghai",
    "country": "China",
    "type": "official",
    "closed_year": null,
    "address": "上海市青浦区崧泽大道2229弄66号上海天空万科广场GF层GF-74",
    "phone": null,
    "services": null,
    "url": "https://brickstorestamps.com/stores/store-lego-store-shanghai-sky-city"
   }
  },
  {
   "type": "Feature",
   "geometry": {
    "type": "Point",
    "coordinates": [
     121.2229,
     31.0602
    ]
   },
   "properties": {
    "id": "store-lego-store-shanghai-songjiang-impression-city-lego",
    "name": "LEGO® Store Shanghai Songjiang Impression City",
    "name_local": "LEGO开新总动员(松江首店)",
    "city": "Shanghai",
    "country": "China",
    "type": "official",
    "closed_year": null,
    "address": "上海市松江区广富林路1788弄1号松江印象城1层L117",
    "phone": null,
    "services": null,
    "url": "https://brickstorestamps.com/stores/store-lego-store-shanghai-songjiang-impression-city-lego"
   }
  },
  {
   "type": "Feature",
   "geometry": {
    "type": "Point",
    "coordinates": [
     121.48175,
     31.15383
    ]
   },
   "properties": {
    "id": "store-lego-store-shanghai-taikoo-li-qiantan",
    "name": "LEGO® Store Shanghai Taikoo Li, Qiantan",
    "name_local": "上海乐高授权专卖店(前滩太古里店)",
    "city": "Shanghai",
    "country": "China",
    "type": "official",
    "closed_year": null,
    "address": "上海市浦东新区东育路500号前滩太古里木区B1层W1-B1-01号铺",
    "phone": null,
    "services": null,
    "url": "https://brickstorestamps.com/stores/store-lego-store-shanghai-taikoo-li-qiantan"
   }
  },
  {
   "type": "Feature",
   "geometry": {
    "type": "Point",
    "coordinates": [
     121.4691,
     31.23234
    ]
   },
   "properties": {
    "id": "store-lego-store-sinar-mas-plaza",
    "name": "LEGO® Store Sinar Mas Plaza",
    "name_local": null,
    "city": "Shanghai",
    "country": "China",
    "type": "official",
    "closed_year": null,
    "address": "LG1-18, 501 East Daming Road,, Shanghai, China",
    "phone": "021-65127308",
    "services": "bam, pab",
    "url": "https://brickstorestamps.com/stores/store-lego-store-sinar-mas-plaza"
   }
  },
  {
   "type": "Feature",
   "geometry": {
    "type": "Point",
    "coordinates": [
     121.4691,
     31.23234
    ]
   },
   "properties": {
    "id": "store-lego-store-super-brand-mall",
    "name": "LEGO® Store Super Brand Mall",
    "name_local": "正大广场",
    "city": "Shanghai",
    "country": "China",
    "type": "official",
    "closed_year": null,
    "address": "168 West Lujiazui Road,, Shanghai, China",
    "phone": "021-50875150",
    "services": "bam, pab",
    "url": "https://brickstorestamps.com/stores/store-lego-store-super-brand-mall"
   }
  },
  {
   "type": "Feature",
   "geometry": {
    "type": "Point",
    "coordinates": [
     121.4691,
     31.23234
    ]
   },
   "properties": {
    "id": "store-lego-store-the-mix-c-shanghai",
    "name": "LEGO® Store The Mix C Shanghai",
    "name_local": null,
    "city": "Shanghai",
    "country": "China",
    "type": "official",
    "closed_year": null,
    "address": "1779 Wuzhong Road,, Shanghai, China",
    "phone": "021-52217616",
    "services": "bam, pab",
    "url": "https://brickstorestamps.com/stores/store-lego-store-the-mix-c-shanghai"
   }
  },
  {
   "type": "Feature",
   "geometry": {
    "type": "Point",
    "coordinates": [
     121.4691,
     31.23234
    ]
   },
   "properties": {
    "id": "store-lego-store-the-sky-mall",
    "name": "LEGO® Store The Sky Mall",
    "name_local": null,
    "city": "Shanghai",
    "country": "China",
    "type": "official",
    "closed_year": null,
    "address": "L1-43-45, 5001 Dushi Road,, Shanghai, China",
    "phone": "021-52231791",
    "services": "bam, pab",
    "url": "https://brickstorestamps.com/stores/store-lego-store-the-sky-mall"
   }
  },
  {
   "type": "Feature",
   "geometry": {
    "type": "Point",
    "coordinates": [
     121.47002,
     31.23127
    ]
   },
   "properties": {
    "id": "store-lego-store-wongtee-plaza",
    "name": "LEGO® Store Wongtee Plaza",
    "name_local": null,
    "city": "Shanghai",
    "country": "China",
    "type": "official",
    "closed_year": null,
    "address": "L2-68-69, 118 Fuhua 3rd Road,, Shanghai, China",
    "phone": "0755-82780519",
    "services": "bam, pab",
    "url": "https://brickstorestamps.com/stores/store-lego-store-wongtee-plaza"
   }
  },
  {
   "type": "Feature",
   "geometry": {
    "type": "Point",
    "coordinates": [
     121.4691,
     31.23234
    ]
   },
   "properties": {
    "id": "store-lego-store-yuqiao-wolicity",
    "name": "LEGO® Store Yuqiao Wolicity",
    "name_local": null,
    "city": "Shanghai",
    "country": "China",
    "type": "official",
    "closed_year": null,
    "address": "2419 Lunan Road, Shanghai, China",
    "phone": "021-68772105",
    "services": "bam, pab",
    "url": "https://brickstorestamps.com/stores/store-lego-store-yuqiao-wolicity"
   }
  },
  {
   "type": "Feature",
   "geometry": {
    "type": "Point",
    "coordinates": [
     121.4691,
     31.23234
    ]
   },
   "properties": {
    "id": "store-legoland-discovery-centre-shanghai",
    "name": "LEGOLAND Discovery Centre Shanghai",
    "name_local": null,
    "city": "Shanghai",
    "country": "China",
    "type": "official",
    "closed_year": null,
    "address": null,
    "phone": null,
    "services": null,
    "url": "https://brickstorestamps.com/stores/store-legoland-discovery-centre-shanghai"
   }
  },
  {
   "type": "Feature",
   "geometry": {
    "type": "Point",
    "coordinates": [
     121.4691,
     31.23234
    ]
   },
   "properties": {
    "id": "store-legoland-shanghai-they-have-stamps-for-halloween-and-christmas",
    "name": "LEGOLAND Shanghai",
    "name_local": null,
    "city": "Shanghai",
    "country": "China",
    "type": "official",
    "closed_year": null,
    "address": "Jinshan District, Shanghai, China",
    "phone": null,
    "services": "bam, pab",
    "url": "https://brickstorestamps.com/stores/store-legoland-shanghai-they-have-stamps-for-halloween-and-christmas"
   }
  },
  {
   "type": "Feature",
   "geometry": {
    "type": "Point",
    "coordinates": [
     123.42791,
     41.80261
    ]
   },
   "properties": {
    "id": "store-lego-store-joy-city-shenyang",
    "name": "LEGO® Store Joy City",
    "name_local": "乐高(沈阳大悦城店)",
    "city": "Shenyang",
    "country": "China",
    "type": "official",
    "closed_year": null,
    "address": "1F-C122/123, 10 Xiao Dong Road, Shenyang, China",
    "phone": "024-66690008",
    "services": null,
    "url": "https://brickstorestamps.com/stores/store-lego-store-joy-city-shenyang"
   }
  },
  {
   "type": "Feature",
   "geometry": {
    "type": "Point",
    "coordinates": [
     123.4581,
     41.8343
    ]
   },
   "properties": {
    "id": "store-lego-store-shenyang-huanggu-mixc",
    "name": "LEGO® Store Shenyang Huanggu MixC",
    "name_local": "乐高(沈阳皇姑万象汇店)",
    "city": "Shenyang",
    "country": "China",
    "type": "official",
    "closed_year": null,
    "address": "沈阳市皇姑区崇山东路18号皇姑万象汇1层L143",
    "phone": null,
    "services": null,
    "url": "https://brickstorestamps.com/stores/store-lego-store-shenyang-huanggu-mixc"
   }
  },
  {
   "type": "Feature",
   "geometry": {
    "type": "Point",
    "coordinates": [
     123.4179,
     41.8712
    ]
   },
   "properties": {
    "id": "store-lego-store-shenyang-huanggu-vientiane-plaza",
    "name": "LEGO® Store Shenyang Huanggu Vientiane Plaza",
    "name_local": "沈阳三台子万象汇",
    "city": "Shenyang",
    "country": "China",
    "type": "official",
    "closed_year": null,
    "address": "沈阳市皇姑区黄河北大街33号",
    "phone": null,
    "services": null,
    "url": "https://brickstorestamps.com/stores/store-lego-store-shenyang-huanggu-vientiane-plaza"
   }
  },
  {
   "type": "Feature",
   "geometry": {
    "type": "Point",
    "coordinates": [
     123.4346,
     41.7765
    ]
   },
   "properties": {
    "id": "store-lego-store-shenyang-mixc-mall",
    "name": "LEGO® Store Shenyang MixC Mall",
    "name_local": "沈阳万象城",
    "city": "Shenyang",
    "country": "China",
    "type": "official",
    "closed_year": null,
    "address": "沈阳市和平区青年大街288号",
    "phone": null,
    "services": null,
    "url": "https://brickstorestamps.com/stores/store-lego-store-shenyang-mixc-mall"
   }
  },
  {
   "type": "Feature",
   "geometry": {
    "type": "Point",
    "coordinates": [
     123.42791,
     41.80261
    ]
   },
   "properties": {
    "id": "store-lego-store-the-mix-c-one-shenyang",
    "name": "LEGO® Store The Mix C One",
    "name_local": "华润·万象汇(铁西)",
    "city": "Shenyang",
    "country": "China",
    "type": "official",
    "closed_year": null,
    "address": "L185, 158 East Jianshe Road,, Shenyang, China",
    "phone": "024-66690007",
    "services": null,
    "url": "https://brickstorestamps.com/stores/store-lego-store-the-mix-c-one-shenyang"
   }
  },
  {
   "type": "Feature",
   "geometry": {
    "type": "Point",
    "coordinates": [
     123.42791,
     41.80261
    ]
   },
   "properties": {
    "id": "store-lego-store-the-mix-c-shenyang",
    "name": "LEGO® Store The Mix C Shenyang",
    "name_local": null,
    "city": "Shenyang",
    "country": "China",
    "type": "official",
    "closed_year": null,
    "address": null,
    "phone": "024-62760005",
    "services": "bam, pab",
    "url": "https://brickstorestamps.com/stores/store-lego-store-the-mix-c-shenyang"
   }
  },
  {
   "type": "Feature",
   "geometry": {
    "type": "Point",
    "coordinates": [
     123.42791,
     41.80261
    ]
   },
   "properties": {
    "id": "store-lego-store-zhongxing-department-store",
    "name": "LEGO® Store Zhongxing Department Store",
    "name_local": null,
    "city": "Shenyang",
    "country": "China",
    "type": "official",
    "closed_year": null,
    "address": "701-702,7F,86 Taiyuan N. Road, Shenyang, China",
    "phone": "024-66687755",
    "services": "bam, pab",
    "url": "https://brickstorestamps.com/stores/store-lego-store-zhongxing-department-store"
   }
  },
  {
   "type": "Feature",
   "geometry": {
    "type": "Point",
    "coordinates": [
     123.42791,
     41.80261
    ]
   },
   "properties": {
    "id": "store-legoland-discovery-center-shenyang",
    "name": "LEGOLAND Discovery Center Shenyang",
    "name_local": null,
    "city": "Shenyang",
    "country": "China",
    "type": "official",
    "closed_year": null,
    "address": null,
    "phone": null,
    "services": null,
    "url": "https://brickstorestamps.com/stores/store-legoland-discovery-center-shenyang"
   }
  },
  {
   "type": "Feature",
   "geometry": {
    "type": "Point",
    "coordinates": [
     114.05454,
     22.54457
    ]
   },
   "properties": {
    "id": "store-lego-store-coco-park",
    "name": "LEGO® Store Coco Park",
    "name_local": null,
    "city": "Shenzhen",
    "country": "China",
    "type": "official",
    "closed_year": null,
    "address": "L2-041 Coco Park, Wuhe Avenue,, Shenzhen, China",
    "phone": "0755-28715664",
    "services": "bam, pab",
    "url": "https://brickstorestamps.com/stores/store-lego-store-coco-park"
   }
  },
  {
   "type": "Feature",
   "geometry": {
    "type": "Point",
    "coordinates": [
     114.05454,
     22.54457
    ]
   },
   "properties": {
    "id": "store-lego-store-haiya-mega-mall",
    "name": "LEGO® Store HaiYa Mega Mall",
    "name_local": null,
    "city": "Shenzhen",
    "country": "China",
    "type": "official",
    "closed_year": null,
    "address": "No. 99, Jian'an 1st Road,, Shenzhen, China",
    "phone": "0755-86662572",
    "services": "bam, pab",
    "url": "https://brickstorestamps.com/stores/store-lego-store-haiya-mega-mall"
   }
  },
  {
   "type": "Feature",
   "geometry": {
    "type": "Point",
    "coordinates": [
     114.05454,
     22.54457
    ]
   },
   "properties": {
    "id": "store-lego-store-mh-mall",
    "name": "LEGO® Store MH Mall",
    "name_local": null,
    "city": "Shenzhen",
    "country": "China",
    "type": "official",
    "closed_year": null,
    "address": "8 Golf Boulevard, Shenzhen, China",
    "phone": "18925267469",
    "services": "bam, pab",
    "url": "https://brickstorestamps.com/stores/store-lego-store-mh-mall"
   }
  },
  {
   "type": "Feature",
   "geometry": {
    "type": "Point",
    "coordinates": [
     114.05454,
     22.54457
    ]
   },
   "properties": {
    "id": "store-lego-store-o-plaza",
    "name": "LEGO® Store O'plaza",
    "name_local": null,
    "city": "Shenzhen",
    "country": "China",
    "type": "official",
    "closed_year": null,
    "address": "L-052-053, 2008 Binhai Avenue,, Shenzhen, China",
    "phone": "0755-86662572",
    "services": "bam, pab",
    "url": "https://brickstorestamps.com/stores/store-lego-store-o-plaza"
   }
  },
  {
   "type": "Feature",
   "geometry": {
    "type": "Point",
    "coordinates": [
     114.05454,
     22.54457
    ]
   },
   "properties": {
    "id": "store-lego-store-raffles-city-shenzhen",
    "name": "LEGO® Store Raffles City Shenzhen",
    "name_local": null,
    "city": "Shenzhen",
    "country": "China",
    "type": "official",
    "closed_year": null,
    "address": "No. 2163 Nanhai Avenue,, Shenzhen, China",
    "phone": "15602217518",
    "services": "bam, pab",
    "url": "https://brickstorestamps.com/stores/store-lego-store-raffles-city-shenzhen"
   }
  },
  {
   "type": "Feature",
   "geometry": {
    "type": "Point",
    "coordinates": [
     114.083,
     22.5422
    ]
   },
   "properties": {
    "id": "store-lego-store-shenzhen",
    "name": "LEGO® Store Shenzhen",
    "name_local": "中航城君尚购物中心",
    "city": "Shenzhen",
    "country": "China",
    "type": "official",
    "closed_year": null,
    "address": "深圳市福田区华强北街道中航路1号",
    "phone": null,
    "services": null,
    "url": "https://brickstorestamps.com/stores/store-lego-store-shenzhen"
   }
  },
  {
   "type": "Feature",
   "geometry": {
    "type": "Point",
    "coordinates": [
     113.9362,
     22.5166
    ]
   },
   "properties": {
    "id": "store-lego-store-shenzhen-coast-dongchao-lego",
    "name": "LEGO® Store Shenzhen Coast Dongchao",
    "name_local": "乐高LEGO(海岸城店)",
    "city": "Shenzhen",
    "country": "China",
    "type": "official",
    "closed_year": null,
    "address": "深圳市南山区海岸城购物中心东区",
    "phone": null,
    "services": null,
    "url": "https://brickstorestamps.com/stores/store-lego-store-shenzhen-coast-dongchao-lego"
   }
  },
  {
   "type": "Feature",
   "geometry": {
    "type": "Point",
    "coordinates": [
     114.05454,
     22.54457
    ]
   },
   "properties": {
    "id": "store-lego-store-the-mix-c",
    "name": "LEGO® Store The Mix C",
    "name_local": null,
    "city": "Shenzhen",
    "country": "China",
    "type": "official",
    "closed_year": null,
    "address": null,
    "phone": null,
    "services": "bam, pab",
    "url": "https://brickstorestamps.com/stores/store-lego-store-the-mix-c"
   }
  },
  {
   "type": "Feature",
   "geometry": {
    "type": "Point",
    "coordinates": [
     114.05454,
     22.54457
    ]
   },
   "properties": {
    "id": "store-lego-store-the-mix-c-shenzhen",
    "name": "LEGO® Store The Mix C Shenzhen",
    "name_local": "乐高(万象城店)",
    "city": "Shenzhen",
    "country": "China",
    "type": "official",
    "closed_year": null,
    "address": "L465, 1881 Baoan South Road, Shenzhen, China",
    "phone": "0755-82202184",
    "services": "bam, pab",
    "url": "https://brickstorestamps.com/stores/store-lego-store-the-mix-c-shenzhen"
   }
  },
  {
   "type": "Feature",
   "geometry": {
    "type": "Point",
    "coordinates": [
     114.05454,
     22.54457
    ]
   },
   "properties": {
    "id": "store-lego-store-the-mix-c-world",
    "name": "LEGO® Store The Mix C World",
    "name_local": "深圳万象天地",
    "city": "Shenzhen",
    "country": "China",
    "type": "official",
    "closed_year": null,
    "address": "SL325, 9668 Shennan Boulevard, Shenzhen, China",
    "phone": "0755-22678480",
    "services": "bam, pab",
    "url": "https://brickstorestamps.com/stores/store-lego-store-the-mix-c-world"
   }
  },
  {
   "type": "Feature",
   "geometry": {
    "type": "Point",
    "coordinates": [
     114.05454,
     22.54457
    ]
   },
   "properties": {
    "id": "store-lego-store-uniwalk",
    "name": "LEGO® Store Uniwalk",
    "name_local": null,
    "city": "Shenzhen",
    "country": "China",
    "type": "official",
    "closed_year": null,
    "address": "L1-109, 99 Xinhu Road,, Shenzhen, China",
    "phone": "0755-23504525",
    "services": "bam, pab",
    "url": "https://brickstorestamps.com/stores/store-lego-store-uniwalk"
   }
  },
  {
   "type": "Feature",
   "geometry": {
    "type": "Point",
    "coordinates": [
     114.05454,
     22.54457
    ]
   },
   "properties": {
    "id": "store-lego-store-upper-hills",
    "name": "LEGO® Store Upper Hills",
    "name_local": null,
    "city": "Shenzhen",
    "country": "China",
    "type": "official",
    "closed_year": null,
    "address": "L1-120C, 5001 Huanggang Road,, Shenzhen, China",
    "phone": "0755-23944462",
    "services": "bam, pab",
    "url": "https://brickstorestamps.com/stores/store-lego-store-upper-hills"
   }
  },
  {
   "type": "Feature",
   "geometry": {
    "type": "Point",
    "coordinates": [
     114.50884,
     38.04297
    ]
   },
   "properties": {
    "id": "store-lego-store-beiguo-shijiazhuang",
    "name": "LEGO® Store Beiguo Shijiazhuang",
    "name_local": null,
    "city": "Shijiazhuang",
    "country": "China",
    "type": "official",
    "closed_year": null,
    "address": null,
    "phone": "0311-85260341",
    "services": "bam, pab",
    "url": "https://brickstorestamps.com/stores/store-lego-store-beiguo-shijiazhuang"
   }
  },
  {
   "type": "Feature",
   "geometry": {
    "type": "Point",
    "coordinates": [
     114.50884,
     38.04297
    ]
   },
   "properties": {
    "id": "store-lego-store-the-mix-c-shijiazhuang",
    "name": "LEGO® Store The Mix C Shijiazhuang",
    "name_local": null,
    "city": "Shijiazhuang",
    "country": "China",
    "type": "official",
    "closed_year": null,
    "address": "No.108 Zhongshangxi Road, Shijiazhuang, China",
    "phone": "0311-85330388",
    "services": "bam, pab",
    "url": "https://brickstorestamps.com/stores/store-lego-store-the-mix-c-shijiazhuang"
   }
  },
  {
   "type": "Feature",
   "geometry": {
    "type": "Point",
    "coordinates": [
     120.62129,
     31.31112
    ]
   },
   "properties": {
    "id": "store-lego-store-sip-sports-plaza",
    "name": "LEGO® Store SIP Sports Plaza",
    "name_local": null,
    "city": "Suzhou",
    "country": "China",
    "type": "official",
    "closed_year": null,
    "address": "L1-14-15-16B, 999 Zhongxin Ave, Suzhou, China",
    "phone": "0512-67223580",
    "services": "bam, pab",
    "url": "https://brickstorestamps.com/stores/store-lego-store-sip-sports-plaza"
   }
  },
  {
   "type": "Feature",
   "geometry": {
    "type": "Point",
    "coordinates": [
     120.62129,
     31.31112
    ]
   },
   "properties": {
    "id": "store-lego-store-suzhou-center",
    "name": "LEGO® Store Suzhou Center",
    "name_local": "乐高(苏州中心商场店)",
    "city": "Suzhou",
    "country": "China",
    "type": "official",
    "closed_year": null,
    "address": "Suxiu Road,, Suzhou, China",
    "phone": "0512-67225373",
    "services": "bam, pab",
    "url": "https://brickstorestamps.com/stores/store-lego-store-suzhou-center"
   }
  },
  {
   "type": "Feature",
   "geometry": {
    "type": "Point",
    "coordinates": [
     112.563,
     37.8164
    ]
   },
   "properties": {
    "id": "store-lego-store-park-taiyuan-north-america-new-world",
    "name": "LEGO® Store Park Taiyuan North America New World",
    "name_local": "乐高(北美新天地时尚中心店)",
    "city": "Taiyuan",
    "country": "China",
    "type": "official",
    "closed_year": null,
    "address": "太原市小店区长风街116号",
    "phone": null,
    "services": null,
    "url": "https://brickstorestamps.com/stores/store-lego-store-park-taiyuan-north-america-new-world"
   }
  },
  {
   "type": "Feature",
   "geometry": {
    "type": "Point",
    "coordinates": [
     112.5088,
     37.8569
    ]
   },
   "properties": {
    "id": "store-lego-store-park-taiyuan-times-city",
    "name": "LEGO® Store Park Taiyuan Times City",
    "name_local": "乐高(公元时代城店)",
    "city": "Taiyuan",
    "country": "China",
    "type": "official",
    "closed_year": null,
    "address": "太原市万柏林区迎泽西大街120号公元时代城1号楼",
    "phone": null,
    "services": null,
    "url": "https://brickstorestamps.com/stores/store-lego-store-park-taiyuan-times-city"
   }
  },
  {
   "type": "Feature",
   "geometry": {
    "type": "Point",
    "coordinates": [
     112.5606,
     37.884
    ]
   },
   "properties": {
    "id": "store-lego-store-taiyuan-longhu-wanda-plaza",
    "name": "LEGO® Store Taiyuan Longhu Wanda Plaza",
    "name_local": "太原龙湖万达广场",
    "city": "Taiyuan",
    "country": "China",
    "type": "official",
    "closed_year": null,
    "address": "太原市杏花岭区城坊街与解放路交汇处",
    "phone": null,
    "services": null,
    "url": "https://brickstorestamps.com/stores/store-lego-store-taiyuan-longhu-wanda-plaza"
   }
  },
  {
   "type": "Feature",
   "geometry": {
    "type": "Point",
    "coordinates": [
     112.5658,
     37.8239
    ]
   },
   "properties": {
    "id": "store-lego-store-taiyuan-maoye-tiandi-qinxian-north-street",
    "name": "LEGO® Store Taiyuan Maoye Tiandi, Qinxian North Street",
    "name_local": "乐高授权专卖店(太原茂业天地店)",
    "city": "Taiyuan",
    "country": "China",
    "type": "official",
    "closed_year": null,
    "address": "太原市小店区营盘街道亲贤北街茂业天地一期1层",
    "phone": null,
    "services": null,
    "url": "https://brickstorestamps.com/stores/store-lego-store-taiyuan-maoye-tiandi-qinxian-north-street"
   }
  },
  {
   "type": "Feature",
   "geometry": {
    "type": "Point",
    "coordinates": [
     118.17387,
     39.6296
    ]
   },
   "properties": {
    "id": "store-lego-store-aegean-sea-tangshan",
    "name": "LEGO® Store Aegean Sea Tangshan",
    "name_local": null,
    "city": "Tangshan",
    "country": "China",
    "type": "official",
    "closed_year": null,
    "address": "127 Fengchengguomao,, Tangshan, China",
    "phone": "0315-5903188",
    "services": "bam, pab",
    "url": "https://brickstorestamps.com/stores/store-lego-store-aegean-sea-tangshan"
   }
  },
  {
   "type": "Feature",
   "geometry": {
    "type": "Point",
    "coordinates": [
     117.19575,
     39.08441
    ]
   },
   "properties": {
    "id": "store-lego-store-luneng-city-center-plaza",
    "name": "LEGO® Store Luneng City Center Plaza",
    "name_local": null,
    "city": "Tianjin",
    "country": "China",
    "type": "official",
    "closed_year": null,
    "address": "1F-09-10 Luneng City Center Pl, Tianjin, China",
    "phone": "022-23351850",
    "services": "bam, pab",
    "url": "https://brickstorestamps.com/stores/store-lego-store-luneng-city-center-plaza"
   }
  },
  {
   "type": "Feature",
   "geometry": {
    "type": "Point",
    "coordinates": [
     117.19575,
     39.08441
    ]
   },
   "properties": {
    "id": "store-lego-store-nankai-joy-city",
    "name": "LEGO® Store Nankai Joy City",
    "name_local": null,
    "city": "Tianjin",
    "country": "China",
    "type": "official",
    "closed_year": null,
    "address": "2F-A8A, 6, Nanmen Outer Street, Tianjin, China",
    "phone": "022-58107671",
    "services": "bam, pab",
    "url": "https://brickstorestamps.com/stores/store-lego-store-nankai-joy-city"
   }
  },
  {
   "type": "Feature",
   "geometry": {
    "type": "Point",
    "coordinates": [
     117.19575,
     39.08441
    ]
   },
   "properties": {
    "id": "store-lego-store-riverside-66",
    "name": "LEGO® Store Riverside 66",
    "name_local": null,
    "city": "Tianjin",
    "country": "China",
    "type": "official",
    "closed_year": null,
    "address": "F1-1012A Riverside 66,, Tianjin, China",
    "phone": "022-27242855",
    "services": "bam, pab",
    "url": "https://brickstorestamps.com/stores/store-lego-store-riverside-66"
   }
  },
  {
   "type": "Feature",
   "geometry": {
    "type": "Point",
    "coordinates": [
     117.1985,
     39.128
    ]
   },
   "properties": {
    "id": "store-lego-store-tianjin-henglong",
    "name": "LEGO® Store Tianjin Henglong",
    "name_local": "乐高(天津恒隆广场店)",
    "city": "Tianjin",
    "country": "China",
    "type": "official",
    "closed_year": null,
    "address": "天津市和平区张自忠路158号",
    "phone": null,
    "services": null,
    "url": "https://brickstorestamps.com/stores/store-lego-store-tianjin-henglong"
   }
  },
  {
   "type": "Feature",
   "geometry": {
    "type": "Point",
    "coordinates": [
     117.2035,
     39.1276
    ]
   },
   "properties": {
    "id": "store-lego-store-tianjin-tianhecheng",
    "name": "LEGO® Store Tianjin Tianhecheng",
    "name_local": "天津天河城购物中心",
    "city": "Tianjin",
    "country": "China",
    "type": "official",
    "closed_year": null,
    "address": "天津市和平区南京路263号",
    "phone": null,
    "services": null,
    "url": "https://brickstorestamps.com/stores/store-lego-store-tianjin-tianhecheng"
   }
  },
  {
   "type": "Feature",
   "geometry": {
    "type": "Point",
    "coordinates": [
     120.65927,
     28.01701
    ]
   },
   "properties": {
    "id": "store-lego-store-mingcheng-plaza",
    "name": "LEGO® Store Mingcheng Plaza",
    "name_local": null,
    "city": "Wenzhou",
    "country": "China",
    "type": "official",
    "closed_year": null,
    "address": "B1007, 163 Gongyuan Road, Wenzhou, China",
    "phone": "0577-86001180",
    "services": "bam, pab",
    "url": "https://brickstorestamps.com/stores/store-lego-store-mingcheng-plaza"
   }
  },
  {
   "type": "Feature",
   "geometry": {
    "type": "Point",
    "coordinates": [
     120.69535,
     27.99639
    ]
   },
   "properties": {
    "id": "store-lego-store-the-mix-c-wenzhou",
    "name": "LEGO® Store The Mix C Wenzhou",
    "name_local": "乐高(万象城店)",
    "city": "Wenzhou",
    "country": "China",
    "type": "official",
    "closed_year": null,
    "address": "999 Wenrui Avenue,, Wenzhou, China",
    "phone": "0577-86687200",
    "services": "bam, pab",
    "url": "https://brickstorestamps.com/stores/store-lego-store-the-mix-c-wenzhou"
   }
  },
  {
   "type": "Feature",
   "geometry": {
    "type": "Point",
    "coordinates": [
     114.29212,
     30.57889
    ]
   },
   "properties": {
    "id": "store-lego-store-han-street",
    "name": "LEGO® Store Han Street",
    "name_local": null,
    "city": "Wuhan",
    "country": "China",
    "type": "official",
    "closed_year": null,
    "address": "J2-5-37/38A,1st St ChuheHan St, Wuhan, China",
    "phone": "027-87338806",
    "services": "bam, pab",
    "url": "https://brickstorestamps.com/stores/store-lego-store-han-street"
   }
  },
  {
   "type": "Feature",
   "geometry": {
    "type": "Point",
    "coordinates": [
     114.29212,
     30.57889
    ]
   },
   "properties": {
    "id": "store-lego-store-international-plaza-wuhan",
    "name": "LEGO® Store International Plaza",
    "name_local": null,
    "city": "Wuhan",
    "country": "China",
    "type": "official",
    "closed_year": null,
    "address": "C5-15, 688 Jiefang Boulevard,, Wuhan, China",
    "phone": "027-85577906",
    "services": null,
    "url": "https://brickstorestamps.com/stores/store-lego-store-international-plaza-wuhan"
   }
  },
  {
   "type": "Feature",
   "geometry": {
    "type": "Point",
    "coordinates": [
     114.29212,
     30.57889
    ]
   },
   "properties": {
    "id": "store-lego-store-jinyintan-aeon-mall-wuhan",
    "name": "LEGO® Store JinYinTan Aeon Mall Wuhan",
    "name_local": null,
    "city": "Wuhan",
    "country": "China",
    "type": "official",
    "closed_year": null,
    "address": "JiangJun Road,, Wuhan, China",
    "phone": "13926596064",
    "services": "bam, pab",
    "url": "https://brickstorestamps.com/stores/store-lego-store-jinyintan-aeon-mall-wuhan"
   }
  },
  {
   "type": "Feature",
   "geometry": {
    "type": "Point",
    "coordinates": [
     114.29212,
     30.57889
    ]
   },
   "properties": {
    "id": "store-lego-store-lingjiaohu-wanda-plaza",
    "name": "LEGO® Store Lingjiaohu Wanda Plaza",
    "name_local": null,
    "city": "Wuhan",
    "country": "China",
    "type": "official",
    "closed_year": null,
    "address": "5 Tangjiadun Road, Wuhan, China",
    "phone": "027-85559535",
    "services": "bam, pab",
    "url": "https://brickstorestamps.com/stores/store-lego-store-lingjiaohu-wanda-plaza"
   }
  },
  {
   "type": "Feature",
   "geometry": {
    "type": "Point",
    "coordinates": [
     114.29212,
     30.57889
    ]
   },
   "properties": {
    "id": "store-lego-store-tiandi-horizon-shopping-center",
    "name": "LEGO® Store Tiandi Horizon Shopping Center",
    "name_local": "乐高(壹方购物中心店)",
    "city": "Wuhan",
    "country": "China",
    "type": "official",
    "closed_year": null,
    "address": "L2-A123 No 1515 Zhongshan St., Wuhan, China",
    "phone": "027-82295585",
    "services": "bam, pab",
    "url": "https://brickstorestamps.com/stores/store-lego-store-tiandi-horizon-shopping-center"
   }
  },
  {
   "type": "Feature",
   "geometry": {
    "type": "Point",
    "coordinates": [
     114.29212,
     30.57889
    ]
   },
   "properties": {
    "id": "store-lego-store-wuhan-livat-center",
    "name": "LEGO® Store Wuhan Livat Center",
    "name_local": null,
    "city": "Wuhan",
    "country": "China",
    "type": "official",
    "closed_year": null,
    "address": "2 Bihu Road, Livat Center,, Wuhan, China",
    "phone": "027-83895851",
    "services": "bam, pab",
    "url": "https://brickstorestamps.com/stores/store-lego-store-wuhan-livat-center"
   }
  },
  {
   "type": "Feature",
   "geometry": {
    "type": "Point",
    "coordinates": [
     114.29212,
     30.57889
    ]
   },
   "properties": {
    "id": "store-lego-store-zhongyuan-mall",
    "name": "LEGO® Store Zhongyuan Mall",
    "name_local": null,
    "city": "Wuhan",
    "country": "China",
    "type": "official",
    "closed_year": null,
    "address": "Zhongyuan Mall,, Wuhan, China",
    "phone": "17354437794",
    "services": "bam, pab",
    "url": "https://brickstorestamps.com/stores/store-lego-store-zhongyuan-mall"
   }
  },
  {
   "type": "Feature",
   "geometry": {
    "type": "Point",
    "coordinates": [
     118.42775,
     31.35361
    ]
   },
   "properties": {
    "id": "store-lego-store-wuhu-yaohan",
    "name": "LEGO® Store Wuhu yaohan",
    "name_local": null,
    "city": "Wuhu",
    "country": "China",
    "type": "official",
    "closed_year": null,
    "address": "35-31, Zhongshan North Road,, Wuhu, China",
    "phone": "0553—2931802",
    "services": "bam, pab",
    "url": "https://brickstorestamps.com/stores/store-lego-store-wuhu-yaohan"
   }
  },
  {
   "type": "Feature",
   "geometry": {
    "type": "Point",
    "coordinates": [
     120.29528,
     31.57766
    ]
   },
   "properties": {
    "id": "store-lego-store-binhu-wanda-plaza",
    "name": "LEGO® Store Binhu Wanda Plaza",
    "name_local": null,
    "city": "Wuxi",
    "country": "China",
    "type": "official",
    "closed_year": null,
    "address": "F1-02, 35 Liangxi Road,, Wuxi, China",
    "phone": "0510-85808089",
    "services": "bam, pab",
    "url": "https://brickstorestamps.com/stores/store-lego-store-binhu-wanda-plaza"
   }
  },
  {
   "type": "Feature",
   "geometry": {
    "type": "Point",
    "coordinates": [
     120.29528,
     31.57766
    ]
   },
   "properties": {
    "id": "store-lego-store-livat-wuxi",
    "name": "LEGO® Store Livat Wuxi",
    "name_local": "荟聚(锡山)",
    "city": "Wuxi",
    "country": "China",
    "type": "official",
    "closed_year": null,
    "address": "2-11-14A, 3 Middle Tuanjie Rd, Wuxi, China",
    "phone": "0510-88250205",
    "services": "bam, pab",
    "url": "https://brickstorestamps.com/stores/store-lego-store-livat-wuxi"
   }
  },
  {
   "type": "Feature",
   "geometry": {
    "type": "Point",
    "coordinates": [
     120.29528,
     31.57766
    ]
   },
   "properties": {
    "id": "store-lego-store-the-mix-c-wuxi",
    "name": "LEGO® Store The Mix C Wuxi",
    "name_local": null,
    "city": "Wuxi",
    "country": "China",
    "type": "official",
    "closed_year": null,
    "address": "99 Jinshi road, Wuxi, Wuxi, China",
    "phone": "0510-85858089",
    "services": "bam, pab",
    "url": "https://brickstorestamps.com/stores/store-lego-store-the-mix-c-wuxi"
   }
  },
  {
   "type": "Feature",
   "geometry": {
    "type": "Point",
    "coordinates": [
     108.94234,
     34.261
    ]
   },
   "properties": {
    "id": "store-lego-beacon-store-saga-shopping-center",
    "name": "LEGO® Beacon Store Saga Shopping Center",
    "name_local": null,
    "city": "Xi'an",
    "country": "China",
    "type": "official",
    "closed_year": null,
    "address": "Saga Shopping Center, Xi'an, China",
    "phone": null,
    "services": null,
    "url": "https://brickstorestamps.com/stores/store-lego-beacon-store-saga-shopping-center"
   }
  },
  {
   "type": "Feature",
   "geometry": {
    "type": "Point",
    "coordinates": [
     108.94234,
     34.261
    ]
   },
   "properties": {
    "id": "store-lego-store-cityon-wangfujing",
    "name": "LEGO® Store CityOn Wangfujing",
    "name_local": null,
    "city": "Xi'an",
    "country": "China",
    "type": "official",
    "closed_year": null,
    "address": "NO.178, Fengcheng 7th Road, Xian, China",
    "phone": "18092403257",
    "services": "bam, pab",
    "url": "https://brickstorestamps.com/stores/store-lego-store-cityon-wangfujing"
   }
  },
  {
   "type": "Feature",
   "geometry": {
    "type": "Point",
    "coordinates": [
     108.94234,
     34.261
    ]
   },
   "properties": {
    "id": "store-lego-store-g-park-xi-an",
    "name": "LEGO® Store G Park Xi'an",
    "name_local": null,
    "city": "Xi'an",
    "country": "China",
    "type": "official",
    "closed_year": null,
    "address": "GPARK Mall,No.22,Xinghuo Road, Xi'an, China",
    "phone": "17792026921",
    "services": "bam, pab",
    "url": "https://brickstorestamps.com/stores/store-lego-store-g-park-xi-an"
   }
  },
  {
   "type": "Feature",
   "geometry": {
    "type": "Point",
    "coordinates": [
     108.94234,
     34.261
    ]
   },
   "properties": {
    "id": "store-lego-store-joycity-xi-an",
    "name": "LEGO® Store JOYCITY XI'AN",
    "name_local": "西安大悦城",
    "city": "Xi'an",
    "country": "China",
    "type": "official",
    "closed_year": null,
    "address": "No.66 Ci’en West Road, XI'AN, China",
    "phone": "2985720118",
    "services": "bam, pab",
    "url": "https://brickstorestamps.com/stores/store-lego-store-joycity-xi-an"
   }
  },
  {
   "type": "Feature",
   "geometry": {
    "type": "Point",
    "coordinates": [
     108.94234,
     34.261
    ]
   },
   "properties": {
    "id": "store-lego-store-nanmen-wangfujing",
    "name": "LEGO® Store Nanmen Wangfujing",
    "name_local": null,
    "city": "Xi'an",
    "country": "China",
    "type": "official",
    "closed_year": null,
    "address": "188 North Changan Road,, Xi'an, China",
    "phone": "15829797414",
    "services": "bam, pab",
    "url": "https://brickstorestamps.com/stores/store-lego-store-nanmen-wangfujing"
   }
  },
  {
   "type": "Feature",
   "geometry": {
    "type": "Point",
    "coordinates": [
     108.94234,
     34.261
    ]
   },
   "properties": {
    "id": "store-lego-store-yitian-holiday-galaxy",
    "name": "LEGO® Store Yitian Holiday Galaxy",
    "name_local": "乐高授权专卖店(西安益田假日世界购物中心店)",
    "city": "Xi'an",
    "country": "China",
    "type": "official",
    "closed_year": null,
    "address": "Yitian Mall, #166,Changle W Rd, Xi'an, China",
    "phone": "17792026910",
    "services": "bam, pab",
    "url": "https://brickstorestamps.com/stores/store-lego-store-yitian-holiday-galaxy"
   }
  },
  {
   "type": "Feature",
   "geometry": {
    "type": "Point",
    "coordinates": [
     108.94234,
     34.261
    ]
   },
   "properties": {
    "id": "store-lego-store-zhongda-international-shopping-mall",
    "name": "LEGO® Store Zhongda International Shopping mall",
    "name_local": null,
    "city": "Xi'an",
    "country": "China",
    "type": "official",
    "closed_year": null,
    "address": "No.72, Gaoxin Rd, Yanta Distr, Xi'an, China",
    "phone": "17392493447",
    "services": "bam, pab",
    "url": "https://brickstorestamps.com/stores/store-lego-store-zhongda-international-shopping-mall"
   }
  },
  {
   "type": "Feature",
   "geometry": {
    "type": "Point",
    "coordinates": [
     118.08535,
     24.48011
    ]
   },
   "properties": {
    "id": "store-lego-store-international-plaza",
    "name": "LEGO® Store International Plaza",
    "name_local": null,
    "city": "Xiamen",
    "country": "China",
    "type": "official",
    "closed_year": null,
    "address": null,
    "phone": null,
    "services": "bam, pab",
    "url": "https://brickstorestamps.com/stores/store-lego-store-international-plaza"
   }
  },
  {
   "type": "Feature",
   "geometry": {
    "type": "Point",
    "coordinates": [
     118.08535,
     24.48011
    ]
   },
   "properties": {
    "id": "store-lego-store-the-mix-c-xiamen",
    "name": "LEGO® Store The Mix C Xiamen",
    "name_local": null,
    "city": "Xiamen",
    "country": "China",
    "type": "official",
    "closed_year": null,
    "address": "99, Hubin East Road, Xiamen, China",
    "phone": "5520359",
    "services": "bam, pab",
    "url": "https://brickstorestamps.com/stores/store-lego-store-the-mix-c-xiamen"
   }
  },
  {
   "type": "Feature",
   "geometry": {
    "type": "Point",
    "coordinates": [
     118.1736,
     24.486
    ]
   },
   "properties": {
    "id": "store-lego-store-xiamen-baolong-one-city",
    "name": "LEGO® Store Xiamen Baolong One City",
    "name_local": "乐高(厦门宝龙一城店)",
    "city": "Xiamen",
    "country": "China",
    "type": "official",
    "closed_year": null,
    "address": "厦门市思明区金山路1号",
    "phone": null,
    "services": null,
    "url": "https://brickstorestamps.com/stores/store-lego-store-xiamen-baolong-one-city"
   }
  },
  {
   "type": "Feature",
   "geometry": {
    "type": "Point",
    "coordinates": [
     113.8464,
     34.0361
    ]
   },
   "properties": {
    "id": "store-lego-store-pangdonglai-angel-city-xuchang",
    "name": "LEGO® Store Pangdonglai Angel City Xuchang",
    "name_local": "乐高(胖东来天使城店)",
    "city": "Xuchang",
    "country": "China",
    "type": "official",
    "closed_year": null,
    "address": "许昌市魏都区建安大道与三里桥街交叉口西北180米",
    "phone": null,
    "services": null,
    "url": "https://brickstorestamps.com/stores/store-lego-store-pangdonglai-angel-city-xuchang"
   }
  },
  {
   "type": "Feature",
   "geometry": {
    "type": "Point",
    "coordinates": [
     117.19171,
     34.26517
    ]
   },
   "properties": {
    "id": "store-lego-store-suning-plaza",
    "name": "LEGO® Store Suning Plaza",
    "name_local": "徐州苏宁广场",
    "city": "Xuzhou",
    "country": "China",
    "type": "official",
    "closed_year": null,
    "address": "29 Huaihai East Road,, Xuzhou, China",
    "phone": "0516-83715070",
    "services": "bam, pab",
    "url": "https://brickstorestamps.com/stores/store-lego-store-suning-plaza"
   }
  },
  {
   "type": "Feature",
   "geometry": {
    "type": "Point",
    "coordinates": [
     120.1577,
     33.34956
    ]
   },
   "properties": {
    "id": "store-lego-store-golden-eagle-julonghu",
    "name": "LEGO® Store Golden Eagle Julonghu",
    "name_local": null,
    "city": "Yancheng",
    "country": "China",
    "type": "official",
    "closed_year": null,
    "address": "268 Jiefang Nan Lu, Yancheng, China",
    "phone": "0515-88820515",
    "services": "bam, pab",
    "url": "https://brickstorestamps.com/stores/store-lego-store-golden-eagle-julonghu"
   }
  },
  {
   "type": "Feature",
   "geometry": {
    "type": "Point",
    "coordinates": [
     119.40777,
     32.39686
    ]
   },
   "properties": {
    "id": "store-lego-store-mix-c-yangzhou",
    "name": "LEGO® Store Mix C Yangzhou",
    "name_local": null,
    "city": "Yangzhou",
    "country": "China",
    "type": "official",
    "closed_year": null,
    "address": "600 Wenchang Middle Road, Yangzhou, China",
    "phone": "0514-82181667",
    "services": "bam, pab",
    "url": "https://brickstorestamps.com/stores/store-lego-store-mix-c-yangzhou"
   }
  },
  {
   "type": "Feature",
   "geometry": {
    "type": "Point",
    "coordinates": [
     121.44253,
     37.46193
    ]
   },
   "properties": {
    "id": "store-lego-store-joycity-yantai",
    "name": "LEGO® Store Joycity Yantai",
    "name_local": null,
    "city": "Yantai",
    "country": "China",
    "type": "official",
    "closed_year": null,
    "address": "38, Joy City, No.150 Beima Rd, Yantai, China",
    "phone": "0535-6610855",
    "services": "bam, pab",
    "url": "https://brickstorestamps.com/stores/store-lego-store-joycity-yantai"
   }
  },
  {
   "type": "Feature",
   "geometry": {
    "type": "Point",
    "coordinates": [
     111.28035,
     30.69413
    ]
   },
   "properties": {
    "id": "store-lego-store-wanda-yichang",
    "name": "LEGO® Store Wanda YiChang",
    "name_local": null,
    "city": "Yichang",
    "country": "China",
    "type": "official",
    "closed_year": null,
    "address": "YanJiang Avenue,, YiChang, China",
    "phone": "0717-6274899",
    "services": "bam, pab",
    "url": "https://brickstorestamps.com/stores/store-lego-store-wanda-yichang"
   }
  },
  {
   "type": "Feature",
   "geometry": {
    "type": "Point",
    "coordinates": [
     121.15009,
     30.04031
    ]
   },
   "properties": {
    "id": "store-lego-store-colorful-city",
    "name": "LEGO® Store Colorful City",
    "name_local": "乐高(余姚五彩城店)",
    "city": "Yuyao",
    "country": "China",
    "type": "official",
    "closed_year": null,
    "address": "L133,888 Chengdong Road, Yuyao, China",
    "phone": "0574-62077277",
    "services": null,
    "url": "https://brickstorestamps.com/stores/store-lego-store-colorful-city"
   }
  },
  {
   "type": "Feature",
   "geometry": {
    "type": "Point",
    "coordinates": [
     113.61932,
     34.74725
    ]
   },
   "properties": {
    "id": "store-lego-store-cityon-wangfujing-2",
    "name": "LEGO® Store CityOn Wangfujing",
    "name_local": null,
    "city": "Zhengzhou",
    "country": "China",
    "type": "official",
    "closed_year": null,
    "address": "Dikun Street/Dide Street, Zhengzhou, China",
    "phone": "0371-61657977",
    "services": "bam, pab",
    "url": "https://brickstorestamps.com/stores/store-lego-store-cityon-wangfujing-2"
   }
  },
  {
   "type": "Feature",
   "geometry": {
    "type": "Point",
    "coordinates": [
     113.61932,
     34.74725
    ]
   },
   "properties": {
    "id": "store-lego-store-david-plaza",
    "name": "LEGO® Store David Plaza",
    "name_local": null,
    "city": "Zhengzhou",
    "country": "China",
    "type": "official",
    "closed_year": null,
    "address": "BF-37 David Plaza, Taikang Rd, Zhengzhou, China",
    "phone": "0371-63323667",
    "services": "bam, pab",
    "url": "https://brickstorestamps.com/stores/store-lego-store-david-plaza"
   }
  },
  {
   "type": "Feature",
   "geometry": {
    "type": "Point",
    "coordinates": [
     113.61932,
     34.74725
    ]
   },
   "properties": {
    "id": "store-lego-store-grand-emporium",
    "name": "LEGO® Store Grand Emporium",
    "name_local": null,
    "city": "Zhengzhou",
    "country": "China",
    "type": "official",
    "closed_year": null,
    "address": "L215, Huayuan Rd / Dongfeng Rd, Zhengzhou, China",
    "phone": "0371-66675305",
    "services": "bam, pab",
    "url": "https://brickstorestamps.com/stores/store-lego-store-grand-emporium"
   }
  },
  {
   "type": "Feature",
   "geometry": {
    "type": "Point",
    "coordinates": [
     113.61932,
     34.74725
    ]
   },
   "properties": {
    "id": "store-lego-store-yoyo-park",
    "name": "LEGO® Store YOYO PARK",
    "name_local": null,
    "city": "Zhengzhou",
    "country": "China",
    "type": "official",
    "closed_year": null,
    "address": "A1F-08/09,Guoji Rd/Fengqing Rd, Zhengzhou, China",
    "phone": "0371-61285698",
    "services": "bam, pab",
    "url": "https://brickstorestamps.com/stores/store-lego-store-yoyo-park"
   }
  },
  {
   "type": "Feature",
   "geometry": {
    "type": "Point",
    "coordinates": [
     113.7638,
     34.7651
    ]
   },
   "properties": {
    "id": "store-lego-store-zhengzhou-zhengdong-mixc",
    "name": "LEGO® Store Zhengzhou Zhengdong MixC",
    "name_local": "郑州郑东万象城",
    "city": "Zhengzhou",
    "country": "China",
    "type": "official",
    "closed_year": null,
    "address": "郑州市金水区金水东路辅路与才高街交叉口",
    "phone": null,
    "services": null,
    "url": "https://brickstorestamps.com/stores/store-lego-store-zhengzhou-zhengdong-mixc"
   }
  },
  {
   "type": "Feature",
   "geometry": {
    "type": "Point",
    "coordinates": [
     113.57213,
     22.27373
    ]
   },
   "properties": {
    "id": "store-lego-store-fuhuali-midtown",
    "name": "LEGO® Store Fuhuali Midtown",
    "name_local": null,
    "city": "Zhuhai",
    "country": "China",
    "type": "official",
    "closed_year": null,
    "address": "2023-2035 West Jiuzhou Avenue,, Zhuhai, China",
    "phone": "0756-8616525",
    "services": "bam, pab",
    "url": "https://brickstorestamps.com/stores/store-lego-store-fuhuali-midtown"
   }
  },
  {
   "type": "Feature",
   "geometry": {
    "type": "Point",
    "coordinates": [
     113.5114,
     22.2246
    ]
   },
   "properties": {
    "id": "store-lego-store-zhuhai-haufa-shangdu-lego",
    "name": "LEGO® Store Zhuhai Haufa Shangdu",
    "name_local": "LEGO乐高授权专卖店(华发商都店)",
    "city": "Zhuhai",
    "country": "China",
    "type": "official",
    "closed_year": null,
    "address": "珠海市香洲区大道华发商都B馆一层B1007A号",
    "phone": null,
    "services": null,
    "url": "https://brickstorestamps.com/stores/store-lego-store-zhuhai-haufa-shangdu-lego"
   }
  },
  {
   "type": "Feature",
   "geometry": {
    "type": "Point",
    "coordinates": [
     -74.79261,
     10.99386
    ]
   },
   "properties": {
    "id": "store-lego-store-viva-barranquilla",
    "name": "LEGO® Store Viva Barranquilla",
    "name_local": null,
    "city": "Barranquilla",
    "country": "Colombia",
    "type": "official",
    "closed_year": null,
    "address": "Cra 51B #87-50, local 205. Barranquilla, Atlántico, Colombia, Barranquilla 080015, Colombia",
    "phone": "+57 5 385 9830",
    "services": "bam, pab",
    "url": "https://brickstorestamps.com/stores/store-lego-store-viva-barranquilla"
   }
  },
  {
   "type": "Feature",
   "geometry": {
    "type": "Point",
    "coordinates": [
     -74.08363,
     4.65338
    ]
   },
   "properties": {
    "id": "store-lego-store-andino",
    "name": "LEGO® Store Andino",
    "name_local": null,
    "city": "Bogotá",
    "country": "Colombia",
    "type": "official",
    "closed_year": null,
    "address": "CC. Andino. Carrera 11 #82-71, Bogotá 1100111, Colombia",
    "phone": "+57 1 611 3266",
    "services": "bam, pab",
    "url": "https://brickstorestamps.com/stores/store-lego-store-andino"
   }
  },
  {
   "type": "Feature",
   "geometry": {
    "type": "Point",
    "coordinates": [
     -74.08363,
     4.65338
    ]
   },
   "properties": {
    "id": "store-lego-store-santafe-bogota",
    "name": "LEGO® Store Santafe Bogota",
    "name_local": null,
    "city": "Bogotá",
    "country": "Colombia",
    "type": "official",
    "closed_year": null,
    "address": "CC. Santafé. Calle 185 #45-03, Bogotá 111166, Colombia",
    "phone": "+57 1 605 0872",
    "services": "bam, pab",
    "url": "https://brickstorestamps.com/stores/store-lego-store-santafe-bogota"
   }
  },
  {
   "type": "Feature",
   "geometry": {
    "type": "Point",
    "coordinates": [
     -74.08363,
     4.65338
    ]
   },
   "properties": {
    "id": "store-lego-store-titan",
    "name": "LEGO® Store Titan",
    "name_local": null,
    "city": "Bogotá",
    "country": "Colombia",
    "type": "official",
    "closed_year": null,
    "address": "Ac 80 #80-94, Bogotá, Colombia, Bogotá 111011, Colombia",
    "phone": "+57 1 609 2967",
    "services": "bam, pab",
    "url": "https://brickstorestamps.com/stores/store-lego-store-titan"
   }
  },
  {
   "type": "Feature",
   "geometry": {
    "type": "Point",
    "coordinates": [
     -74.08363,
     4.65338
    ]
   },
   "properties": {
    "id": "store-lego-store-unicentro-bogota",
    "name": "LEGO® Store Unicentro Bogota",
    "name_local": null,
    "city": "Bogotá",
    "country": "Colombia",
    "type": "official",
    "closed_year": null,
    "address": "CC. Unicentro. Ak. 15 #124-30, Bogotá 111011, Colombia",
    "phone": "+57 300 447 5142",
    "services": "bam, pab",
    "url": "https://brickstorestamps.com/stores/store-lego-store-unicentro-bogota"
   }
  },
  {
   "type": "Feature",
   "geometry": {
    "type": "Point",
    "coordinates": [
     -76.53253,
     3.452
    ]
   },
   "properties": {
    "id": "store-lego-store-jardin-plaza",
    "name": "LEGO® Store Jardín Plaza",
    "name_local": null,
    "city": "Cali",
    "country": "Colombia",
    "type": "official",
    "closed_year": null,
    "address": "CC. Jardín Plaza. Carrera 98 #16-200, Cali 760031, Colombia",
    "phone": "+57 2 318 7488",
    "services": "bam, pab",
    "url": "https://brickstorestamps.com/stores/store-lego-store-jardin-plaza"
   }
  },
  {
   "type": "Feature",
   "geometry": {
    "type": "Point",
    "coordinates": [
     -75.58741,
     6.17013
    ]
   },
   "properties": {
    "id": "store-lego-store-viva-envigado",
    "name": "LEGO® Store Viva Envigado",
    "name_local": null,
    "city": "Envigado",
    "country": "Colombia",
    "type": "official",
    "closed_year": null,
    "address": "CC Viva. Carrera 48 #32B sur -139 local 126 piso 1, Envigado, Colombia",
    "phone": "+57 4 321 7153",
    "services": "bam, pab",
    "url": "https://brickstorestamps.com/stores/store-lego-store-viva-envigado"
   }
  },
  {
   "type": "Feature",
   "geometry": {
    "type": "Point",
    "coordinates": [
     -75.60256,
     6.26973
    ]
   },
   "properties": {
    "id": "store-lego-store-el-tesoro",
    "name": "LEGO® Store El Tesoro",
    "name_local": null,
    "city": "Medellín",
    "country": "Colombia",
    "type": "official",
    "closed_year": null,
    "address": "CC El Tesoro. Carrera 25A #1A Sur 45, Medellín 050022, Colombia",
    "phone": "+57 4 321 7153",
    "services": "bam, pab",
    "url": "https://brickstorestamps.com/stores/store-lego-store-el-tesoro"
   }
  },
  {
   "type": "Feature",
   "geometry": {
    "type": "Point",
    "coordinates": [
     -84.14096,
     9.91599
    ]
   },
   "properties": {
    "id": "store-lego-store-escazu",
    "name": "LEGO® Store Escazu",
    "name_local": null,
    "city": "Escazú",
    "country": "Costa Rica",
    "type": "official",
    "closed_year": null,
    "address": "CC. Avenida Escazu, Autopista Próspero Fernández, costado este del Hospital CIMA en Escazú, San José 10203, Costa Rica",
    "phone": "+506 2243 0253",
    "services": "bam, pab",
    "url": "https://brickstorestamps.com/stores/store-lego-store-escazu"
   }
  },
  {
   "type": "Feature",
   "geometry": {
    "type": "Point",
    "coordinates": [
     -84.11712,
     9.99843
    ]
   },
   "properties": {
    "id": "store-lego-store-oxigeno",
    "name": "LEGO® Store Oxigeno",
    "name_local": null,
    "city": "Heredia",
    "country": "Costa Rica",
    "type": "official",
    "closed_year": null,
    "address": "CC. Oxígeno, 40103, San Francisco de Heredia 40103, Costa Rica",
    "phone": "+506 2243 0254",
    "services": "bam, pab",
    "url": "https://brickstorestamps.com/stores/store-lego-store-oxigeno"
   }
  },
  {
   "type": "Feature",
   "geometry": {
    "type": "Point",
    "coordinates": [
     -84.38114,
     10.78113
    ]
   },
   "properties": {
    "id": "store-lego-store-lincoln",
    "name": "LEGO® Store Lincoln",
    "name_local": null,
    "city": "San José",
    "country": "Costa Rica",
    "type": "official",
    "closed_year": null,
    "address": "Lincoln Plaza, San Vicente M., 11401, Costa Rica",
    "phone": "+506 2243 0256",
    "services": "bam, pab",
    "url": "https://brickstorestamps.com/stores/store-lego-store-lincoln"
   }
  },
  {
   "type": "Feature",
   "geometry": {
    "type": "Point",
    "coordinates": [
     15.97728,
     45.8131
    ]
   },
   "properties": {
    "id": "store-lego-store-zagreb",
    "name": "LEGO® Store Zagreb",
    "name_local": null,
    "city": "Zagreb",
    "country": "Croatia",
    "type": "official",
    "closed_year": null,
    "address": "Ulica Vice Vukova 6, Arena Centar 1st floor, Zagreb 10020, Croatia",
    "phone": "+385 95 151 1000",
    "services": "bam, pab",
    "url": "https://brickstorestamps.com/stores/store-lego-store-zagreb"
   }
  },
  {
   "type": "Feature",
   "geometry": {
    "type": "Point",
    "coordinates": [
     14.42125,
     50.08747
    ]
   },
   "properties": {
    "id": "store-lego-store-prauge-opening-soon",
    "name": "LEGO® Store Praha",
    "name_local": null,
    "city": "Prague",
    "country": "Czechia",
    "type": "official",
    "closed_year": null,
    "address": "Na Příkopě 25, Praha 1, Praha 11000, Czechia",
    "phone": null,
    "services": "bam, pab",
    "url": "https://brickstorestamps.com/stores/store-lego-store-prauge-opening-soon"
   }
  },
  {
   "type": "Feature",
   "geometry": {
    "type": "Point",
    "coordinates": [
     14.42125,
     50.08747
    ]
   },
   "properties": {
    "id": "store-lego-store-praha-chodov",
    "name": "LEGO® Store Praha Chodov",
    "name_local": null,
    "city": "Prague",
    "country": "Czechia",
    "type": "official",
    "closed_year": null,
    "address": "Roztylská 2321/19<br/>Westfield Chodov, Praha 11 148 00, Czechia",
    "phone": "+42 0226400286",
    "services": "bam, pab",
    "url": "https://brickstorestamps.com/stores/store-lego-store-praha-chodov"
   }
  },
  {
   "type": "Feature",
   "geometry": {
    "type": "Point",
    "coordinates": [
     9.11958,
     55.7247
    ]
   },
   "properties": {
    "id": "store-lego-campus-billund",
    "name": "LEGO Campus Billund",
    "name_local": null,
    "city": "Billund",
    "country": "Denmark",
    "type": "official",
    "closed_year": null,
    "address": null,
    "phone": null,
    "services": null,
    "url": "https://brickstorestamps.com/stores/store-lego-campus-billund"
   }
  },
  {
   "type": "Feature",
   "geometry": {
    "type": "Point",
    "coordinates": [
     9.11958,
     55.7247
    ]
   },
   "properties": {
    "id": "store-lego-shop-hotel-legoland-hotel-shop",
    "name": "LEGO Shop Hotel LEGOLAND (Hotel-Shop)",
    "name_local": null,
    "city": "Billund",
    "country": "Denmark",
    "type": "official",
    "closed_year": null,
    "address": "Hotel LEGOLAND, LEGOLAND Billund Resort, Nordmarksvej 9, Billund 7190, Denmark",
    "phone": null,
    "services": null,
    "url": "https://brickstorestamps.com/stores/store-lego-shop-hotel-legoland-hotel-shop"
   }
  },
  {
   "type": "Feature",
   "geometry": {
    "type": "Point",
    "coordinates": [
     9.11958,
     55.7247
    ]
   },
   "properties": {
    "id": "store-lego-shop-legoland-woodland-village",
    "name": "LEGO Shop LEGOLAND Woodland Village",
    "name_local": null,
    "city": "Billund",
    "country": "Denmark",
    "type": "official",
    "closed_year": null,
    "address": "LEGOLAND Holiday Village, Woodland Village, Ellehammers Alle, Billund 7190, Denmark",
    "phone": null,
    "services": null,
    "url": "https://brickstorestamps.com/stores/store-lego-shop-legoland-woodland-village"
   }
  },
  {
   "type": "Feature",
   "geometry": {
    "type": "Point",
    "coordinates": [
     9.11958,
     55.7247
    ]
   },
   "properties": {
    "id": "store-lego-store-billund-airport",
    "name": "LEGO Store Billund Airport",
    "name_local": null,
    "city": "Billund",
    "country": "Denmark",
    "type": "official",
    "closed_year": null,
    "address": "Passagerterminalen 10, Billund 7190, Denmark",
    "phone": null,
    "services": null,
    "url": "https://brickstorestamps.com/stores/store-lego-store-billund-airport"
   }
  },
  {
   "type": "Feature",
   "geometry": {
    "type": "Point",
    "coordinates": [
     9.11958,
     55.7247
    ]
   },
   "properties": {
    "id": "store-lego-house-billund",
    "name": "LEGO® House Billund",
    "name_local": null,
    "city": "Billund",
    "country": "Denmark",
    "type": "official",
    "closed_year": null,
    "address": "Ole Kirks Plads 1, Billund 7190, Denmark",
    "phone": "+45 82 82 04 00",
    "services": "bam, minifigure_factory, mosaic_maker, pab",
    "url": "https://brickstorestamps.com/stores/store-lego-house-billund"
   }
  },
  {
   "type": "Feature",
   "geometry": {
    "type": "Point",
    "coordinates": [
     9.11958,
     55.7247
    ]
   },
   "properties": {
    "id": "store-lego-store-legoland-billund-resort",
    "name": "LEGO® Store LEGOLAND® Billund Resort",
    "name_local": null,
    "city": "Billund",
    "country": "Denmark",
    "type": "official",
    "closed_year": null,
    "address": "Nordmarksvej 9, Billund 7190, Denmark",
    "phone": "+4579501717",
    "services": "bam, mosaic_maker, pab",
    "url": "https://brickstorestamps.com/stores/store-lego-store-legoland-billund-resort"
   }
  },
  {
   "type": "Feature",
   "geometry": {
    "type": "Point",
    "coordinates": [
     12.57007,
     55.68672
    ]
   },
   "properties": {
    "id": "store-lego-store-copenhagen-airport-t2",
    "name": "LEGO Store Copenhagen Airport T2",
    "name_local": null,
    "city": "Copenhagen",
    "country": "Denmark",
    "type": "official",
    "closed_year": null,
    "address": null,
    "phone": null,
    "services": null,
    "url": "https://brickstorestamps.com/stores/store-lego-store-copenhagen-airport-t2"
   }
  },
  {
   "type": "Feature",
   "geometry": {
    "type": "Point",
    "coordinates": [
     12.57007,
     55.68672
    ]
   },
   "properties": {
    "id": "store-lego-store-copenhagen-airport-t3",
    "name": "LEGO Store Copenhagen Airport T3",
    "name_local": null,
    "city": "Copenhagen",
    "country": "Denmark",
    "type": "official",
    "closed_year": null,
    "address": null,
    "phone": null,
    "services": null,
    "url": "https://brickstorestamps.com/stores/store-lego-store-copenhagen-airport-t3"
   }
  },
  {
   "type": "Feature",
   "geometry": {
    "type": "Point",
    "coordinates": [
     12.57007,
     55.68672
    ]
   },
   "properties": {
    "id": "store-lego-store-k-benhavn",
    "name": "LEGO® Store København",
    "name_local": null,
    "city": "Copenhagen",
    "country": "Denmark",
    "type": "official",
    "closed_year": null,
    "address": "Vimmelskaftet 37, København 1161, Denmark",
    "phone": "+45 32755542",
    "services": "bam, pab",
    "url": "https://brickstorestamps.com/stores/store-lego-store-k-benhavn"
   }
  },
  {
   "type": "Feature",
   "geometry": {
    "type": "Point",
    "coordinates": [
     12.57007,
     55.68672
    ]
   },
   "properties": {
    "id": "store-lego-store-tivoli-gardens",
    "name": "LEGO® Store Tivoli Gardens",
    "name_local": null,
    "city": "Copenhagen",
    "country": "Denmark",
    "type": "official",
    "closed_year": null,
    "address": "Vesterbrogade 3, København 1630, Denmark",
    "phone": "+45 32755538",
    "services": "bam, minifigure_factory, pab",
    "url": "https://brickstorestamps.com/stores/store-lego-store-tivoli-gardens"
   }
  },
  {
   "type": "Feature",
   "geometry": {
    "type": "Point",
    "coordinates": [
     6.12334,
     45.90405
    ]
   },
   "properties": {
    "id": "store-lego-store-annecy",
    "name": "LEGO® Store Annecy",
    "name_local": null,
    "city": "Annecy",
    "country": "France",
    "type": "official",
    "closed_year": null,
    "address": "Centre Commercial Courrier - 65 rue Carnot., Annecy 74000, France",
    "phone": "+33 4 26 89 98 15",
    "services": null,
    "url": "https://brickstorestamps.com/stores/store-lego-store-annecy"
   }
  },
  {
   "type": "Feature",
   "geometry": {
    "type": "Point",
    "coordinates": [
     -1.55928,
     43.48325
    ]
   },
   "properties": {
    "id": "store-lego-biarritz",
    "name": "LEGO® Biarritz",
    "name_local": null,
    "city": "Biarritz",
    "country": "France",
    "type": "official",
    "closed_year": null,
    "address": "Av. Jean Léon Laporte, 64600 Anglet, Francia, Anglet 64600, France",
    "phone": "+33 188380772",
    "services": "bam, pab",
    "url": "https://brickstorestamps.com/stores/store-lego-biarritz"
   }
  },
  {
   "type": "Feature",
   "geometry": {
    "type": "Point",
    "coordinates": [
     -0.58004,
     44.84123
    ]
   },
   "properties": {
    "id": "store-lego-store-bordeaux-sainte-catherine",
    "name": "LEGO® Store Bordeaux Sainte-Catherine",
    "name_local": null,
    "city": "Bordeaux",
    "country": "France",
    "type": "official",
    "closed_year": null,
    "address": "Promenade Sainte Catherine - Rue Guiraude, Bordeaux 33000, France",
    "phone": "+33 537180053",
    "services": "bam, pab",
    "url": "https://brickstorestamps.com/stores/store-lego-store-bordeaux-sainte-catherine"
   }
  },
  {
   "type": "Feature",
   "geometry": {
    "type": "Point",
    "coordinates": [
     2.03887,
     49.05275
    ]
   },
   "properties": {
    "id": "store-lego-store-cergy",
    "name": "LEGO® Store Cergy",
    "name_local": null,
    "city": "Cergy",
    "country": "France",
    "type": "official",
    "closed_year": null,
    "address": "LES 3 FONTAINES, RUE DE LA CROIX DES MAHEUX, Cergy 95000, France",
    "phone": "+33 172 18 03 72",
    "services": "bam, pab",
    "url": "https://brickstorestamps.com/stores/store-lego-store-cergy"
   }
  },
  {
   "type": "Feature",
   "geometry": {
    "type": "Point",
    "coordinates": [
     3.08194,
     45.77746
    ]
   },
   "properties": {
    "id": "store-lego-store-clermont-ferrand",
    "name": "LEGO® Store Clermont-Ferrand",
    "name_local": null,
    "city": "Clermont-Ferrand",
    "country": "France",
    "type": "official",
    "closed_year": null,
    "address": "Centre Commercial Carré Jaude - 2 rue Giscard de la tour fondue, Clermont-Ferrand 63000, France",
    "phone": "+33 451640213",
    "services": "bam, pab",
    "url": "https://brickstorestamps.com/stores/store-lego-store-clermont-ferrand"
   }
  },
  {
   "type": "Feature",
   "geometry": {
    "type": "Point",
    "coordinates": [
     2.45307,
     48.77715
    ]
   },
   "properties": {
    "id": "store-lego-store-creteil",
    "name": "LEGO® Store Créteil",
    "name_local": null,
    "city": "Créteil",
    "country": "France",
    "type": "official",
    "closed_year": null,
    "address": "Créteil Soleil - Avenue de la France Libre, Créteil 94000, France",
    "phone": "(+33) 01 76 46 11 16",
    "services": "bam, pab",
    "url": "https://brickstorestamps.com/stores/store-lego-store-creteil"
   }
  },
  {
   "type": "Feature",
   "geometry": {
    "type": "Point",
    "coordinates": [
     5.04147,
     47.32158
    ]
   },
   "properties": {
    "id": "store-lego-store-dijon",
    "name": "LEGO® Store Dijon",
    "name_local": null,
    "city": "Dijon",
    "country": "France",
    "type": "official",
    "closed_year": null,
    "address": "Centre Commercial La Toison d'Or, Route de Langres, Dijon 21000, France",
    "phone": "+33 3 73 62 01 15",
    "services": "bam, pab",
    "url": "https://brickstorestamps.com/stores/store-lego-store-dijon"
   }
  },
  {
   "type": "Feature",
   "geometry": {
    "type": "Point",
    "coordinates": [
     5.73578,
     45.18756
    ]
   },
   "properties": {
    "id": "store-lego-store-grenoble",
    "name": "LEGO® Store Grenoble",
    "name_local": null,
    "city": "Grenoble",
    "country": "France",
    "type": "official",
    "closed_year": null,
    "address": "55 Grand Place, Grenoble 38100, France",
    "phone": "+33 48 02 80 217",
    "services": "bam, pab",
    "url": "https://brickstorestamps.com/stores/store-lego-store-grenoble"
   }
  },
  {
   "type": "Feature",
   "geometry": {
    "type": "Point",
    "coordinates": [
     0.10797,
     49.4939
    ]
   },
   "properties": {
    "id": "store-lego-store-le-havre",
    "name": "LEGO® Store Le Havre",
    "name_local": null,
    "city": "Le Havre",
    "country": "France",
    "type": "official",
    "closed_year": null,
    "address": "70 Quai Frissard, Le Havre 76600, France",
    "phone": "+33 2 78 92 01 06",
    "services": "bam, pab",
    "url": "https://brickstorestamps.com/stores/store-lego-store-le-havre"
   }
  },
  {
   "type": "Feature",
   "geometry": {
    "type": "Point",
    "coordinates": [
     2.83198,
     50.42917
    ]
   },
   "properties": {
    "id": "store-lego-store-lens",
    "name": "LEGO® Store Lens",
    "name_local": null,
    "city": "Lens",
    "country": "France",
    "type": "official",
    "closed_year": null,
    "address": "Centre commercial Aushopping Noyelles, Avenue de la République, Lens 62950, France",
    "phone": "+33 03 10 04 82 05",
    "services": "bam, pab",
    "url": "https://brickstorestamps.com/stores/store-lego-store-lens"
   }
  },
  {
   "type": "Feature",
   "geometry": {
    "type": "Point",
    "coordinates": [
     2.55148,
     48.63166
    ]
   },
   "properties": {
    "id": "store-lego-store-carre-senart",
    "name": "LEGO® Store Carré Sénart",
    "name_local": null,
    "city": "Lieusaint",
    "country": "France",
    "type": "official",
    "closed_year": null,
    "address": "3 All. du Préambule, Lieusaint, Francia, Paris 77127, France",
    "phone": null,
    "services": "bam, pab",
    "url": "https://brickstorestamps.com/stores/store-lego-store-carre-senart"
   }
  },
  {
   "type": "Feature",
   "geometry": {
    "type": "Point",
    "coordinates": [
     3.06353,
     50.63657
    ]
   },
   "properties": {
    "id": "store-lego-store-lille",
    "name": "LEGO® Store Lille",
    "name_local": null,
    "city": "Lille",
    "country": "France",
    "type": "official",
    "closed_year": null,
    "address": "Centre Commercial Euralille - 100 Avenue Willy Brandt, Lille 59800, France",
    "phone": "+33375940120",
    "services": "bam, pab",
    "url": "https://brickstorestamps.com/stores/store-lego-store-lille"
   }
  },
  {
   "type": "Feature",
   "geometry": {
    "type": "Point",
    "coordinates": [
     4.83201,
     45.75781
    ]
   },
   "properties": {
    "id": "store-lego-store-lyon-airport",
    "name": "LEGO Store Lyon Airport",
    "name_local": null,
    "city": "Lyon",
    "country": "France",
    "type": "official",
    "closed_year": null,
    "address": "Aéroport Lyon Saint-Exupéry, Terminal 1, nach der Sicherheitskontrolle, Colombier-Saugnieu 69125, France",
    "phone": null,
    "services": null,
    "url": "https://brickstorestamps.com/stores/store-lego-store-lyon-airport"
   }
  },
  {
   "type": "Feature",
   "geometry": {
    "type": "Point",
    "coordinates": [
     4.83201,
     45.75781
    ]
   },
   "properties": {
    "id": "store-lego-store-lyon-la-part-dieu",
    "name": "LEGO® Store Lyon La Part-Dieu",
    "name_local": null,
    "city": "Lyon",
    "country": "France",
    "type": "official",
    "closed_year": null,
    "address": "Centre commercial La Part Dieu - 17 Rue du Docteur Bouchut, Lyon 69003, France",
    "phone": "+33 451640226",
    "services": "bam, pab",
    "url": "https://brickstorestamps.com/stores/store-lego-store-lyon-la-part-dieu"
   }
  },
  {
   "type": "Feature",
   "geometry": {
    "type": "Point",
    "coordinates": [
     2.5989,
     48.8593
    ]
   },
   "properties": {
    "id": "store-lego-store-at-disneyland-paris",
    "name": "LEGO® Store at Disneyland® Paris",
    "name_local": null,
    "city": "Marne-la-Vallée",
    "country": "France",
    "type": "official",
    "closed_year": null,
    "address": "Euro Disneyland Paris - Disney Village - 34 Route Nationale, Chessy 77700, France",
    "phone": "+33 451 640 218",
    "services": "bam, minifigure_factory, mosaic_maker, pab",
    "url": "https://brickstorestamps.com/stores/store-lego-store-at-disneyland-paris"
   }
  },
  {
   "type": "Feature",
   "geometry": {
    "type": "Point",
    "coordinates": [
     5.37779,
     43.2964
    ]
   },
   "properties": {
    "id": "store-lego-store-marseille",
    "name": "LEGO® Store Marseille",
    "name_local": null,
    "city": "Marseille",
    "country": "France",
    "type": "official",
    "closed_year": null,
    "address": "Centre Commercial Les Terrasses du Port - 9 Quai du Lazaret, Marseille 13002, France",
    "phone": "+33 159020498",
    "services": "bam, pab",
    "url": "https://brickstorestamps.com/stores/store-lego-store-marseille"
   }
  },
  {
   "type": "Feature",
   "geometry": {
    "type": "Point",
    "coordinates": [
     6.17636,
     49.1197
    ]
   },
   "properties": {
    "id": "store-lego-store-metz",
    "name": "LEGO® Store Metz",
    "name_local": null,
    "city": "Metz",
    "country": "France",
    "type": "official",
    "closed_year": null,
    "address": "Centre commercial MUSE, 2 Rue des Messageries, 57000 Metz, Metz 57000, France",
    "phone": "+33 1 89 54 71 16",
    "services": "bam, pab",
    "url": "https://brickstorestamps.com/stores/store-lego-store-metz"
   }
  },
  {
   "type": "Feature",
   "geometry": {
    "type": "Point",
    "coordinates": [
     3.87673,
     43.61124
    ]
   },
   "properties": {
    "id": "store-lego-certified-store-montpellier",
    "name": "LEGO Certified Store Montpellier",
    "name_local": null,
    "city": "Montpellier",
    "country": "France",
    "type": "official",
    "closed_year": null,
    "address": "Centre commercial Polygone, Montpellier 34000, France",
    "phone": null,
    "services": null,
    "url": "https://brickstorestamps.com/stores/store-lego-certified-store-montpellier"
   }
  },
  {
   "type": "Feature",
   "geometry": {
    "type": "Point",
    "coordinates": [
     6.18341,
     48.69372
    ]
   },
   "properties": {
    "id": "store-lego-store-nancy",
    "name": "LEGO® Store Nancy",
    "name_local": null,
    "city": "Nancy",
    "country": "France",
    "type": "official",
    "closed_year": null,
    "address": "7 Rue S. Georges, Nancy, France",
    "phone": "+33 356620214",
    "services": "bam, pab",
    "url": "https://brickstorestamps.com/stores/store-lego-store-nancy"
   }
  },
  {
   "type": "Feature",
   "geometry": {
    "type": "Point",
    "coordinates": [
     -1.55414,
     47.21864
    ]
   },
   "properties": {
    "id": "store-lego-store-nantes",
    "name": "LEGO® Store Nantes",
    "name_local": null,
    "city": "Nantes",
    "country": "France",
    "type": "official",
    "closed_year": null,
    "address": "BOULEVARD SALVADOR ALLENDE, SAINT-HERBLAIN 44800, France",
    "phone": "+33 27 23 49 931",
    "services": "bam, pab",
    "url": "https://brickstorestamps.com/stores/store-lego-store-nantes"
   }
  },
  {
   "type": "Feature",
   "geometry": {
    "type": "Point",
    "coordinates": [
     7.26839,
     43.70094
    ]
   },
   "properties": {
    "id": "store-lego-store-nice",
    "name": "LEGO® Store Nice",
    "name_local": null,
    "city": "Nice",
    "country": "France",
    "type": "official",
    "closed_year": null,
    "address": "Centre Commercial Cap 3000 - Avenue Eugène Donadeï, Saint-Laurent-du-Var 06700, France",
    "phone": "+33 451640222",
    "services": "bam, pab",
    "url": "https://brickstorestamps.com/stores/store-lego-store-nice"
   }
  },
  {
   "type": "Feature",
   "geometry": {
    "type": "Point",
    "coordinates": [
     2.34839,
     48.8535
    ]
   },
   "properties": {
    "id": "store-lego-store-paris-les-halles",
    "name": "LEGO® Store Paris - Les Halles",
    "name_local": null,
    "city": "Paris",
    "country": "France",
    "type": "official",
    "closed_year": null,
    "address": "1, Passage de la Canopée, Paris 75001, France",
    "phone": "+33 159020378",
    "services": "bam, mosaic_maker, pab",
    "url": "https://brickstorestamps.com/stores/store-lego-store-paris-les-halles"
   }
  },
  {
   "type": "Feature",
   "geometry": {
    "type": "Point",
    "coordinates": [
     2.34839,
     48.8535
    ]
   },
   "properties": {
    "id": "store-lego-store-paris-les-4-temps",
    "name": "LEGO® Store Paris, Les 4 Temps",
    "name_local": null,
    "city": "Paris",
    "country": "France",
    "type": "official",
    "closed_year": null,
    "address": "15 Parv. de la Défense, 92092 Puteaux, Paris 92092, France",
    "phone": "+33 1 70 98 83 62",
    "services": "bam, pab",
    "url": "https://brickstorestamps.com/stores/store-lego-store-paris-les-4-temps"
   }
  },
  {
   "type": "Feature",
   "geometry": {
    "type": "Point",
    "coordinates": [
     2.34839,
     48.8535
    ]
   },
   "properties": {
    "id": "store-lego-store-paris-so-ouest",
    "name": "LEGO® Store Paris, So Ouest",
    "name_local": null,
    "city": "Paris",
    "country": "France",
    "type": "official",
    "closed_year": null,
    "address": "Centre Commercial So Ouest -21 rue d'Alsace, Levallois-Perret 92300, France",
    "phone": "+33 159020370",
    "services": "bam, pab",
    "url": "https://brickstorestamps.com/stores/store-lego-store-paris-so-ouest"
   }
  },
  {
   "type": "Feature",
   "geometry": {
    "type": "Point",
    "coordinates": [
     -1.68002,
     48.11134
    ]
   },
   "properties": {
    "id": "store-lego-store-rennes",
    "name": "LEGO® Store Rennes",
    "name_local": null,
    "city": "Rennes",
    "country": "France",
    "type": "official",
    "closed_year": null,
    "address": "RENNES ALMA, 5, Rue du Bosphore, Rennes 35200, France",
    "phone": "02 30 88 01 27",
    "services": "bam, pab",
    "url": "https://brickstorestamps.com/stores/store-lego-store-rennes"
   }
  },
  {
   "type": "Feature",
   "geometry": {
    "type": "Point",
    "coordinates": [
     2.48752,
     48.87166
    ]
   },
   "properties": {
    "id": "store-lego-store-rosny",
    "name": "LEGO® Store Rosny",
    "name_local": null,
    "city": "Rosny-sous-Bois",
    "country": "France",
    "type": "official",
    "closed_year": null,
    "address": "Centre commercial Rosny 2, Avenue du Général de Gaulle, Rosny-sous-Bois 93110, France",
    "phone": "+33 1.84.74.10.36",
    "services": "bam, pab",
    "url": "https://brickstorestamps.com/stores/store-lego-store-rosny"
   }
  },
  {
   "type": "Feature",
   "geometry": {
    "type": "Point",
    "coordinates": [
     7.75071,
     48.58461
    ]
   },
   "properties": {
    "id": "store-lego-store-strasbourg",
    "name": "LEGO® Store Strasbourg",
    "name_local": null,
    "city": "Strasbourg",
    "country": "France",
    "type": "official",
    "closed_year": null,
    "address": "Place des Halles, Strasbourg 67000, France",
    "phone": null,
    "services": "bam, pab",
    "url": "https://brickstorestamps.com/stores/store-lego-store-strasbourg"
   }
  },
  {
   "type": "Feature",
   "geometry": {
    "type": "Point",
    "coordinates": [
     5.93049,
     43.12573
    ]
   },
   "properties": {
    "id": "store-lego-store-toulon",
    "name": "LEGO® Store Toulon",
    "name_local": null,
    "city": "Toulon",
    "country": "France",
    "type": "official",
    "closed_year": null,
    "address": "Centre Commercial Grand Var, La Valette-du-Var 83160, France",
    "phone": "+33 4 12 01 02 03",
    "services": "bam, pab",
    "url": "https://brickstorestamps.com/stores/store-lego-store-toulon"
   }
  },
  {
   "type": "Feature",
   "geometry": {
    "type": "Point",
    "coordinates": [
     1.44424,
     43.60446
    ]
   },
   "properties": {
    "id": "store-lego-store-toulouse",
    "name": "LEGO® Store Toulouse",
    "name_local": null,
    "city": "Toulouse",
    "country": "France",
    "type": "official",
    "closed_year": null,
    "address": "Centre Commercial Blagnac, 2 Allée Emile Zola, Blagnac 31700, France",
    "phone": "+33 5 67 34 11 01",
    "services": "bam, pab",
    "url": "https://brickstorestamps.com/stores/store-lego-store-toulouse"
   }
  },
  {
   "type": "Feature",
   "geometry": {
    "type": "Point",
    "coordinates": [
     13.39513,
     52.51739
    ]
   },
   "properties": {
    "id": "store-lego-store-berlin-airport",
    "name": "LEGO Store Berlin Airport",
    "name_local": null,
    "city": "Berlin",
    "country": "Germany",
    "type": "official",
    "closed_year": null,
    "address": "Willy-Brandt-Platz, Schönefeld 12521, Germany",
    "phone": "+49 30 609178842",
    "services": null,
    "url": "https://brickstorestamps.com/stores/store-lego-store-berlin-airport"
   }
  },
  {
   "type": "Feature",
   "geometry": {
    "type": "Point",
    "coordinates": [
     13.39513,
     52.51739
    ]
   },
   "properties": {
    "id": "store-lego-flagshipstore-berlin",
    "name": "LEGO® Flagshipstore Berlin",
    "name_local": null,
    "city": "Berlin",
    "country": "Germany",
    "type": "closed",
    "closed_year": 2025,
    "address": null,
    "phone": null,
    "services": "bam, minifigure_factory, mosaic_maker, pab",
    "url": "https://brickstorestamps.com/stores/store-lego-flagshipstore-berlin"
   }
  },
  {
   "type": "Feature",
   "geometry": {
    "type": "Point",
    "coordinates": [
     13.39513,
     52.51739
    ]
   },
   "properties": {
    "id": "store-lego-store-berlin",
    "name": "LEGO® Store Berlin",
    "name_local": null,
    "city": "Berlin",
    "country": "Germany",
    "type": "official",
    "closed_year": null,
    "address": "Tauentzienstraße 8, Berlin 10789, Germany",
    "phone": "+49 3080093992",
    "services": "bam, pab",
    "url": "https://brickstorestamps.com/stores/store-lego-store-berlin"
   }
  },
  {
   "type": "Feature",
   "geometry": {
    "type": "Point",
    "coordinates": [
     13.39513,
     52.51739
    ]
   },
   "properties": {
    "id": "store-lego-store-mall-of-berlin",
    "name": "LEGO® Store Mall of Berlin",
    "name_local": null,
    "city": "Berlin",
    "country": "Germany",
    "type": "official",
    "closed_year": null,
    "address": "Leipziger Platz 12, Berlin 10117, Germany",
    "phone": "+49 3052006236",
    "services": "bam, pab",
    "url": "https://brickstorestamps.com/stores/store-lego-store-mall-of-berlin"
   }
  },
  {
   "type": "Feature",
   "geometry": {
    "type": "Point",
    "coordinates": [
     13.39513,
     52.51739
    ]
   },
   "properties": {
    "id": "store-legoland-discovery-center-berlin",
    "name": "LEGOLAND Discovery Center Berlin",
    "name_local": null,
    "city": "Berlin",
    "country": "Germany",
    "type": "official",
    "closed_year": null,
    "address": null,
    "phone": null,
    "services": null,
    "url": "https://brickstorestamps.com/stores/store-legoland-discovery-center-berlin"
   }
  },
  {
   "type": "Feature",
   "geometry": {
    "type": "Point",
    "coordinates": [
     7.10246,
     50.73526
    ]
   },
   "properties": {
    "id": "store-lego-store-bonn",
    "name": "LEGO® Store Bonn",
    "name_local": null,
    "city": "Bonn",
    "country": "Germany",
    "type": "official",
    "closed_year": null,
    "address": "Poststraße, Bonn 53111, Germany",
    "phone": "+49 22828653972",
    "services": "bam, pab",
    "url": "https://brickstorestamps.com/stores/store-lego-store-bonn"
   }
  },
  {
   "type": "Feature",
   "geometry": {
    "type": "Point",
    "coordinates": [
     6.95997,
     50.93836
    ]
   },
   "properties": {
    "id": "store-lego-store-koeln",
    "name": "LEGO® Store Köln",
    "name_local": null,
    "city": "Cologne",
    "country": "Germany",
    "type": "official",
    "closed_year": null,
    "address": "Hohe Straße 77-79, Köln 50667, Germany",
    "phone": "+49 22165051368",
    "services": "bam, minifigure_factory, pab",
    "url": "https://brickstorestamps.com/stores/store-lego-store-koeln"
   }
  },
  {
   "type": "Feature",
   "geometry": {
    "type": "Point",
    "coordinates": [
     13.73814,
     51.04933
    ]
   },
   "properties": {
    "id": "store-lego-store-dresden",
    "name": "LEGO® Store Dresden",
    "name_local": null,
    "city": "Dresden",
    "country": "Germany",
    "type": "official",
    "closed_year": null,
    "address": "Altmarkt-Galerie, Webergasse 1, Dresden 01067, Germany",
    "phone": "+49 35189732777",
    "services": "bam, pab",
    "url": "https://brickstorestamps.com/stores/store-lego-store-dresden"
   }
  },
  {
   "type": "Feature",
   "geometry": {
    "type": "Point",
    "coordinates": [
     6.77631,
     51.2254
    ]
   },
   "properties": {
    "id": "store-lego-store-duesseldorf",
    "name": "LEGO® Store Düsseldorf",
    "name_local": null,
    "city": "Düsseldorf",
    "country": "Germany",
    "type": "official",
    "closed_year": null,
    "address": "Flinger Strasse 50, Düsseldorf 40213, Germany",
    "phone": "+49 21138769215",
    "services": "bam, minifigure_factory, pab",
    "url": "https://brickstorestamps.com/stores/store-lego-store-duesseldorf"
   }
  },
  {
   "type": "Feature",
   "geometry": {
    "type": "Point",
    "coordinates": [
     7.01582,
     51.45822
    ]
   },
   "properties": {
    "id": "store-lego-store-essen",
    "name": "LEGO® Store Essen",
    "name_local": null,
    "city": "Essen",
    "country": "Germany",
    "type": "official",
    "closed_year": null,
    "address": "Limbecker Straße 25, Essen 45127, Germany",
    "phone": "+49 20156574835",
    "services": "bam, pab",
    "url": "https://brickstorestamps.com/stores/store-lego-store-essen"
   }
  },
  {
   "type": "Feature",
   "geometry": {
    "type": "Point",
    "coordinates": [
     8.68209,
     50.11064
    ]
   },
   "properties": {
    "id": "store-lego-store-frankfurt",
    "name": "LEGO® Store Frankfurt",
    "name_local": null,
    "city": "Frankfurt",
    "country": "Germany",
    "type": "official",
    "closed_year": null,
    "address": "Zeil 106, Frankfurt 60313, Germany",
    "phone": "+49 6971047438",
    "services": "bam, pab",
    "url": "https://brickstorestamps.com/stores/store-lego-store-frankfurt"
   }
  },
  {
   "type": "Feature",
   "geometry": {
    "type": "Point",
    "coordinates": [
     8.52747,
     50.11725
    ]
   },
   "properties": {
    "id": "store-lego-store-frankfurt-mtz",
    "name": "LEGO® Store Frankfurt MTZ",
    "name_local": null,
    "city": "Frankfurt",
    "country": "Germany",
    "type": "official",
    "closed_year": null,
    "address": "Main-Taunus-Zentrum Unit 23, Frankfurt 65843, Germany",
    "phone": null,
    "services": null,
    "url": "https://brickstorestamps.com/stores/store-lego-store-frankfurt-mtz"
   }
  },
  {
   "type": "Feature",
   "geometry": {
    "type": "Point",
    "coordinates": [
     10.27453,
     48.46898
    ]
   },
   "properties": {
    "id": "store-legoland-deutschland",
    "name": "LEGOLAND Deutschland",
    "name_local": null,
    "city": "Günzburg",
    "country": "Germany",
    "type": "official",
    "closed_year": null,
    "address": null,
    "phone": null,
    "services": "bam, mosaic_maker, pab",
    "url": "https://brickstorestamps.com/stores/store-legoland-deutschland"
   }
  },
  {
   "type": "Feature",
   "geometry": {
    "type": "Point",
    "coordinates": [
     10.00132,
     53.55017
    ]
   },
   "properties": {
    "id": "store-lego-store-hamburg",
    "name": "LEGO® Store Hamburg",
    "name_local": null,
    "city": "Hamburg",
    "country": "Germany",
    "type": "official",
    "closed_year": null,
    "address": "Spitalerstraße 12, Hamburg 20095, Germany",
    "phone": "+49 4022898029",
    "services": "bam, pab",
    "url": "https://brickstorestamps.com/stores/store-lego-store-hamburg"
   }
  },
  {
   "type": "Feature",
   "geometry": {
    "type": "Point",
    "coordinates": [
     10.00132,
     53.55017
    ]
   },
   "properties": {
    "id": "store-legoland-discovery-center-hamburg",
    "name": "LEGOLAND Discovery Center Hamburg",
    "name_local": null,
    "city": "Hamburg",
    "country": "Germany",
    "type": "official",
    "closed_year": null,
    "address": null,
    "phone": null,
    "services": null,
    "url": "https://brickstorestamps.com/stores/store-legoland-discovery-center-hamburg"
   }
  },
  {
   "type": "Feature",
   "geometry": {
    "type": "Point",
    "coordinates": [
     9.73855,
     52.37448
    ]
   },
   "properties": {
    "id": "store-lego-store-hannover",
    "name": "LEGO® Store Hannover",
    "name_local": null,
    "city": "Hannover",
    "country": "Germany",
    "type": "official",
    "closed_year": null,
    "address": "Grosse Packhofstrasse 30, Hannover 30159, Germany",
    "phone": "+49 51193678361",
    "services": "bam, pab",
    "url": "https://brickstorestamps.com/stores/store-lego-store-hannover"
   }
  },
  {
   "type": "Feature",
   "geometry": {
    "type": "Point",
    "coordinates": [
     12.37473,
     51.34063
    ]
   },
   "properties": {
    "id": "store-lego-store-leipzig",
    "name": "LEGO® Store Leipzig",
    "name_local": null,
    "city": "Leipzig",
    "country": "Germany",
    "type": "official",
    "closed_year": null,
    "address": "Brühl 1, Leipzig 04109, Germany",
    "phone": "+49 34133974568",
    "services": "bam, pab",
    "url": "https://brickstorestamps.com/stores/store-lego-store-leipzig"
   }
  },
  {
   "type": "Feature",
   "geometry": {
    "type": "Point",
    "coordinates": [
     11.57538,
     48.13711
    ]
   },
   "properties": {
    "id": "store-lego-store-flughafen-munchen-terminal-1",
    "name": "LEGO Store Flughafen München Terminal 1",
    "name_local": null,
    "city": "Munich",
    "country": "Germany",
    "type": "official",
    "closed_year": null,
    "address": "Terminalstraße West, München-Flughafen 85356, Germany",
    "phone": "+49 89 975 844 44",
    "services": null,
    "url": "https://brickstorestamps.com/stores/store-lego-store-flughafen-munchen-terminal-1"
   }
  },
  {
   "type": "Feature",
   "geometry": {
    "type": "Point",
    "coordinates": [
     11.57538,
     48.13711
    ]
   },
   "properties": {
    "id": "store-lego-store-munich-airport-t2",
    "name": "LEGO Store Munich Airport T2",
    "name_local": null,
    "city": "Munich",
    "country": "Germany",
    "type": "official",
    "closed_year": null,
    "address": "Terminalstraße Nord, München-Flughafen 85356, Germany",
    "phone": "+49 89 975 844 44",
    "services": null,
    "url": "https://brickstorestamps.com/stores/store-lego-store-munich-airport-t2"
   }
  },
  {
   "type": "Feature",
   "geometry": {
    "type": "Point",
    "coordinates": [
     11.57538,
     48.13711
    ]
   },
   "properties": {
    "id": "store-lego-store-muenchen-pasing",
    "name": "LEGO® Store München Pasing",
    "name_local": null,
    "city": "Munich",
    "country": "Germany",
    "type": "official",
    "closed_year": null,
    "address": "Pasinger Bahnhofsplatz 5, München 81241, Germany",
    "phone": "+49 8954194987",
    "services": "bam, pab",
    "url": "https://brickstorestamps.com/stores/store-lego-store-muenchen-pasing"
   }
  },
  {
   "type": "Feature",
   "geometry": {
    "type": "Point",
    "coordinates": [
     11.57538,
     48.13711
    ]
   },
   "properties": {
    "id": "store-lego-store-muenchen-riem-arcaden",
    "name": "LEGO® Store München Riem Arcaden",
    "name_local": null,
    "city": "Munich",
    "country": "Germany",
    "type": "official",
    "closed_year": null,
    "address": "Willy-Brandt-Platz 5, München 81829, Germany",
    "phone": "+49 8954194983",
    "services": "bam, pab",
    "url": "https://brickstorestamps.com/stores/store-lego-store-muenchen-riem-arcaden"
   }
  },
  {
   "type": "Feature",
   "geometry": {
    "type": "Point",
    "coordinates": [
     11.57538,
     48.13711
    ]
   },
   "properties": {
    "id": "store-lego-store-muenchen-zentrum",
    "name": "LEGO® Store München Zentrum",
    "name_local": null,
    "city": "Munich",
    "country": "Germany",
    "type": "official",
    "closed_year": null,
    "address": "Kaufingerstrasse 9, Munich 80331, Germany",
    "phone": "+49 8954195092",
    "services": "bam, minifigure_factory, mosaic_maker, pab",
    "url": "https://brickstorestamps.com/stores/store-lego-store-muenchen-zentrum"
   }
  },
  {
   "type": "Feature",
   "geometry": {
    "type": "Point",
    "coordinates": [
     11.0773,
     49.45387
    ]
   },
   "properties": {
    "id": "store-lego-store-nuernberg",
    "name": "LEGO® Store Nürnberg",
    "name_local": null,
    "city": "Nuremberg",
    "country": "Germany",
    "type": "official",
    "closed_year": null,
    "address": "Breite Gasse 39, Nürnberg 90402, Germany",
    "phone": "+49 91188187537",
    "services": "bam, pab",
    "url": "https://brickstorestamps.com/stores/store-lego-store-nuernberg"
   }
  },
  {
   "type": "Feature",
   "geometry": {
    "type": "Point",
    "coordinates": [
     6.85144,
     51.46961
    ]
   },
   "properties": {
    "id": "store-lego-store-oberhausen",
    "name": "LEGO® Store Oberhausen",
    "name_local": null,
    "city": "Oberhausen",
    "country": "Germany",
    "type": "official",
    "closed_year": null,
    "address": "Centroallee 170, Oberhausen 46047, Germany",
    "phone": "+49 20888026475",
    "services": "bam, pab",
    "url": "https://brickstorestamps.com/stores/store-lego-store-oberhausen"
   }
  },
  {
   "type": "Feature",
   "geometry": {
    "type": "Point",
    "coordinates": [
     6.85144,
     51.46961
    ]
   },
   "properties": {
    "id": "store-legoland-discovery-center-oberhausen",
    "name": "LEGOLAND Discovery Center Oberhausen",
    "name_local": null,
    "city": "Oberhausen",
    "country": "Germany",
    "type": "official",
    "closed_year": null,
    "address": null,
    "phone": null,
    "services": null,
    "url": "https://brickstorestamps.com/stores/store-legoland-discovery-center-oberhausen"
   }
  },
  {
   "type": "Feature",
   "geometry": {
    "type": "Point",
    "coordinates": [
     6.99638,
     49.23436
    ]
   },
   "properties": {
    "id": "store-lego-store-saarbruecken",
    "name": "LEGO® Store Saarbrücken",
    "name_local": null,
    "city": "Saarbrücken",
    "country": "Germany",
    "type": "official",
    "closed_year": null,
    "address": "Bahnhofstraße 77, Saarbrücken 66111, Germany",
    "phone": "+49 68193356799",
    "services": "bam, pab",
    "url": "https://brickstorestamps.com/stores/store-lego-store-saarbruecken"
   }
  },
  {
   "type": "Feature",
   "geometry": {
    "type": "Point",
    "coordinates": [
     9.18001,
     48.77845
    ]
   },
   "properties": {
    "id": "store-lego-store-stuttgart",
    "name": "LEGO® Store Stuttgart",
    "name_local": null,
    "city": "Stuttgart",
    "country": "Germany",
    "type": "official",
    "closed_year": null,
    "address": "Königstrasse 43B, Stuttgart 70173, Germany",
    "phone": "+49 71134067820",
    "services": "bam, minifigure_factory, pab",
    "url": "https://brickstorestamps.com/stores/store-lego-store-stuttgart"
   }
  },
  {
   "type": "Feature",
   "geometry": {
    "type": "Point",
    "coordinates": [
     23.73483,
     37.97556
    ]
   },
   "properties": {
    "id": "store-lego-certified-store-athens-metro-mall",
    "name": "LEGO® Certified Store Athens Metro Mall",
    "name_local": null,
    "city": "Athens",
    "country": "Greece",
    "type": "official",
    "closed_year": null,
    "address": "Λ. Βουλιαγμένης 276, Αγ. Δημήτριος, Αθήνα 17343, Greece",
    "phone": "210 2250225",
    "services": null,
    "url": "https://brickstorestamps.com/stores/store-lego-certified-store-athens-metro-mall"
   }
  },
  {
   "type": "Feature",
   "geometry": {
    "type": "Point",
    "coordinates": [
     23.73483,
     37.97556
    ]
   },
   "properties": {
    "id": "store-lego-store-golden-hall-athens",
    "name": "LEGO® Store Golden Hall Athens",
    "name_local": null,
    "city": "Athens",
    "country": "Greece",
    "type": "official",
    "closed_year": null,
    "address": "Λ. Κηφισίας 37Α, Μαρούσι, Αθήνα 15123, Greece",
    "phone": "210 6857016",
    "services": "bam, pab",
    "url": "https://brickstorestamps.com/stores/store-lego-store-golden-hall-athens"
   }
  },
  {
   "type": "Feature",
   "geometry": {
    "type": "Point",
    "coordinates": [
     23.73483,
     37.97556
    ]
   },
   "properties": {
    "id": "store-lego-store-river-west",
    "name": "LEGO® Store River West",
    "name_local": null,
    "city": "Athens",
    "country": "Greece",
    "type": "official",
    "closed_year": null,
    "address": "Leoforos Kifisou 96-98, Athens 12241, Greece",
    "phone": "0030 211 0161 333",
    "services": "bam, pab",
    "url": "https://brickstorestamps.com/stores/store-lego-store-river-west"
   }
  },
  {
   "type": "Feature",
   "geometry": {
    "type": "Point",
    "coordinates": [
     23.73483,
     37.97556
    ]
   },
   "properties": {
    "id": "store-lego-store-the-mall-athens",
    "name": "LEGO® Store The Mall Athens",
    "name_local": null,
    "city": "Athens",
    "country": "Greece",
    "type": "official",
    "closed_year": null,
    "address": "Andrea Papandreou 35, Athens 15122, Greece",
    "phone": "0030 210 6100 780",
    "services": "bam, pab",
    "url": "https://brickstorestamps.com/stores/store-lego-store-the-mall-athens"
   }
  },
  {
   "type": "Feature",
   "geometry": {
    "type": "Point",
    "coordinates": [
     23.92142,
     37.99535
    ]
   },
   "properties": {
    "id": "store-lego-certified-store-smart-park",
    "name": "LEGO® Certified Store Smart Park",
    "name_local": null,
    "city": "Spata",
    "country": "Greece",
    "type": "official",
    "closed_year": null,
    "address": "Πουλάκη, Σπάτα 19004, Greece",
    "phone": "210 2252250",
    "services": null,
    "url": "https://brickstorestamps.com/stores/store-lego-certified-store-smart-park"
   }
  },
  {
   "type": "Feature",
   "geometry": {
    "type": "Point",
    "coordinates": [
     22.93527,
     40.64032
    ]
   },
   "properties": {
    "id": "store-lego-store-mediterranean-cosmos",
    "name": "LEGO® Store Mediterranean Cosmos",
    "name_local": null,
    "city": "Thessaloniki",
    "country": "Greece",
    "type": "official",
    "closed_year": null,
    "address": "11ο χλμ Εθνικής Οδού Θεσσαλονίκης - Ν. Μουδανιών, Θεσσαλονίκη, Greece",
    "phone": "2310 476814",
    "services": "bam, pab",
    "url": "https://brickstorestamps.com/stores/store-lego-store-mediterranean-cosmos"
   }
  },
  {
   "type": "Feature",
   "geometry": {
    "type": "Point",
    "coordinates": [
     22.93527,
     40.64032
    ]
   },
   "properties": {
    "id": "store-lego-store-thessaloniki",
    "name": "LEGO® Store Thessaloniki",
    "name_local": null,
    "city": "Thessaloniki",
    "country": "Greece",
    "type": "official",
    "closed_year": null,
    "address": "Eleftheriou Venizelou 3, Thessaloniki 54624, Greece",
    "phone": "0030 2311 123 0799",
    "services": "bam, pab",
    "url": "https://brickstorestamps.com/stores/store-lego-store-thessaloniki"
   }
  },
  {
   "type": "Feature",
   "geometry": {
    "type": "Point",
    "coordinates": [
     114.15828,
     22.28183
    ]
   },
   "properties": {
    "id": "store-lego-certified-store-hong-kong-international-airport",
    "name": "LEGO® Certified Store Hong Kong International Airport",
    "name_local": null,
    "city": "Hong Kong",
    "country": "Hong Kong",
    "type": "official",
    "closed_year": null,
    "address": "Terminal 1, Departure Level, Hong Kong International Airport, Hong Kong, Hong Kong",
    "phone": null,
    "services": null,
    "url": "https://brickstorestamps.com/stores/store-lego-certified-store-hong-kong-international-airport"
   }
  },
  {
   "type": "Feature",
   "geometry": {
    "type": "Point",
    "coordinates": [
     114.15828,
     22.28183
    ]
   },
   "properties": {
    "id": "store-lego-store-cityplaza",
    "name": "LEGO® Store Cityplaza",
    "name_local": null,
    "city": "Hong Kong",
    "country": "Hong Kong",
    "type": "official",
    "closed_year": null,
    "address": "Shop 012, G/F, 18 Tai Koo Shing Rd Cityplaza, Hong Kong, Hong Kong",
    "phone": "+852 21164378",
    "services": "bam, pab",
    "url": "https://brickstorestamps.com/stores/store-lego-store-cityplaza"
   }
  },
  {
   "type": "Feature",
   "geometry": {
    "type": "Point",
    "coordinates": [
     114.15828,
     22.28183
    ]
   },
   "properties": {
    "id": "store-lego-store-langham-place",
    "name": "LEGO® Store Langham Place",
    "name_local": null,
    "city": "Hong Kong",
    "country": "Hong Kong",
    "type": "official",
    "closed_year": null,
    "address": "L12-1B, Langham Place,, Hong Kong, Hong Kong",
    "phone": "+852 26132280",
    "services": "bam, pab",
    "url": "https://brickstorestamps.com/stores/store-lego-store-langham-place"
   }
  },
  {
   "type": "Feature",
   "geometry": {
    "type": "Point",
    "coordinates": [
     114.15828,
     22.28183
    ]
   },
   "properties": {
    "id": "store-lego-store-new-town-plaza",
    "name": "LEGO® Store New Town Plaza",
    "name_local": null,
    "city": "Hong Kong",
    "country": "Hong Kong",
    "type": "official",
    "closed_year": null,
    "address": "Shop 416, L4, New Town Plaza I, 18-19 Sha Tin Centre Street, Shatin, Hong Kong",
    "phone": "+852 21161128",
    "services": "bam, pab",
    "url": "https://brickstorestamps.com/stores/store-lego-store-new-town-plaza"
   }
  },
  {
   "type": "Feature",
   "geometry": {
    "type": "Point",
    "coordinates": [
     114.15828,
     22.28183
    ]
   },
   "properties": {
    "id": "store-lego-store-popcorn",
    "name": "LEGO® Store Popcorn",
    "name_local": null,
    "city": "Hong Kong",
    "country": "Hong Kong",
    "type": "official",
    "closed_year": null,
    "address": "Shop F40, 1/F, Popcorn, Tseung Kwan O, Hong Kong, Hong Kong",
    "phone": "+852 21169575",
    "services": "bam, pab",
    "url": "https://brickstorestamps.com/stores/store-lego-store-popcorn"
   }
  },
  {
   "type": "Feature",
   "geometry": {
    "type": "Point",
    "coordinates": [
     114.15828,
     22.28183
    ]
   },
   "properties": {
    "id": "store-lego-store-times-square",
    "name": "LEGO® Store Times Square",
    "name_local": null,
    "city": "Hong Kong",
    "country": "Hong Kong",
    "type": "official",
    "closed_year": null,
    "address": "Shop 902-3C, 9/F, Times Square, 1 Matheson Street, Causeway Bay, Hong Kong, Hong Kong",
    "phone": "+852 26382220",
    "services": "bam, pab",
    "url": "https://brickstorestamps.com/stores/store-lego-store-times-square"
   }
  },
  {
   "type": "Feature",
   "geometry": {
    "type": "Point",
    "coordinates": [
     114.15828,
     22.28183
    ]
   },
   "properties": {
    "id": "store-lego-store-tuen-mun-town-plaza",
    "name": "LEGO® Store Tuen Mun Town Plaza",
    "name_local": null,
    "city": "Hong Kong",
    "country": "Hong Kong",
    "type": "official",
    "closed_year": null,
    "address": "Shop 2217, 2/F, Phase 1, Tuen Mun Town Plaza, 1 Tuen Shing Street, Tuen Mun, Hong Kong, Hong Kong",
    "phone": "+852 21109755",
    "services": "bam, pab",
    "url": "https://brickstorestamps.com/stores/store-lego-store-tuen-mun-town-plaza"
   }
  },
  {
   "type": "Feature",
   "geometry": {
    "type": "Point",
    "coordinates": [
     114.15828,
     22.28183
    ]
   },
   "properties": {
    "id": "store-legoland-discovery-centre-hong-kong",
    "name": "LEGOLAND Discovery Centre Hong Kong",
    "name_local": null,
    "city": "Hong Kong",
    "country": "Hong Kong",
    "type": "official",
    "closed_year": null,
    "address": null,
    "phone": null,
    "services": null,
    "url": "https://brickstorestamps.com/stores/store-legoland-discovery-centre-hong-kong"
   }
  },
  {
   "type": "Feature",
   "geometry": {
    "type": "Point",
    "coordinates": [
     19.04024,
     47.49788
    ]
   },
   "properties": {
    "id": "store-lego-store-allee",
    "name": "LEGO® Store Allee",
    "name_local": null,
    "city": "Budapest",
    "country": "Hungary",
    "type": "official",
    "closed_year": null,
    "address": "Október huszonharmadika u. 8-10, Budapest 1117, Hungary",
    "phone": "+36 70 3846575",
    "services": "bam, pab",
    "url": "https://brickstorestamps.com/stores/store-lego-store-allee"
   }
  },
  {
   "type": "Feature",
   "geometry": {
    "type": "Point",
    "coordinates": [
     19.04024,
     47.49788
    ]
   },
   "properties": {
    "id": "store-lego-store-arkad",
    "name": "LEGO® Store Arkad",
    "name_local": null,
    "city": "Budapest",
    "country": "Hungary",
    "type": "official",
    "closed_year": null,
    "address": "Örs vezér tere 25A, Budapest 1106, Hungary",
    "phone": "+36 70 947 7775",
    "services": "bam, pab",
    "url": "https://brickstorestamps.com/stores/store-lego-store-arkad"
   }
  },
  {
   "type": "Feature",
   "geometry": {
    "type": "Point",
    "coordinates": [
     19.04024,
     47.49788
    ]
   },
   "properties": {
    "id": "store-lego-store-westend",
    "name": "LEGO® Store Westend",
    "name_local": null,
    "city": "Budapest",
    "country": "Hungary",
    "type": "official",
    "closed_year": null,
    "address": "Váci út 1 - 3, Budapest 1062, Hungary",
    "phone": "+36 70 6461683",
    "services": "bam, pab",
    "url": "https://brickstorestamps.com/stores/store-lego-store-westend"
   }
  },
  {
   "type": "Feature",
   "geometry": {
    "type": "Point",
    "coordinates": [
     -21.94224,
     64.14598
    ]
   },
   "properties": {
    "id": "store-lego-store-kubbabu-in",
    "name": "LEGO Store Kubbabúðin",
    "name_local": null,
    "city": "Reykjavík",
    "country": "Iceland",
    "type": "official",
    "closed_year": null,
    "address": null,
    "phone": null,
    "services": "bam, pab",
    "url": "https://brickstorestamps.com/stores/store-lego-store-kubbabu-in"
   }
  },
  {
   "type": "Feature",
   "geometry": {
    "type": "Point",
    "coordinates": [
     77.59008,
     12.97679
    ]
   },
   "properties": {
    "id": "store-lego-store-orion-mall-bengaluru",
    "name": "LEGO Store - Orion Mall Bengaluru",
    "name_local": null,
    "city": "Bengaluru",
    "country": "India",
    "type": "official",
    "closed_year": null,
    "address": "Shop No 16, Ground Floor, Orion Mall, Dr Rajakumar Road, Nearby The Rameshwaram Cafe, Rajajinagar, Bengaluru 560055, India",
    "phone": "+91 80718 20916",
    "services": "bam, pab",
    "url": "https://brickstorestamps.com/stores/store-lego-store-orion-mall-bengaluru"
   }
  },
  {
   "type": "Feature",
   "geometry": {
    "type": "Point",
    "coordinates": [
     77.59008,
     12.97679
    ]
   },
   "properties": {
    "id": "store-lego-store-phoenix-mall-of-asia-bengaluru",
    "name": "LEGO Store - Phoenix Mall of Asia Bengaluru",
    "name_local": null,
    "city": "Bengaluru",
    "country": "India",
    "type": "official",
    "closed_year": null,
    "address": "UG 47, Yelahanka, Nearby L&T, Phoenix Mall Of Asia, Bengaluru 560092, India",
    "phone": "+91 67461 72910",
    "services": "bam, pab",
    "url": "https://brickstorestamps.com/stores/store-lego-store-phoenix-mall-of-asia-bengaluru"
   }
  },
  {
   "type": "Feature",
   "geometry": {
    "type": "Point",
    "coordinates": [
     80.27019,
     13.08369
    ]
   },
   "properties": {
    "id": "store-lego-store-express-avenue-mall-royapettah-chennai",
    "name": "LEGO Store - Express Avenue Mall Royapettah Chennai",
    "name_local": null,
    "city": "Chennai",
    "country": "India",
    "type": "official",
    "closed_year": null,
    "address": "No R050-051, Upper Ground Floor, Express Estate, Thousand Lights, Nearby Royapettah Clock Tower, Royapettah, Chennai 600014, India",
    "phone": "+91 80469 85624",
    "services": "bam, pab",
    "url": "https://brickstorestamps.com/stores/store-lego-store-express-avenue-mall-royapettah-chennai"
   }
  },
  {
   "type": "Feature",
   "geometry": {
    "type": "Point",
    "coordinates": [
     77.02992,
     28.46461
    ]
   },
   "properties": {
    "id": "store-lego-store-ambience-mall-gurugram",
    "name": "LEGO Store - Ambience Mall Gurugram",
    "name_local": null,
    "city": "Gurugram",
    "country": "India",
    "type": "official",
    "closed_year": null,
    "address": "Shop No G46 , Ambience Mall , Ambience Island, DLF Phase 3, Gurugram 122002, India",
    "phone": "+91 80712 64635",
    "services": "bam, pab",
    "url": "https://brickstorestamps.com/stores/store-lego-store-ambience-mall-gurugram"
   }
  },
  {
   "type": "Feature",
   "geometry": {
    "type": "Point",
    "coordinates": [
     72.8692,
     19.055
    ]
   },
   "properties": {
    "id": "store-lego-certified-store-r-city-mall-ghatkopar",
    "name": "LEGO® Certified Store R City Mall (Ghatkopar)",
    "name_local": null,
    "city": "Mumbai",
    "country": "India",
    "type": "official",
    "closed_year": null,
    "address": "R City Mall, Ground Floor, LBS Road, Amrut Nagar, Ghatkopar West, Mumbai 400086, India",
    "phone": null,
    "services": null,
    "url": "https://brickstorestamps.com/stores/store-lego-certified-store-r-city-mall-ghatkopar"
   }
  },
  {
   "type": "Feature",
   "geometry": {
    "type": "Point",
    "coordinates": [
     107.60708,
     -6.92185
    ]
   },
   "properties": {
    "id": "store-lego-store-lcs-paris-van-java",
    "name": "LEGO® Store LCS Paris Van Java",
    "name_local": null,
    "city": "Bandung",
    "country": "Indonesia",
    "type": "official",
    "closed_year": null,
    "address": "Paris Van Java Mall Resort Level Unit No. RL-B-19 Jl. Sukajadi No. 131-139 Cipedes, Kec. Sukajadi Bandung - Jawa Barat 40162, Bandung 40162, Indonesia",
    "phone": "62-22-82063729",
    "services": "bam, pab",
    "url": "https://brickstorestamps.com/stores/store-lego-store-lcs-paris-van-java"
   }
  },
  {
   "type": "Feature",
   "geometry": {
    "type": "Point",
    "coordinates": [
     106.99454,
     -6.23499
    ]
   },
   "properties": {
    "id": "store-lego-store-summarecon-mall-bekasi",
    "name": "LEGO® Store Summarecon Mall Bekasi",
    "name_local": null,
    "city": "Bekasi",
    "country": "Indonesia",
    "type": "official",
    "closed_year": null,
    "address": "Sentra Summarecon Bekasi, 1F unit 145 Jl. Boulevard Ahmad Yani, Marga Mulya, Kec. Bekasi Utara, Kota Bks, Jawa, Bekasi 17142, Indonesia",
    "phone": "021-29572542",
    "services": "bam, pab",
    "url": "https://brickstorestamps.com/stores/store-lego-store-summarecon-mall-bekasi"
   }
  },
  {
   "type": "Feature",
   "geometry": {
    "type": "Point",
    "coordinates": [
     106.81584,
     -6.40719
    ]
   },
   "properties": {
    "id": "store-lego-store-lcs-trans-studio-mall-cibubur",
    "name": "LEGO® Store LCS Trans Studio Mall Cibubur",
    "name_local": null,
    "city": "Depok",
    "country": "Indonesia",
    "type": "official",
    "closed_year": null,
    "address": "Trans Studio Mall Cibubur Mall Unit 1-09 Jl. Alternatif Cibubur No.230A Harjamukti. Cimanggis, Depok Jawa Barat 16454, Jakarta 16454, Indonesia",
    "phone": "021 39730992",
    "services": "bam, pab",
    "url": "https://brickstorestamps.com/stores/store-lego-store-lcs-trans-studio-mall-cibubur"
   }
  },
  {
   "type": "Feature",
   "geometry": {
    "type": "Point",
    "coordinates": [
     106.82717,
     -6.1754
    ]
   },
   "properties": {
    "id": "store-lego-store-lcs-central-park-mall",
    "name": "LEGO® Store LCS Central Park Mall",
    "name_local": null,
    "city": "Jakarta",
    "country": "Indonesia",
    "type": "official",
    "closed_year": null,
    "address": "Central Park Mall, UG-111 Letjen S. Parman No.kav.28, South Tanjung Duren, Grogol petamburan, West Jakarta City, Jakarta 11470, Indonesia",
    "phone": "622138789067",
    "services": "bam, pab",
    "url": "https://brickstorestamps.com/stores/store-lego-store-lcs-central-park-mall"
   }
  },
  {
   "type": "Feature",
   "geometry": {
    "type": "Point",
    "coordinates": [
     106.82717,
     -6.1754
    ]
   },
   "properties": {
    "id": "store-lego-store-lcs-cilandak-town-square",
    "name": "LEGO® Store LCS Cilandak Town Square",
    "name_local": null,
    "city": "Jakarta",
    "country": "Indonesia",
    "type": "official",
    "closed_year": null,
    "address": "Town Square Cilandak, Lantai Dasar unit 069 - 70 Jl. TB simatupang Kav., Kav 17,, Jakarta 12430, Indonesia",
    "phone": "(021) - 29042812",
    "services": "bam, pab",
    "url": "https://brickstorestamps.com/stores/store-lego-store-lcs-cilandak-town-square"
   }
  },
  {
   "type": "Feature",
   "geometry": {
    "type": "Point",
    "coordinates": [
     106.82717,
     -6.1754
    ]
   },
   "properties": {
    "id": "store-lego-store-lcs-gandaria-city",
    "name": "LEGO® Store LCS Gandaria City",
    "name_local": null,
    "city": "Jakarta",
    "country": "Indonesia",
    "type": "official",
    "closed_year": null,
    "address": "Gandaria City Mall lt 1 Jl. KHM. Syafi'i Hadzami No. 8, Jakarta  12240, Indonesia",
    "phone": "+6221 29053201",
    "services": "bam, pab",
    "url": "https://brickstorestamps.com/stores/store-lego-store-lcs-gandaria-city"
   }
  },
  {
   "type": "Feature",
   "geometry": {
    "type": "Point",
    "coordinates": [
     106.82717,
     -6.1754
    ]
   },
   "properties": {
    "id": "store-lego-store-lcs-grand-indonesia",
    "name": "LEGO® Store LCS Grand Indonesia",
    "name_local": null,
    "city": "Jakarta",
    "country": "Indonesia",
    "type": "official",
    "closed_year": null,
    "address": "Grand Indonesia East Mall L5-55, 1, Jl. Tlk. Betung I No.45A, RT.1/RW.5, Kb. Melati, Kecamatan Tanah Abang, Kota Jakarta Pusat, Daerah Khusus Ibukota, Jakarta 10230, Indonesia",
    "phone": "+62 21 23599072",
    "services": "bam, pab",
    "url": "https://brickstorestamps.com/stores/store-lego-store-lcs-grand-indonesia"
   }
  },
  {
   "type": "Feature",
   "geometry": {
    "type": "Point",
    "coordinates": [
     106.82717,
     -6.1754
    ]
   },
   "properties": {
    "id": "store-lego-store-lcs-kelapa-gading",
    "name": "LEGO® Store LCS Kelapa Gading",
    "name_local": null,
    "city": "Jakarta",
    "country": "Indonesia",
    "type": "official",
    "closed_year": null,
    "address": "Mall Kelapa Gading 3 Lantai Dasar,GF 06 - Jl. Bulevar Kelapa Gading Blom M, Jakarta 4240, Indonesia",
    "phone": "62-21-45853901",
    "services": "bam, pab",
    "url": "https://brickstorestamps.com/stores/store-lego-store-lcs-kelapa-gading"
   }
  },
  {
   "type": "Feature",
   "geometry": {
    "type": "Point",
    "coordinates": [
     106.82717,
     -6.1754
    ]
   },
   "properties": {
    "id": "store-lego-store-lcs-kota-kasablanka-mall",
    "name": "LEGO® Store LCS Kota Kasablanka Mall",
    "name_local": null,
    "city": "Jakarta",
    "country": "Indonesia",
    "type": "official",
    "closed_year": null,
    "address": "Jl. Casablanka Raya Kav. 88. Unit UG33 South Jakarta 1287, Jakarta 1287, Indonesia",
    "phone": "(021)22909866",
    "services": "bam, pab",
    "url": "https://brickstorestamps.com/stores/store-lego-store-lcs-kota-kasablanka-mall"
   }
  },
  {
   "type": "Feature",
   "geometry": {
    "type": "Point",
    "coordinates": [
     106.82717,
     -6.1754
    ]
   },
   "properties": {
    "id": "store-lego-store-lcs-lippo-mall-puri",
    "name": "LEGO® Store LCS Lippo Mall Puri",
    "name_local": null,
    "city": "Jakarta",
    "country": "Indonesia",
    "type": "official",
    "closed_year": null,
    "address": "Lippo Mall Puri- #LG 50-51 Jl. Puri Indah Raya, RT.3/RW.2, Jakarta 11610, Indonesia",
    "phone": "2151010242",
    "services": "bam, pab",
    "url": "https://brickstorestamps.com/stores/store-lego-store-lcs-lippo-mall-puri"
   }
  },
  {
   "type": "Feature",
   "geometry": {
    "type": "Point",
    "coordinates": [
     106.82717,
     -6.1754
    ]
   },
   "properties": {
    "id": "store-lego-store-lcs-mall-of-indonesia",
    "name": "LEGO® Store LCS Mall of Indonesia",
    "name_local": null,
    "city": "Jakarta",
    "country": "Indonesia",
    "type": "official",
    "closed_year": null,
    "address": "Mall of Indonesia - GF C12 & C24 Jl. Raya Boulevard Barat Kelapa Gading Jakarta Utara - 14240, Jakarta 14240, Indonesia",
    "phone": "62-21-22450448",
    "services": "bam, pab",
    "url": "https://brickstorestamps.com/stores/store-lego-store-lcs-mall-of-indonesia"
   }
  },
  {
   "type": "Feature",
   "geometry": {
    "type": "Point",
    "coordinates": [
     106.82717,
     -6.1754
    ]
   },
   "properties": {
    "id": "store-lego-store-lcs-pondok-indah-mall",
    "name": "LEGO® Store LCS Pondok Indah Mall",
    "name_local": null,
    "city": "Jakarta",
    "country": "Indonesia",
    "type": "official",
    "closed_year": null,
    "address": "Pondok Indah Mall 3 2nd Floor Unit No. 201 Jl. Kartika Utama No.1 RT6/RW16 Jakarta Selatan, Jakarta 12310, Indonesia",
    "phone": "62-21-22761599",
    "services": "bam, pab",
    "url": "https://brickstorestamps.com/stores/store-lego-store-lcs-pondok-indah-mall"
   }
  },
  {
   "type": "Feature",
   "geometry": {
    "type": "Point",
    "coordinates": [
     106.82717,
     -6.1754
    ]
   },
   "properties": {
    "id": "store-lego-store-senayan-city",
    "name": "LEGO® Store Senayan City",
    "name_local": null,
    "city": "Jakarta",
    "country": "Indonesia",
    "type": "official",
    "closed_year": null,
    "address": "Senayan City Mall Lantai 3 unit 56 33. Jl. Asia Afrika Lot 19, Jakarta 10270, Indonesia",
    "phone": "(02) 1-72781404",
    "services": "bam, minifigure_factory, pab",
    "url": "https://brickstorestamps.com/stores/store-lego-store-senayan-city"
   }
  },
  {
   "type": "Feature",
   "geometry": {
    "type": "Point",
    "coordinates": [
     115.17163,
     -8.72491
    ]
   },
   "properties": {
    "id": "store-lego-store-lcs-beachwalk-bali",
    "name": "LEGO® Store LCS Beachwalk Bali",
    "name_local": null,
    "city": "Kuta (Bali)",
    "country": "Indonesia",
    "type": "official",
    "closed_year": null,
    "address": "Beachwalk Shopping Center, L1-16 Jl. Pantai Kuta, Bali 80361, Indonesia",
    "phone": "0361-8465588",
    "services": "bam, pab",
    "url": "https://brickstorestamps.com/stores/store-lego-store-lcs-beachwalk-bali"
   }
  },
  {
   "type": "Feature",
   "geometry": {
    "type": "Point",
    "coordinates": [
     119.41243,
     -5.1343
    ]
   },
   "properties": {
    "id": "store-lego-store-lcs-trans-studio-mall-makasaar",
    "name": "LEGO® Store LCS Trans Studio Mall Makasaar",
    "name_local": null,
    "city": "Makassar",
    "country": "Indonesia",
    "type": "official",
    "closed_year": null,
    "address": "TRANS STUDIO MAKASSAR, Lower Ground unit 122 - Jl. H. M Dg. Patompo, Metro Tanjung Bunga., Makasaar 90134, Indonesia",
    "phone": "(04)11-3604018",
    "services": "bam, pab",
    "url": "https://brickstorestamps.com/stores/store-lego-store-lcs-trans-studio-mall-makasaar"
   }
  },
  {
   "type": "Feature",
   "geometry": {
    "type": "Point",
    "coordinates": [
     98.67416,
     3.58946
    ]
   },
   "properties": {
    "id": "store-lego-store-lcs-delipark-mall",
    "name": "LEGO® Store LCS Delipark Mall",
    "name_local": null,
    "city": "Medan",
    "country": "Indonesia",
    "type": "official",
    "closed_year": null,
    "address": "Deli Park Mall – 1st Floor Unit No. L1 -16 -Podomoro City Deli Medan Jl. Putri Hijau no.1 Blok OPQ, Kesawan, Medan, North Sumatra 20111, Medan 20111, Indonesia",
    "phone": "62-61-62000225",
    "services": "bam, pab",
    "url": "https://brickstorestamps.com/stores/store-lego-store-lcs-delipark-mall"
   }
  },
  {
   "type": "Feature",
   "geometry": {
    "type": "Point",
    "coordinates": [
     115.26058,
     -8.69465
    ]
   },
   "properties": {
    "id": "store-lego-store-icon-bali-sanur",
    "name": "LEGO® Store Icon Bali Sanur",
    "name_local": null,
    "city": "Sanur",
    "country": "Indonesia",
    "type": "official",
    "closed_year": null,
    "address": "UG - 31 Jl. Danau Tamblingan No.27 Sanur. Denpasar Selatan, Kota Denpasar., Bali 80228, Indonesia",
    "phone": "3613705234",
    "services": "bam, pab",
    "url": "https://brickstorestamps.com/stores/store-lego-store-icon-bali-sanur"
   }
  },
  {
   "type": "Feature",
   "geometry": {
    "type": "Point",
    "coordinates": [
     110.42291,
     -6.9904
    ]
   },
   "properties": {
    "id": "store-lego-store-dp-mall-semarang",
    "name": "LEGO® Store DP Mall Semarang",
    "name_local": null,
    "city": "Semarang",
    "country": "Indonesia",
    "type": "official",
    "closed_year": null,
    "address": "Level 1 Jl. Pemuda No.150, Sekayu Kec. Semarang Tengah Kota Semarang, Jawa Tengah, Semarang 50132, Indonesia",
    "phone": "+62 24 35314125",
    "services": "bam, pab",
    "url": "https://brickstorestamps.com/stores/store-lego-store-dp-mall-semarang"
   }
  },
  {
   "type": "Feature",
   "geometry": {
    "type": "Point",
    "coordinates": [
     112.73777,
     -7.24628
    ]
   },
   "properties": {
    "id": "store-lego-store-ciputra-world-surabaya",
    "name": "LEGO® Store Ciputra World Surabaya",
    "name_local": null,
    "city": "Surabaya",
    "country": "Indonesia",
    "type": "official",
    "closed_year": null,
    "address": "Level 1, 117-119 Ciputra World Surabaya Jl. Mayjen Sungkono No.89. Gunung Sari. Dukuh Pakis, Surabaya East Java, Surabaya 60225, Indonesia",
    "phone": "+62 31 60801017",
    "services": "bam, pab",
    "url": "https://brickstorestamps.com/stores/store-lego-store-ciputra-world-surabaya"
   }
  },
  {
   "type": "Feature",
   "geometry": {
    "type": "Point",
    "coordinates": [
     112.73777,
     -7.24628
    ]
   },
   "properties": {
    "id": "store-lego-store-lcs-pakuwon-mall-surabaya",
    "name": "LEGO® Store LCS Pakuwon Mall Surabaya",
    "name_local": null,
    "city": "Surabaya",
    "country": "Indonesia",
    "type": "official",
    "closed_year": null,
    "address": "Pakuwon Mall Surabaya Lantai 1 unit 81 Jl. Perumahan Pakuwon Indah, Jl puncak Indah Lontar Nomor 2, Surabaya, Surabaya 60123, Indonesia",
    "phone": "89629111738",
    "services": "bam, pab",
    "url": "https://brickstorestamps.com/stores/store-lego-store-lcs-pakuwon-mall-surabaya"
   }
  },
  {
   "type": "Feature",
   "geometry": {
    "type": "Point",
    "coordinates": [
     112.73777,
     -7.24628
    ]
   },
   "properties": {
    "id": "store-lego-store-lcs-tunjungan-plaza-3",
    "name": "LEGO® Store LCS Tunjungan Plaza 3",
    "name_local": null,
    "city": "Surabaya",
    "country": "Indonesia",
    "type": "official",
    "closed_year": null,
    "address": "Tunjungan Plaza 3 lt.LG, Surabaya 60261 , Indonesia",
    "phone": "‎+62 31 35979026",
    "services": "bam, pab",
    "url": "https://brickstorestamps.com/stores/store-lego-store-lcs-tunjungan-plaza-3"
   }
  },
  {
   "type": "Feature",
   "geometry": {
    "type": "Point",
    "coordinates": [
     106.63822,
     -6.17619
    ]
   },
   "properties": {
    "id": "store-lego-certified-store-supermal-karawaci",
    "name": "LEGO® Certified Store Supermal Karawaci",
    "name_local": null,
    "city": "Tangerang",
    "country": "Indonesia",
    "type": "official",
    "closed_year": null,
    "address": "Jl. Boulevard Diponegoro No. 105 LT. GF. Bencongan, Tangerang 15811, Indonesia",
    "phone": null,
    "services": null,
    "url": "https://brickstorestamps.com/stores/store-lego-certified-store-supermal-karawaci"
   }
  },
  {
   "type": "Feature",
   "geometry": {
    "type": "Point",
    "coordinates": [
     106.63822,
     -6.17619
    ]
   },
   "properties": {
    "id": "store-lego-store-lcs-aeon-bsd-mall",
    "name": "LEGO® Store LCS Aeon BSD Mall",
    "name_local": null,
    "city": "Tangerang",
    "country": "Indonesia",
    "type": "official",
    "closed_year": null,
    "address": "Jl. BSD Raya Utama, Pagedangan. FF 1-08. Kec. Pagedangan Kabupaten Tangerang Banten 15345, Jakarta 15345, Indonesia",
    "phone": "021 55691506",
    "services": "bam, pab",
    "url": "https://brickstorestamps.com/stores/store-lego-store-lcs-aeon-bsd-mall"
   }
  },
  {
   "type": "Feature",
   "geometry": {
    "type": "Point",
    "coordinates": [
     106.63822,
     -6.17619
    ]
   },
   "properties": {
    "id": "store-lego-store-lcs-bintaro-xchange-2-mall",
    "name": "LEGO® Store LCS Bintaro Xchange 2 Mall",
    "name_local": null,
    "city": "Tangerang",
    "country": "Indonesia",
    "type": "official",
    "closed_year": null,
    "address": "Bintaro Xchange Mall 2 , GF-S-29-30, Jl. Boulevard Bintaro Jaya Jl. Lkr. Jaya No.2, Pondok Jaya, Pondok Aren, South Tangerang City, Banten 15227, Jakarta 15227, Indonesia",
    "phone": "622139710301",
    "services": "bam, pab",
    "url": "https://brickstorestamps.com/stores/store-lego-store-lcs-bintaro-xchange-2-mall"
   }
  },
  {
   "type": "Feature",
   "geometry": {
    "type": "Point",
    "coordinates": [
     106.63822,
     -6.17619
    ]
   },
   "properties": {
    "id": "store-lego-store-lcs-summarecon-mall-serpong",
    "name": "LEGO® Store LCS Summarecon Mall Serpong",
    "name_local": null,
    "city": "Tangerang",
    "country": "Indonesia",
    "type": "official",
    "closed_year": null,
    "address": "Summarecon Mall Serpong, Ground Floor unit 237 Gading Serpong, Banten 15810, Indonesia",
    "phone": "622129310457",
    "services": "bam, pab",
    "url": "https://brickstorestamps.com/stores/store-lego-store-lcs-summarecon-mall-serpong"
   }
  },
  {
   "type": "Feature",
   "geometry": {
    "type": "Point",
    "coordinates": [
     110.36474,
     -7.80135
    ]
   },
   "properties": {
    "id": "store-lego-store-lcs-pakuwon-mall-jogjakarta",
    "name": "LEGO® Store LCS Pakuwon Mall Jogjakarta",
    "name_local": null,
    "city": "Yogyakarta",
    "country": "Indonesia",
    "type": "official",
    "closed_year": null,
    "address": "Pakuwon Mall Jogja UG-08. Jl. Ring road Utara. Sanggrahan 55281 Condong Catur Special Region of Yogyakarta, Jakarta 55281, Indonesia",
    "phone": "(02)74 - 621138",
    "services": "bam, pab",
    "url": "https://brickstorestamps.com/stores/store-lego-store-lcs-pakuwon-mall-jogjakarta"
   }
  },
  {
   "type": "Feature",
   "geometry": {
    "type": "Point",
    "coordinates": [
     -6.26056,
     53.34938
    ]
   },
   "properties": {
    "id": "store-lego-store-dublin-blanchardstown",
    "name": "LEGO® Store Dublin - Blanchardstown",
    "name_local": null,
    "city": "Dublin",
    "country": "Ireland",
    "type": "official",
    "closed_year": null,
    "address": "Blanchardstown Centre, Blanchardstown Road S, Blanchardstown, Dublin D15 WD80, Ireland",
    "phone": "+35 31575 2825",
    "services": "bam, pab",
    "url": "https://brickstorestamps.com/stores/store-lego-store-dublin-blanchardstown"
   }
  },
  {
   "type": "Feature",
   "geometry": {
    "type": "Point",
    "coordinates": [
     -6.26056,
     53.34938
    ]
   },
   "properties": {
    "id": "store-lego-store-dublin-grafton-street",
    "name": "LEGO® Store Dublin - Grafton Street",
    "name_local": null,
    "city": "Dublin",
    "country": "Ireland",
    "type": "official",
    "closed_year": null,
    "address": "41 Grafton Street, Dublin D02 WP63, Ireland",
    "phone": "+35 315758169",
    "services": "bam, minifigure_factory, pab",
    "url": "https://brickstorestamps.com/stores/store-lego-store-dublin-grafton-street"
   }
  },
  {
   "type": "Feature",
   "geometry": {
    "type": "Point",
    "coordinates": [
     34.65299,
     31.79773
    ]
   },
   "properties": {
    "id": "store-lego-store-big-ashdod",
    "name": "LEGO® Store Big Ashdod",
    "name_local": null,
    "city": "Ashdod",
    "country": "Israel",
    "type": "official",
    "closed_year": null,
    "address": "BIG Ashdod, Derech HaRakevet 1, Ashdod, Israel",
    "phone": null,
    "services": "bam, pab",
    "url": "https://brickstorestamps.com/stores/store-lego-store-big-ashdod"
   }
  },
  {
   "type": "Feature",
   "geometry": {
    "type": "Point",
    "coordinates": [
     34.79252,
     31.24574
    ]
   },
   "properties": {
    "id": "store-lego-store-ofer-grand-mall-beer-sheva",
    "name": "LEGO® Store Ofer Grand Mall Beer Sheva",
    "name_local": null,
    "city": "Beersheba",
    "country": "Israel",
    "type": "official",
    "closed_year": null,
    "address": "Grand Mall, Tuvyahu Blvd 125, Beer Sheva, Israel",
    "phone": null,
    "services": "bam, pab",
    "url": "https://brickstorestamps.com/stores/store-lego-store-ofer-grand-mall-beer-sheva"
   }
  },
  {
   "type": "Feature",
   "geometry": {
    "type": "Point",
    "coordinates": [
     34.94979,
     29.55693
    ]
   },
   "properties": {
    "id": "store-lego-store-eilat",
    "name": "LEGO® Store Eilat",
    "name_local": null,
    "city": "Eilat",
    "country": "Israel",
    "type": "official",
    "closed_year": null,
    "address": "BIG CENTER Eilat, 20 Hasatat St., Eilat, Israel",
    "phone": "079-6966761",
    "services": "bam, pab",
    "url": "https://brickstorestamps.com/stores/store-lego-store-eilat"
   }
  },
  {
   "type": "Feature",
   "geometry": {
    "type": "Point",
    "coordinates": [
     34.79522,
     32.1401
    ]
   },
   "properties": {
    "id": "store-lego-store-big-mall-glilot",
    "name": "LEGO® Store BIG Mall Glilot",
    "name_local": null,
    "city": "Glilot",
    "country": "Israel",
    "type": "official",
    "closed_year": null,
    "address": "BIG Fashion Glilot, Küstenstraße, Glilot, Israel",
    "phone": null,
    "services": "bam, pab",
    "url": "https://brickstorestamps.com/stores/store-lego-store-big-mall-glilot"
   }
  },
  {
   "type": "Feature",
   "geometry": {
    "type": "Point",
    "coordinates": [
     34.99839,
     32.81912
    ]
   },
   "properties": {
    "id": "store-lego-store-north-gate-mall",
    "name": "LEGO® Store North Gate Mall",
    "name_local": null,
    "city": "Haifa",
    "country": "Israel",
    "type": "official",
    "closed_year": null,
    "address": "Shaar HaTzafon Mall, Haifa Blvd 30, Kiryat Ata, Israel",
    "phone": null,
    "services": "bam, pab",
    "url": "https://brickstorestamps.com/stores/store-lego-store-north-gate-mall"
   }
  },
  {
   "type": "Feature",
   "geometry": {
    "type": "Point",
    "coordinates": [
     34.83083,
     32.16768
    ]
   },
   "properties": {
    "id": "store-lego-store-shivat-hakochavim-herzliya",
    "name": "LEGO® Store Shivat HaKochavim Herzliya",
    "name_local": null,
    "city": "Herzliya",
    "country": "Israel",
    "type": "official",
    "closed_year": null,
    "address": "Shivat HaKochavim Blvd 8, Herzliya, Israel",
    "phone": null,
    "services": null,
    "url": "https://brickstorestamps.com/stores/store-lego-store-shivat-hakochavim-herzliya"
   }
  },
  {
   "type": "Feature",
   "geometry": {
    "type": "Point",
    "coordinates": [
     34.82468,
     32.06869
    ]
   },
   "properties": {
    "id": "store-lego-store-azrieli-ayalon-mall",
    "name": "LEGO® Store Azrieli Ayalon Mall",
    "name_local": null,
    "city": "Ramat Gan",
    "country": "Israel",
    "type": "official",
    "closed_year": null,
    "address": "Azrieli Ayalon Mall, 2. Stock, Ramat Gan, Israel",
    "phone": null,
    "services": "bam, pab",
    "url": "https://brickstorestamps.com/stores/store-lego-store-azrieli-ayalon-mall"
   }
  },
  {
   "type": "Feature",
   "geometry": {
    "type": "Point",
    "coordinates": [
     34.81011,
     31.96357
    ]
   },
   "properties": {
    "id": "store-lego-store-rishon-lezion",
    "name": "LEGO® Store Rishon Lezion",
    "name_local": null,
    "city": "Rishon LeZion",
    "country": "Israel",
    "type": "official",
    "closed_year": null,
    "address": "G Cinema City Mall, 3 Yaldey Teheran, Rishon Lezion, Israel",
    "phone": "079-6966760",
    "services": "bam, pab",
    "url": "https://brickstorestamps.com/stores/store-lego-store-rishon-lezion"
   }
  },
  {
   "type": "Feature",
   "geometry": {
    "type": "Point",
    "coordinates": [
     34.78181,
     32.0853
    ]
   },
   "properties": {
    "id": "store-lego-store-tel-aviv-airport",
    "name": "LEGO Store Tel Aviv Airport",
    "name_local": null,
    "city": "Tel Aviv",
    "country": "Israel",
    "type": "official",
    "closed_year": null,
    "address": null,
    "phone": null,
    "services": null,
    "url": "https://brickstorestamps.com/stores/store-lego-store-tel-aviv-airport"
   }
  },
  {
   "type": "Feature",
   "geometry": {
    "type": "Point",
    "coordinates": [
     34.78181,
     32.0853
    ]
   },
   "properties": {
    "id": "store-lego-pop-up-store-azrieli-tel-aviv",
    "name": "LEGO® Pop-up Store Azrieli Tel Aviv",
    "name_local": null,
    "city": "Tel Aviv",
    "country": "Israel",
    "type": "official",
    "closed_year": null,
    "address": "Azrieli Center, Derech Menachem Begin 132, Tel Aviv-Yafo, Israel",
    "phone": null,
    "services": null,
    "url": "https://brickstorestamps.com/stores/store-lego-pop-up-store-azrieli-tel-aviv"
   }
  },
  {
   "type": "Feature",
   "geometry": {
    "type": "Point",
    "coordinates": [
     34.78181,
     32.0853
    ]
   },
   "properties": {
    "id": "store-lego-store-tel-aviv",
    "name": "LEGO® Store Tel Aviv",
    "name_local": null,
    "city": "Tel Aviv",
    "country": "Israel",
    "type": "official",
    "closed_year": null,
    "address": "Dizengof Center, Dizengoff St 50, Tel Aviv-Yafo 6433267, Israel",
    "phone": "079-6966759",
    "services": "bam, pab",
    "url": "https://brickstorestamps.com/stores/store-lego-store-tel-aviv"
   }
  },
  {
   "type": "Feature",
   "geometry": {
    "type": "Point",
    "coordinates": [
     9.07829,
     45.54991
    ]
   },
   "properties": {
    "id": "store-lego-store-arese",
    "name": "LEGO® Store Arese",
    "name_local": null,
    "city": "Arese",
    "country": "Italy",
    "type": "official",
    "closed_year": null,
    "address": "Via Giuseppe Eugenio Luraghi, 11, Arese 20020, Italy",
    "phone": "02 9387 8002",
    "services": "bam, pab",
    "url": "https://brickstorestamps.com/stores/store-lego-store-arese"
   }
  },
  {
   "type": "Feature",
   "geometry": {
    "type": "Point",
    "coordinates": [
     9.13133,
     45.40521
    ]
   },
   "properties": {
    "id": "store-lego-store-assago",
    "name": "LEGO® Store Assago",
    "name_local": null,
    "city": "Assago",
    "country": "Italy",
    "type": "official",
    "closed_year": null,
    "address": "Viale Milanofiori, Assago, Assago 20090, Italy",
    "phone": "+39 0257502445",
    "services": "bam, pab",
    "url": "https://brickstorestamps.com/stores/store-lego-store-assago"
   }
  },
  {
   "type": "Feature",
   "geometry": {
    "type": "Point",
    "coordinates": [
     16.86203,
     41.12578
    ]
   },
   "properties": {
    "id": "store-lego-store-bari",
    "name": "LEGO® Store Bari",
    "name_local": null,
    "city": "Bari",
    "country": "Italy",
    "type": "official",
    "closed_year": null,
    "address": "Via Argiro 51, Bari 70121, Italy",
    "phone": "080 472 9877",
    "services": "bam, pab",
    "url": "https://brickstorestamps.com/stores/store-lego-store-bari"
   }
  },
  {
   "type": "Feature",
   "geometry": {
    "type": "Point",
    "coordinates": [
     9.69925,
     45.66929
    ]
   },
   "properties": {
    "id": "store-lego-store-cc-orio-centre",
    "name": "LEGO® Store CC Orio Centre",
    "name_local": null,
    "city": "Bergamo",
    "country": "Italy",
    "type": "official",
    "closed_year": null,
    "address": "Via Portico 71, Bergamo 24050, Italy",
    "phone": "+39 035 459 6276",
    "services": "bam, pab",
    "url": "https://brickstorestamps.com/stores/store-lego-store-cc-orio-centre"
   }
  },
  {
   "type": "Feature",
   "geometry": {
    "type": "Point",
    "coordinates": [
     11.34263,
     44.49382
    ]
   },
   "properties": {
    "id": "store-lego-store-bologna",
    "name": "LEGO® Store Bologna",
    "name_local": null,
    "city": "Bologna",
    "country": "Italy",
    "type": "official",
    "closed_year": null,
    "address": "Via dell'Indipendenza, 8D, Bologna 40121, Italy",
    "phone": "+39 051 221501",
    "services": "bam, pab",
    "url": "https://brickstorestamps.com/stores/store-lego-store-bologna"
   }
  },
  {
   "type": "Feature",
   "geometry": {
    "type": "Point",
    "coordinates": [
     11.35474,
     46.49848
    ]
   },
   "properties": {
    "id": "store-lego-store-bolzano",
    "name": "LEGO® Store Bolzano",
    "name_local": null,
    "city": "Bolzano",
    "country": "Italy",
    "type": "official",
    "closed_year": null,
    "address": "Waltherpark, Piazza Walther, 22, Bolzano 39100, Italy",
    "phone": "+39 0471224502",
    "services": "bam, pab",
    "url": "https://brickstorestamps.com/stores/store-lego-store-bolzano"
   }
  },
  {
   "type": "Feature",
   "geometry": {
    "type": "Point",
    "coordinates": [
     10.22002,
     45.5398
    ]
   },
   "properties": {
    "id": "store-lego-store-brescia",
    "name": "LEGO® Store Brescia",
    "name_local": null,
    "city": "Brescia",
    "country": "Italy",
    "type": "official",
    "closed_year": null,
    "address": "CORSO G. ZANARDELLI 5, Brescia 25121, Italy",
    "phone": "+39 03040644",
    "services": "bam, pab",
    "url": "https://brickstorestamps.com/stores/store-lego-store-brescia"
   }
  },
  {
   "type": "Feature",
   "geometry": {
    "type": "Point",
    "coordinates": [
     9.11331,
     39.2172
    ]
   },
   "properties": {
    "id": "store-lego-store-cagliari",
    "name": "LEGO® Store Cagliari",
    "name_local": null,
    "city": "Cagliari",
    "country": "Italy",
    "type": "official",
    "closed_year": null,
    "address": null,
    "phone": null,
    "services": "bam, pab",
    "url": "https://brickstorestamps.com/stores/store-lego-store-cagliari"
   }
  },
  {
   "type": "Feature",
   "geometry": {
    "type": "Point",
    "coordinates": [
     9.11331,
     39.2172
    ]
   },
   "properties": {
    "id": "store-lego-store-cc-le-vele",
    "name": "LEGO® Store CC Le Vele",
    "name_local": null,
    "city": "Cagliari",
    "country": "Italy",
    "type": "official",
    "closed_year": null,
    "address": "Via delle Serre, 66, Quartucciu CA, Cagliari 9044, Italy",
    "phone": "+39 070 837171",
    "services": "bam, pab",
    "url": "https://brickstorestamps.com/stores/store-lego-store-cc-le-vele"
   }
  },
  {
   "type": "Feature",
   "geometry": {
    "type": "Point",
    "coordinates": [
     11.13668,
     43.82163
    ]
   },
   "properties": {
    "id": "store-lego-store-i-gigli",
    "name": "LEGO® Store I Gigli",
    "name_local": null,
    "city": "Campi Bisenzio",
    "country": "Italy",
    "type": "official",
    "closed_year": null,
    "address": "Via San Quirico, 165, 50013 Campi Bisenzio FI, I Gigli 50013, Italy",
    "phone": "+39 055 0790767",
    "services": null,
    "url": "https://brickstorestamps.com/stores/store-lego-store-i-gigli"
   }
  },
  {
   "type": "Feature",
   "geometry": {
    "type": "Point",
    "coordinates": [
     10.76158,
     45.43974
    ]
   },
   "properties": {
    "id": "store-legoland-gardaland",
    "name": "LEGOLAND Water Park Gardaland",
    "name_local": null,
    "city": "Castelnuovo del Garda",
    "country": "Italy",
    "type": "official",
    "closed_year": null,
    "address": null,
    "phone": null,
    "services": "bam, pab",
    "url": "https://brickstorestamps.com/stores/store-legoland-gardaland"
   }
  },
  {
   "type": "Feature",
   "geometry": {
    "type": "Point",
    "coordinates": [
     15.08737,
     37.50236
    ]
   },
   "properties": {
    "id": "store-lego-store-catania",
    "name": "LEGO® Store Catania",
    "name_local": null,
    "city": "Catania",
    "country": "Italy",
    "type": "official",
    "closed_year": null,
    "address": "COIN VIA ETNEA 116, Catania 95131, Italy",
    "phone": "095 2503283",
    "services": "bam, pab",
    "url": "https://brickstorestamps.com/stores/store-lego-store-catania"
   }
  },
  {
   "type": "Feature",
   "geometry": {
    "type": "Point",
    "coordinates": [
     14.16597,
     42.34465
    ]
   },
   "properties": {
    "id": "store-lego-store-cc-megalo",
    "name": "LEGO® Store CC Megalo",
    "name_local": null,
    "city": "Chieti",
    "country": "Italy",
    "type": "official",
    "closed_year": null,
    "address": "Via Tirino 1, Chieti 66100, Italy",
    "phone": "+39 0871 561518",
    "services": "bam, pab",
    "url": "https://brickstorestamps.com/stores/store-lego-store-cc-megalo"
   }
  },
  {
   "type": "Feature",
   "geometry": {
    "type": "Point",
    "coordinates": [
     11.25564,
     43.7698
    ]
   },
   "properties": {
    "id": "store-lego-store-firenze",
    "name": "LEGO® Store Firenze",
    "name_local": null,
    "city": "Florence",
    "country": "Italy",
    "type": "official",
    "closed_year": null,
    "address": "VIA DEI CALZAIUOLI 67R - 71R, Firenze 50123, Italy",
    "phone": null,
    "services": "bam, pab",
    "url": "https://brickstorestamps.com/stores/store-lego-store-firenze"
   }
  },
  {
   "type": "Feature",
   "geometry": {
    "type": "Point",
    "coordinates": [
     8.93386,
     44.40726
    ]
   },
   "properties": {
    "id": "store-lego-store-genova",
    "name": "LEGO® Store Genova",
    "name_local": null,
    "city": "Genoa",
    "country": "Italy",
    "type": "official",
    "closed_year": null,
    "address": "Via Fieschi, 6r, Genova 16121, Italy",
    "phone": "010 570 2439",
    "services": "bam, pab",
    "url": "https://brickstorestamps.com/stores/store-lego-store-genova"
   }
  },
  {
   "type": "Feature",
   "geometry": {
    "type": "Point",
    "coordinates": [
     14.29842,
     41.033
    ]
   },
   "properties": {
    "id": "store-lego-store-cc-campania",
    "name": "LEGO® Store CC Campania",
    "name_local": null,
    "city": "Marcianise",
    "country": "Italy",
    "type": "official",
    "closed_year": null,
    "address": "Località Aurno, 87, Marcianise 81025, Italy",
    "phone": "+39 0823 608486",
    "services": "bam, pab",
    "url": "https://brickstorestamps.com/stores/store-lego-store-cc-campania"
   }
  },
  {
   "type": "Feature",
   "geometry": {
    "type": "Point",
    "coordinates": [
     12.22478,
     45.47581
    ]
   },
   "properties": {
    "id": "store-lego-store-cc-nave-de-vero",
    "name": "LEGO® Store CC Nave de Vero",
    "name_local": null,
    "city": "Marghera",
    "country": "Italy",
    "type": "official",
    "closed_year": null,
    "address": "Via Pietro Arduino 20, Marghera 30175, Italy",
    "phone": "+39 041 532 1185",
    "services": "bam, pab",
    "url": "https://brickstorestamps.com/stores/store-lego-store-cc-nave-de-vero"
   }
  },
  {
   "type": "Feature",
   "geometry": {
    "type": "Point",
    "coordinates": [
     9.07829,
     45.54991
    ]
   },
   "properties": {
    "id": "store-lego-store-cc-il-centro",
    "name": "LEGO® Store CC Il Centro",
    "name_local": null,
    "city": "Milan",
    "country": "Italy",
    "type": "official",
    "closed_year": null,
    "address": "Via Giuseppe Eugenio Luraghi 11, Arese, Milano 20020, Italy",
    "phone": "+39 02 9387 8002",
    "services": "bam, pab",
    "url": "https://brickstorestamps.com/stores/store-lego-store-cc-il-centro"
   }
  },
  {
   "type": "Feature",
   "geometry": {
    "type": "Point",
    "coordinates": [
     9.34375,
     45.54977
    ]
   },
   "properties": {
    "id": "store-lego-store-cc-il-centro-carugate",
    "name": "LEGO® Store CC Il Centro Carugate",
    "name_local": null,
    "city": "Milan",
    "country": "Italy",
    "type": "official",
    "closed_year": null,
    "address": "Strada Provinciale 208 2, Carugate 20061, Italy",
    "phone": "+390292151853",
    "services": "bam, pab",
    "url": "https://brickstorestamps.com/stores/store-lego-store-cc-il-centro-carugate"
   }
  },
  {
   "type": "Feature",
   "geometry": {
    "type": "Point",
    "coordinates": [
     9.19022,
     45.48348
    ]
   },
   "properties": {
    "id": "store-lego-store-porta-nuova",
    "name": "LEGO® Store Porta Nuova",
    "name_local": null,
    "city": "Milan",
    "country": "Italy",
    "type": "official",
    "closed_year": null,
    "address": "PIAZZA GAE AULENTI 1, Milan 20154, Italy",
    "phone": "+39 02 6595578",
    "services": "bam, pab",
    "url": "https://brickstorestamps.com/stores/store-lego-store-porta-nuova"
   }
  },
  {
   "type": "Feature",
   "geometry": {
    "type": "Point",
    "coordinates": [
     9.18963,
     45.46419
    ]
   },
   "properties": {
    "id": "store-lego-store-san-babila",
    "name": "LEGO® Store San Babila",
    "name_local": null,
    "city": "Milan",
    "country": "Italy",
    "type": "official",
    "closed_year": null,
    "address": "Corso Monforte 2, Milano 20122, Italy",
    "phone": "+39 02 7600 1670",
    "services": "bam, pab",
    "url": "https://brickstorestamps.com/stores/store-lego-store-san-babila"
   }
  },
  {
   "type": "Feature",
   "geometry": {
    "type": "Point",
    "coordinates": [
     9.18963,
     45.46419
    ]
   },
   "properties": {
    "id": "store-lego-store-via-dante-milano",
    "name": "LEGO® Store Via Dante Milano",
    "name_local": null,
    "city": "Milan",
    "country": "Italy",
    "type": "official",
    "closed_year": null,
    "address": "Via Dante 4, Milan 20121, Italy",
    "phone": "02 89096163",
    "services": "bam, pab",
    "url": "https://brickstorestamps.com/stores/store-lego-store-via-dante-milano"
   }
  },
  {
   "type": "Feature",
   "geometry": {
    "type": "Point",
    "coordinates": [
     9.27491,
     45.58449
    ]
   },
   "properties": {
    "id": "store-lego-store-monza",
    "name": "LEGO® Store Monza",
    "name_local": null,
    "city": "Monza",
    "country": "Italy",
    "type": "official",
    "closed_year": null,
    "address": "VIA CARLO ALBERTO 10, Monza 20900, Italy",
    "phone": "+39 0392303742",
    "services": "bam, pab",
    "url": "https://brickstorestamps.com/stores/store-lego-store-monza"
   }
  },
  {
   "type": "Feature",
   "geometry": {
    "type": "Point",
    "coordinates": [
     14.24877,
     40.83588
    ]
   },
   "properties": {
    "id": "store-lego-store-napoli",
    "name": "LEGO® Store Napoli",
    "name_local": null,
    "city": "Naples",
    "country": "Italy",
    "type": "official",
    "closed_year": null,
    "address": "VIA ALESSANDRO SCARLATTI 110, Napoli 80127, Italy",
    "phone": "081-2298522",
    "services": "bam, pab",
    "url": "https://brickstorestamps.com/stores/store-lego-store-napoli"
   }
  },
  {
   "type": "Feature",
   "geometry": {
    "type": "Point",
    "coordinates": [
     11.89568,
     45.39844
    ]
   },
   "properties": {
    "id": "store-lego-store-padova",
    "name": "LEGO® Store Padova",
    "name_local": null,
    "city": "Padua",
    "country": "Italy",
    "type": "official",
    "closed_year": null,
    "address": "Via Viii Febbraio, 20 - 35122 Padova (PD), Padova 35122, Italy",
    "phone": "+39 049 6452542",
    "services": "bam, pab",
    "url": "https://brickstorestamps.com/stores/store-lego-store-padova"
   }
  },
  {
   "type": "Feature",
   "geometry": {
    "type": "Point",
    "coordinates": [
     13.35244,
     38.11123
    ]
   },
   "properties": {
    "id": "store-lego-store-palermo",
    "name": "LEGO® Store Palermo",
    "name_local": null,
    "city": "Palermo",
    "country": "Italy",
    "type": "official",
    "closed_year": null,
    "address": "Via ruggero settimo 46, Palermo 90141, Italy",
    "phone": "+39 091 325235",
    "services": "bam, pab",
    "url": "https://brickstorestamps.com/stores/store-lego-store-palermo"
   }
  },
  {
   "type": "Feature",
   "geometry": {
    "type": "Point",
    "coordinates": [
     12.56844,
     44.05939
    ]
   },
   "properties": {
    "id": "store-lego-store-rimini",
    "name": "LEGO® Store Rimini",
    "name_local": null,
    "city": "Rimini",
    "country": "Italy",
    "type": "official",
    "closed_year": null,
    "address": "VIA CADUTI DI NASSIRIYA, 20, Rimini 47924, Italy",
    "phone": "05/41317383",
    "services": "bam, pab",
    "url": "https://brickstorestamps.com/stores/store-lego-store-rimini"
   }
  },
  {
   "type": "Feature",
   "geometry": {
    "type": "Point",
    "coordinates": [
     12.48293,
     41.89332
    ]
   },
   "properties": {
    "id": "store-lego-store-euroma-2",
    "name": "LEGO® Store Euroma 2",
    "name_local": null,
    "city": "Rome",
    "country": "Italy",
    "type": "official",
    "closed_year": null,
    "address": "Centro Commerciale Euroma 2, Viale dell'Oceano Pacifico, 83, Roma 00144, Italy",
    "phone": "06 529 1643",
    "services": "bam, pab",
    "url": "https://brickstorestamps.com/stores/store-lego-store-euroma-2"
   }
  },
  {
   "type": "Feature",
   "geometry": {
    "type": "Point",
    "coordinates": [
     12.48293,
     41.89332
    ]
   },
   "properties": {
    "id": "store-lego-store-porta-di-roma",
    "name": "LEGO® Store Porta di Roma",
    "name_local": null,
    "city": "Rome",
    "country": "Italy",
    "type": "official",
    "closed_year": null,
    "address": "Galleria Commerciale Porta di Roma, Via Alberto Lionello, 201, Roma 00139, Italy",
    "phone": "687071094",
    "services": "bam, pab",
    "url": "https://brickstorestamps.com/stores/store-lego-store-porta-di-roma"
   }
  },
  {
   "type": "Feature",
   "geometry": {
    "type": "Point",
    "coordinates": [
     12.48293,
     41.89332
    ]
   },
   "properties": {
    "id": "store-lego-store-roma",
    "name": "LEGO® Store Roma",
    "name_local": null,
    "city": "Rome",
    "country": "Italy",
    "type": "official",
    "closed_year": null,
    "address": "Via Tomacelli 141, Roma 00186, Italy",
    "phone": "+39 06 6880 8025",
    "services": "bam, pab",
    "url": "https://brickstorestamps.com/stores/store-lego-store-roma"
   }
  },
  {
   "type": "Feature",
   "geometry": {
    "type": "Point",
    "coordinates": [
     7.57762,
     45.06805
    ]
   },
   "properties": {
    "id": "store-lego-store-cc-le-gru",
    "name": "LEGO® Store CC Le Gru",
    "name_local": null,
    "city": "Turin",
    "country": "Italy",
    "type": "official",
    "closed_year": null,
    "address": "Via Crea 10, Torino 10095, Italy",
    "phone": "+39 011 703076",
    "services": "bam, pab",
    "url": "https://brickstorestamps.com/stores/store-lego-store-cc-le-gru"
   }
  },
  {
   "type": "Feature",
   "geometry": {
    "type": "Point",
    "coordinates": [
     7.68249,
     45.06776
    ]
   },
   "properties": {
    "id": "store-lego-store-torino-via-roma",
    "name": "LEGO® Store Torino Via Roma",
    "name_local": null,
    "city": "Turin",
    "country": "Italy",
    "type": "official",
    "closed_year": null,
    "address": "Via Roma 367, Torino 10123, Italy",
    "phone": "+39 011 562 1895",
    "services": "bam, pab",
    "url": "https://brickstorestamps.com/stores/store-lego-store-torino-via-roma"
   }
  },
  {
   "type": "Feature",
   "geometry": {
    "type": "Point",
    "coordinates": [
     10.99241,
     45.4385
    ]
   },
   "properties": {
    "id": "store-lego-store-cc-adigeo",
    "name": "LEGO® Store CC Adigeo",
    "name_local": null,
    "city": "Verona",
    "country": "Italy",
    "type": "official",
    "closed_year": null,
    "address": "Via delle Nazioni 1, Verona 37135, Italy",
    "phone": "+39 045 582585",
    "services": "bam, pab",
    "url": "https://brickstorestamps.com/stores/store-lego-store-cc-adigeo"
   }
  },
  {
   "type": "Feature",
   "geometry": {
    "type": "Point",
    "coordinates": [
     10.99241,
     45.4385
    ]
   },
   "properties": {
    "id": "store-lego-store-verona",
    "name": "LEGO® Store Verona",
    "name_local": null,
    "city": "Verona",
    "country": "Italy",
    "type": "official",
    "closed_year": null,
    "address": null,
    "phone": null,
    "services": "bam, pab",
    "url": "https://brickstorestamps.com/stores/store-lego-store-verona"
   }
  },
  {
   "type": "Feature",
   "geometry": {
    "type": "Point",
    "coordinates": [
     140.2136,
     36.03079
    ]
   },
   "properties": {
    "id": "store-lego-store-ami",
    "name": "LEGO® Store Ami",
    "name_local": null,
    "city": "Ami",
    "country": "Japan",
    "type": "official",
    "closed_year": null,
    "address": "阿見町よしわら4-1-1 あみプレミアムアウトレット内900区, 茨城県稲敷郡 300-1161, Japan",
    "phone": "029-875-6605",
    "services": "bam, pab",
    "url": "https://brickstorestamps.com/stores/store-lego-store-ami"
   }
  },
  {
   "type": "Feature",
   "geometry": {
    "type": "Point",
    "coordinates": [
     139.39064,
     35.44641
    ]
   },
   "properties": {
    "id": "store-lego-store-ebina",
    "name": "LEGO® Store Ebina",
    "name_local": null,
    "city": "Ebina",
    "country": "Japan",
    "type": "official",
    "closed_year": null,
    "address": "扇町13－1 三井ショッピングパーク ららぽーと海老名3F, 神奈川県海老名市 243-0436, Japan",
    "phone": "046-204-5305",
    "services": "bam, pab",
    "url": "https://brickstorestamps.com/stores/store-lego-store-ebina"
   }
  },
  {
   "type": "Feature",
   "geometry": {
    "type": "Point",
    "coordinates": [
     139.54907,
     35.85655
    ]
   },
   "properties": {
    "id": "store-lego-store-fujimi",
    "name": "LEGO® Store Fujimi",
    "name_local": null,
    "city": "Fujimi",
    "country": "Japan",
    "type": "official",
    "closed_year": null,
    "address": null,
    "phone": null,
    "services": "bam, pab",
    "url": "https://brickstorestamps.com/stores/store-lego-store-fujimi"
   }
  },
  {
   "type": "Feature",
   "geometry": {
    "type": "Point",
    "coordinates": [
     130.40175,
     33.5899
    ]
   },
   "properties": {
    "id": "store-lego-store-lalaport-fukuoka",
    "name": "LEGO® Store Lalaport Fukuoka",
    "name_local": null,
    "city": "Fukuoka",
    "country": "Japan",
    "type": "official",
    "closed_year": null,
    "address": "博多区那珂6-23-1 ららぽーと福岡 1階, 福岡県福岡市 812-8627, Japan",
    "phone": "092-558-0550",
    "services": "bam, pab",
    "url": "https://brickstorestamps.com/stores/store-lego-store-lalaport-fukuoka"
   }
  },
  {
   "type": "Feature",
   "geometry": {
    "type": "Point",
    "coordinates": [
     138.93491,
     35.30875
    ]
   },
   "properties": {
    "id": "store-lego-store-gotemba",
    "name": "LEGO® Store Gotemba",
    "name_local": null,
    "city": "Gotemba",
    "country": "Japan",
    "type": "official",
    "closed_year": null,
    "address": "深沢1312 御殿場プレミアム・アウトレット3765, 静岡県御殿場市 412-0023, Japan",
    "phone": "0550-70-1505",
    "services": "bam, pab",
    "url": "https://brickstorestamps.com/stores/store-lego-store-gotemba"
   }
  },
  {
   "type": "Feature",
   "geometry": {
    "type": "Point",
    "coordinates": [
     139.31637,
     35.66636
    ]
   },
   "properties": {
    "id": "store-lego-store-minami-osawa",
    "name": "LEGO® Store Minami-Osawa",
    "name_local": null,
    "city": "Hachioji",
    "country": "Japan",
    "type": "official",
    "closed_year": null,
    "address": "南大沢1-600 三井アウトレットパーク多摩南大沢119, 東京都八王子市 192-0364, Japan",
    "phone": "042-682-5560",
    "services": "bam, pab",
    "url": "https://brickstorestamps.com/stores/store-lego-store-minami-osawa"
   }
  },
  {
   "type": "Feature",
   "geometry": {
    "type": "Point",
    "coordinates": [
     139.39093,
     35.83581
    ]
   },
   "properties": {
    "id": "store-lego-store-iruma",
    "name": "LEGO® Store Iruma",
    "name_local": null,
    "city": "Iruma",
    "country": "Japan",
    "type": "official",
    "closed_year": null,
    "address": "宮寺3169番 三井アウトレットパーク入間 A-1920, 埼玉県入間市 358-0014, Japan",
    "phone": "042-936-7205",
    "services": "bam, pab",
    "url": "https://brickstorestamps.com/stores/store-lego-store-iruma"
   }
  },
  {
   "type": "Feature",
   "geometry": {
    "type": "Point",
    "coordinates": [
     135.32272,
     34.39463
    ]
   },
   "properties": {
    "id": "store-lego-store-rinku",
    "name": "LEGO® Store Rinku",
    "name_local": null,
    "city": "Izumisano",
    "country": "Japan",
    "type": "official",
    "closed_year": null,
    "address": "りんくう往来南3-28 りんくうプレミアム・アウトレット 2F 2635番, 大阪府泉佐野市 598-8508, Japan",
    "phone": "072-458-4676",
    "services": "bam, pab",
    "url": "https://brickstorestamps.com/stores/store-lego-store-rinku"
   }
  },
  {
   "type": "Feature",
   "geometry": {
    "type": "Point",
    "coordinates": [
     138.597,
     36.34829
    ]
   },
   "properties": {
    "id": "store-lego-store-karuizawa",
    "name": "LEGO® Store Karuizawa",
    "name_local": null,
    "city": "Karuizawa",
    "country": "Japan",
    "type": "official",
    "closed_year": null,
    "address": "軽井沢町軽井沢 軽井沢プリンスショッピングプラザ ニューイースト NE-33, 長野県北佐久郡 389-0102, Japan",
    "phone": "0267-41-2305",
    "services": "bam, pab",
    "url": "https://brickstorestamps.com/stores/store-lego-store-karuizawa"
   }
  },
  {
   "type": "Feature",
   "geometry": {
    "type": "Point",
    "coordinates": [
     139.70377,
     35.53066
    ]
   },
   "properties": {
    "id": "store-lego-store-musashikosugi",
    "name": "LEGO® Store Musashikosugi",
    "name_local": null,
    "city": "Kawasaki",
    "country": "Japan",
    "type": "official",
    "closed_year": null,
    "address": "中原区新丸子東3丁目1135番地1号 グランツリー武蔵小杉 4階, 神奈川県川崎市 211-0004, Japan",
    "phone": "044-920-8505",
    "services": "bam, pab",
    "url": "https://brickstorestamps.com/stores/store-lego-store-musashikosugi"
   }
  },
  {
   "type": "Feature",
   "geometry": {
    "type": "Point",
    "coordinates": [
     139.92473,
     35.38108
    ]
   },
   "properties": {
    "id": "store-lego-store-kisarazu",
    "name": "LEGO® Store Kisarazu",
    "name_local": null,
    "city": "Kisarazu",
    "country": "Japan",
    "type": "official",
    "closed_year": null,
    "address": "金田東3-1-1三井アウトレットパーク木更津 21300, 千葉県木更津市 292-0009, Japan",
    "phone": "0438-53-8270",
    "services": "bam, pab",
    "url": "https://brickstorestamps.com/stores/store-lego-store-kisarazu"
   }
  },
  {
   "type": "Feature",
   "geometry": {
    "type": "Point",
    "coordinates": [
     141.56295,
     42.98539
    ]
   },
   "properties": {
    "id": "store-lego-store-sapporo-kitahiroshima",
    "name": "LEGO® Store Sapporo Kitahiroshima",
    "name_local": null,
    "city": "Kitahiroshima",
    "country": "Japan",
    "type": "official",
    "closed_year": null,
    "address": "大曲幸町3-7-6 三井アウトレットパーク札幌北広島内2190区画, 北海道北広島市 061-1278, Japan",
    "phone": "011-377-1805",
    "services": "bam, pab",
    "url": "https://brickstorestamps.com/stores/store-lego-store-sapporo-kitahiroshima"
   }
  },
  {
   "type": "Feature",
   "geometry": {
    "type": "Point",
    "coordinates": [
     135.19438,
     34.69324
    ]
   },
   "properties": {
    "id": "store-lego-store-mitsui-outlet-park-marinpia-kobe",
    "name": "LEGO Store Mitsui Outlet Park Marinpia Kobe",
    "name_local": null,
    "city": "Kobe",
    "country": "Japan",
    "type": "official",
    "closed_year": null,
    "address": "海岸通12-2 1F (三井アウトレットパーク マリンピア神戸), 神戸市垂水区, 兵庫県 655-0036, Japan",
    "phone": "078-754-8705",
    "services": null,
    "url": "https://brickstorestamps.com/stores/store-lego-store-mitsui-outlet-park-marinpia-kobe"
   }
  },
  {
   "type": "Feature",
   "geometry": {
    "type": "Point",
    "coordinates": [
     135.19177,
     34.85954
    ]
   },
   "properties": {
    "id": "store-lego-store-kobe-sanda",
    "name": "LEGO® Store Kobe Sanda",
    "name_local": null,
    "city": "Kobe",
    "country": "Japan",
    "type": "official",
    "closed_year": null,
    "address": "上津台7-3 神戸三田プレミアム・アウトレット 930, 兵庫県神戸市 651-1515, Japan",
    "phone": "078-986-0745",
    "services": "bam, pab",
    "url": "https://brickstorestamps.com/stores/store-lego-store-kobe-sanda"
   }
  },
  {
   "type": "Feature",
   "geometry": {
    "type": "Point",
    "coordinates": [
     139.79151,
     35.89129
    ]
   },
   "properties": {
    "id": "store-lego-store-koshigaya-laketown-mori",
    "name": "LEGO® Store Koshigaya Laketown Mori",
    "name_local": null,
    "city": "Koshigaya",
    "country": "Japan",
    "type": "official",
    "closed_year": null,
    "address": "レイクタウン3-1‐1 イオンレイクタウンmori 3F, 埼玉県越谷市 343-0828, Japan",
    "phone": "048-940-0205",
    "services": "bam, pab",
    "url": "https://brickstorestamps.com/stores/store-lego-store-koshigaya-laketown-mori"
   }
  },
  {
   "type": "Feature",
   "geometry": {
    "type": "Point",
    "coordinates": [
     133.772,
     34.58508
    ]
   },
   "properties": {
    "id": "store-lego-store-kurashiki",
    "name": "LEGO® Store Kurashiki",
    "name_local": null,
    "city": "Kurashiki",
    "country": "Japan",
    "type": "official",
    "closed_year": null,
    "address": "寿町12-1 三井アウトレットパーク倉敷2640区画, 岡山県倉敷市 710-0813, Japan",
    "phone": "086-441-6605",
    "services": "bam, pab",
    "url": "https://brickstorestamps.com/stores/store-lego-store-kurashiki"
   }
  },
  {
   "type": "Feature",
   "geometry": {
    "type": "Point",
    "coordinates": [
     136.6843,
     35.06661
    ]
   },
   "properties": {
    "id": "store-lego-store-nagashima",
    "name": "LEGO® Store Nagashima",
    "name_local": null,
    "city": "Kuwana",
    "country": "Japan",
    "type": "official",
    "closed_year": null,
    "address": "長島町浦安368 三井アウトレットパーク ジャズドリーム長島 2540, 三重県桑名市 511-1135, Japan",
    "phone": "0594-45-8285",
    "services": "bam, pab",
    "url": "https://brickstorestamps.com/stores/store-lego-store-nagashima"
   }
  },
  {
   "type": "Feature",
   "geometry": {
    "type": "Point",
    "coordinates": [
     136.89984,
     35.1851
    ]
   },
   "properties": {
    "id": "store-lego-store-mozo-wonder-city",
    "name": "LEGO® Store mozo Wonder City",
    "name_local": null,
    "city": "Nagoya",
    "country": "Japan",
    "type": "official",
    "closed_year": null,
    "address": null,
    "phone": null,
    "services": "bam, pab",
    "url": "https://brickstorestamps.com/stores/store-lego-store-mozo-wonder-city"
   }
  },
  {
   "type": "Feature",
   "geometry": {
    "type": "Point",
    "coordinates": [
     136.89984,
     35.1851
    ]
   },
   "properties": {
    "id": "store-lego-store-nagoya-minato-aqursu",
    "name": "LEGO® Store Nagoya Minato Aqursu",
    "name_local": null,
    "city": "Nagoya",
    "country": "Japan",
    "type": "official",
    "closed_year": null,
    "address": "港区港明2-3-2 ららぽーと名古屋みなとアクルス 3F, 愛知県名古屋市 455-0018, Japan",
    "phone": "052-655-6605",
    "services": "bam, pab",
    "url": "https://brickstorestamps.com/stores/store-lego-store-nagoya-minato-aqursu"
   }
  },
  {
   "type": "Feature",
   "geometry": {
    "type": "Point",
    "coordinates": [
     136.89984,
     35.1851
    ]
   },
   "properties": {
    "id": "store-legoland-japan",
    "name": "LEGOLAND Japan",
    "name_local": null,
    "city": "Nagoya",
    "country": "Japan",
    "type": "official",
    "closed_year": null,
    "address": null,
    "phone": null,
    "services": "bam, pab",
    "url": "https://brickstorestamps.com/stores/store-legoland-japan"
   }
  },
  {
   "type": "Feature",
   "geometry": {
    "type": "Point",
    "coordinates": [
     140.31834,
     35.77677
    ]
   },
   "properties": {
    "id": "store-lego-store-narita-airport",
    "name": "LEGO® Store Narita Airport",
    "name_local": null,
    "city": "Narita",
    "country": "Japan",
    "type": "official",
    "closed_year": null,
    "address": "三里塚御料牧場1‐1 成田空港第1ターミナル中央ビル新館4F, 千葉県成田市 282-0011, Japan",
    "phone": "0476-32-5205",
    "services": null,
    "url": "https://brickstorestamps.com/stores/store-lego-store-narita-airport"
   }
  },
  {
   "type": "Feature",
   "geometry": {
    "type": "Point",
    "coordinates": [
     137.17282,
     34.95488
    ]
   },
   "properties": {
    "id": "store-lego-store-okazaki",
    "name": "LEGO® Store Okazaki",
    "name_local": null,
    "city": "Okazaki",
    "country": "Japan",
    "type": "official",
    "closed_year": null,
    "address": "戸崎町字外山38-5 イオンモール岡崎 3階, 愛知県岡崎市 444-0840, Japan",
    "phone": "0564-64-0705",
    "services": "bam, pab",
    "url": "https://brickstorestamps.com/stores/store-lego-store-okazaki"
   }
  },
  {
   "type": "Feature",
   "geometry": {
    "type": "Point",
    "coordinates": [
     135.50145,
     34.69376
    ]
   },
   "properties": {
    "id": "store-lego-store-shinsaibashi",
    "name": "LEGO® Store Shinsaibashi",
    "name_local": null,
    "city": "Osaka",
    "country": "Japan",
    "type": "official",
    "closed_year": null,
    "address": "中央区心斎橋筋１丁目８-３ 心斎橋PARCO6F, 大阪府大阪市 542-0085, Japan",
    "phone": "06-6243-8505",
    "services": "bam, pab",
    "url": "https://brickstorestamps.com/stores/store-lego-store-shinsaibashi"
   }
  },
  {
   "type": "Feature",
   "geometry": {
    "type": "Point",
    "coordinates": [
     135.50145,
     34.69376
    ]
   },
   "properties": {
    "id": "store-lego-store-umeda",
    "name": "LEGO® Store Umeda",
    "name_local": null,
    "city": "Osaka",
    "country": "Japan",
    "type": "official",
    "closed_year": null,
    "address": "北区芝田１‐１‐3 阪急三番街 1階, 大阪府大阪市 530-0012, Japan",
    "phone": "06-6374-2305",
    "services": "bam, pab",
    "url": "https://brickstorestamps.com/stores/store-lego-store-umeda"
   }
  },
  {
   "type": "Feature",
   "geometry": {
    "type": "Point",
    "coordinates": [
     135.50145,
     34.69376
    ]
   },
   "properties": {
    "id": "store-legoland-discovery-centre-osaka",
    "name": "LEGOLAND Discovery Centre Osaka",
    "name_local": null,
    "city": "Osaka",
    "country": "Japan",
    "type": "official",
    "closed_year": null,
    "address": null,
    "phone": null,
    "services": null,
    "url": "https://brickstorestamps.com/stores/store-legoland-discovery-centre-osaka"
   }
  },
  {
   "type": "Feature",
   "geometry": {
    "type": "Point",
    "coordinates": [
     136.86886,
     36.67559
    ]
   },
   "properties": {
    "id": "store-lego-store-hokuriku-oyabe",
    "name": "LEGO® Store Hokuriku Oyabe",
    "name_local": null,
    "city": "Oyabe",
    "country": "Japan",
    "type": "official",
    "closed_year": null,
    "address": "西中野972-1 三井アウトレットパーク北陸小矢部 2013区画, 富山県小矢部市 932-0035, Japan",
    "phone": "076-678-3277",
    "services": "bam, pab",
    "url": "https://brickstorestamps.com/stores/store-lego-store-hokuriku-oyabe"
   }
  },
  {
   "type": "Feature",
   "geometry": {
    "type": "Point",
    "coordinates": [
     136.11832,
     35.05823
    ]
   },
   "properties": {
    "id": "store-lego-store-shiga-ryuo",
    "name": "LEGO® Store Shiga Ryuo",
    "name_local": null,
    "city": "Ryuo",
    "country": "Japan",
    "type": "official",
    "closed_year": null,
    "address": "竜王町薬師砂山1178-694 三井アウトレットパーク滋賀竜王 253-03, 滋賀県蒲生郡 520-2551, Japan",
    "phone": "0748-58-1705",
    "services": "bam, pab",
    "url": "https://brickstorestamps.com/stores/store-lego-store-shiga-ryuo"
   }
  },
  {
   "type": "Feature",
   "geometry": {
    "type": "Point",
    "coordinates": [
     139.64557,
     35.86161
    ]
   },
   "properties": {
    "id": "store-lego-store-saitama-shintoshin",
    "name": "LEGO® Store Saitama Shintoshin",
    "name_local": null,
    "city": "Saitama",
    "country": "Japan",
    "type": "official",
    "closed_year": null,
    "address": "大宮区吉敷町4-263-1 コクーンⅡ 3F 333区画, 埼玉県さいたま市 330-0843, Japan",
    "phone": "0487-88-1230",
    "services": "bam, pab",
    "url": "https://brickstorestamps.com/stores/store-lego-store-saitama-shintoshin"
   }
  },
  {
   "type": "Feature",
   "geometry": {
    "type": "Point",
    "coordinates": [
     139.57843,
     36.31441
    ]
   },
   "properties": {
    "id": "store-lego-store-sano",
    "name": "LEGO® Store Sano",
    "name_local": null,
    "city": "Sano",
    "country": "Japan",
    "type": "official",
    "closed_year": null,
    "address": "越名町2058番地 佐野プレミアム・アウトレット 640, 栃木県佐野市 327-8533, Japan",
    "phone": "0283-27-3005",
    "services": "bam, pab",
    "url": "https://brickstorestamps.com/stores/store-lego-store-sano"
   }
  },
  {
   "type": "Feature",
   "geometry": {
    "type": "Point",
    "coordinates": [
     140.86915,
     38.26776
    ]
   },
   "properties": {
    "id": "store-lego-store-sendai-port",
    "name": "LEGO® Store Sendai Port",
    "name_local": null,
    "city": "Sendai",
    "country": "Japan",
    "type": "official",
    "closed_year": null,
    "address": "宮城野区中野3-7-2 三井アウトレットパーク仙台港2440, 宮城県仙台市 983-0013, Japan",
    "phone": "022-355-8005",
    "services": "bam, pab",
    "url": "https://brickstorestamps.com/stores/store-lego-store-sendai-port"
   }
  },
  {
   "type": "Feature",
   "geometry": {
    "type": "Point",
    "coordinates": [
     140.26996,
     35.72371
    ]
   },
   "properties": {
    "id": "store-lego-store-shisui",
    "name": "LEGO® Store Shisui",
    "name_local": null,
    "city": "Shisui",
    "country": "Japan",
    "type": "official",
    "closed_year": null,
    "address": "酒々井町飯積2-4-1 酒々井プレミアム・アウトレット 230, 千葉県印旛郡 285-8509, Japan",
    "phone": "043-308-8779",
    "services": "bam, pab",
    "url": "https://brickstorestamps.com/stores/store-lego-store-shisui"
   }
  },
  {
   "type": "Feature",
   "geometry": {
    "type": "Point",
    "coordinates": [
     135.51683,
     34.75942
    ]
   },
   "properties": {
    "id": "store-lego-store-expocity",
    "name": "LEGO® Store Expocity",
    "name_local": null,
    "city": "Suita",
    "country": "Japan",
    "type": "official",
    "closed_year": null,
    "address": "千里万博公園2-1 三井ショッピングパークららぽーとEXPOCITY 3階 30300, 大阪府吹田市 565-0826, Japan",
    "phone": "06-4864-8305",
    "services": "bam, pab",
    "url": "https://brickstorestamps.com/stores/store-lego-store-expocity"
   }
  },
  {
   "type": "Feature",
   "geometry": {
    "type": "Point",
    "coordinates": [
     139.40777,
     35.71391
    ]
   },
   "properties": {
    "id": "store-lego-store-tachikawa-tachihi",
    "name": "LEGO® Store Tachikawa Tachihi",
    "name_local": null,
    "city": "Tachikawa",
    "country": "Japan",
    "type": "official",
    "closed_year": null,
    "address": "泉町935－1 三井ショッピングパーク ららぽーと立川立飛3F, 東京都立川市 190-0015, Japan",
    "phone": "042-512-7905",
    "services": "bam, pab",
    "url": "https://brickstorestamps.com/stores/store-lego-store-tachikawa-tachihi"
   }
  },
  {
   "type": "Feature",
   "geometry": {
    "type": "Point",
    "coordinates": [
     137.18262,
     35.35249
    ]
   },
   "properties": {
    "id": "store-lego-store-toki",
    "name": "LEGO® Store Toki",
    "name_local": null,
    "city": "Toki",
    "country": "Japan",
    "type": "official",
    "closed_year": null,
    "address": "土岐が丘1-2 土岐プレミアム・アウトレット 845区, 岐阜県土岐市 509-5196, Japan",
    "phone": "v",
    "services": "bam, pab",
    "url": "https://brickstorestamps.com/stores/store-lego-store-toki"
   }
  },
  {
   "type": "Feature",
   "geometry": {
    "type": "Point",
    "coordinates": [
     139.76389,
     35.67686
    ]
   },
   "properties": {
    "id": "store-lego-store-ariake-garden",
    "name": "LEGO® Store Ariake Garden",
    "name_local": null,
    "city": "Tokyo",
    "country": "Japan",
    "type": "official",
    "closed_year": null,
    "address": "江東区有明2-1-8 有明ガーデン３F 335, 東京都 135-0063, Japan",
    "phone": "03-5962-4705",
    "services": "bam, pab",
    "url": "https://brickstorestamps.com/stores/store-lego-store-ariake-garden"
   }
  },
  {
   "type": "Feature",
   "geometry": {
    "type": "Point",
    "coordinates": [
     139.76389,
     35.67686
    ]
   },
   "properties": {
    "id": "store-lego-store-divercity-tokyo-plaza",
    "name": "LEGO® Store DiverCity Tokyo Plaza",
    "name_local": null,
    "city": "Tokyo",
    "country": "Japan",
    "type": "official",
    "closed_year": null,
    "address": "江東区青海1-1-10 ダイバーシティ東京 プラザ 5F 51901, 東京都 135-0064, Japan",
    "phone": "03-5962-4405",
    "services": "bam, pab",
    "url": "https://brickstorestamps.com/stores/store-lego-store-divercity-tokyo-plaza"
   }
  },
  {
   "type": "Feature",
   "geometry": {
    "type": "Point",
    "coordinates": [
     139.76389,
     35.67686
    ]
   },
   "properties": {
    "id": "store-lego-store-futako-tamagawa",
    "name": "LEGO® Store Futako Tamagawa",
    "name_local": null,
    "city": "Tokyo",
    "country": "Japan",
    "type": "official",
    "closed_year": null,
    "address": "世田谷区玉川2-21-1 二子玉川ライズS.C. タウンフロント6F, 東京都 158-0094, Japan",
    "phone": "03-6431-0405",
    "services": "bam, pab",
    "url": "https://brickstorestamps.com/stores/store-lego-store-futako-tamagawa"
   }
  },
  {
   "type": "Feature",
   "geometry": {
    "type": "Point",
    "coordinates": [
     139.76389,
     35.67686
    ]
   },
   "properties": {
    "id": "store-lego-store-roppongi-hills",
    "name": "LEGO® Store Roppongi Hills",
    "name_local": null,
    "city": "Tokyo",
    "country": "Japan",
    "type": "official",
    "closed_year": null,
    "address": "港区六本木6-10-1 六本木ヒルズ ヒルサイド B2F, 東京都 106-6108, Japan",
    "phone": "03-5785-1705",
    "services": "bam, pab",
    "url": "https://brickstorestamps.com/stores/store-lego-store-roppongi-hills"
   }
  },
  {
   "type": "Feature",
   "geometry": {
    "type": "Point",
    "coordinates": [
     139.76389,
     35.67686
    ]
   },
   "properties": {
    "id": "store-lego-store-tokyo-station",
    "name": "LEGO® Store Tokyo Station",
    "name_local": null,
    "city": "Tokyo",
    "country": "Japan",
    "type": "official",
    "closed_year": null,
    "address": "千代田区丸の内1-9-1 東京駅一番街 地下一階, 東京都 100-0005, Japan",
    "phone": "03-3215-0105",
    "services": "bam, pab",
    "url": "https://brickstorestamps.com/stores/store-lego-store-tokyo-station"
   }
  },
  {
   "type": "Feature",
   "geometry": {
    "type": "Point",
    "coordinates": [
     139.76389,
     35.67686
    ]
   },
   "properties": {
    "id": "store-legoland-discovery-center-tokyo",
    "name": "LEGOLAND Discovery Center Tokyo",
    "name_local": null,
    "city": "Tokyo",
    "country": "Japan",
    "type": "official",
    "closed_year": null,
    "address": null,
    "phone": null,
    "services": null,
    "url": "https://brickstorestamps.com/stores/store-legoland-discovery-center-tokyo"
   }
  },
  {
   "type": "Feature",
   "geometry": {
    "type": "Point",
    "coordinates": [
     130.5062,
     33.37785
    ]
   },
   "properties": {
    "id": "store-lego-store-tosu",
    "name": "LEGO® Store Tosu",
    "name_local": null,
    "city": "Tosu",
    "country": "Japan",
    "type": "official",
    "closed_year": null,
    "address": "弥生が丘8-1 鳥栖プレミアム・アウトレット320区, 佐賀県鳥栖市 842-0005, Japan",
    "phone": "0942-87-5205",
    "services": "bam, pab",
    "url": "https://brickstorestamps.com/stores/store-lego-store-tosu"
   }
  },
  {
   "type": "Feature",
   "geometry": {
    "type": "Point",
    "coordinates": [
     127.68844,
     26.24964
    ]
   },
   "properties": {
    "id": "store-lego-store-okinawa-parco-city",
    "name": "LEGO® Store Okinawa Parco City",
    "name_local": null,
    "city": "Urasoe (Okinawa)",
    "country": "Japan",
    "type": "official",
    "closed_year": null,
    "address": "西洲3-1-1 パルコシティ3F 3057, 沖縄県浦添市 901-2123, Japan",
    "phone": "098-917 -1505",
    "services": "bam, pab",
    "url": "https://brickstorestamps.com/stores/store-lego-store-okinawa-parco-city"
   }
  },
  {
   "type": "Feature",
   "geometry": {
    "type": "Point",
    "coordinates": [
     139.63438,
     35.45034
    ]
   },
   "properties": {
    "id": "store-lego-store-yokohama-bayside",
    "name": "LEGO® Store Yokohama Bayside",
    "name_local": null,
    "city": "Yokohama",
    "country": "Japan",
    "type": "official",
    "closed_year": null,
    "address": "金沢区白帆5－2 三井アウトレットパーク 横浜ベイサイド 10530, 神奈川県横浜市 236-0007, Japan",
    "phone": "045-374-3405",
    "services": "bam, pab",
    "url": "https://brickstorestamps.com/stores/store-lego-store-yokohama-bayside"
   }
  },
  {
   "type": "Feature",
   "geometry": {
    "type": "Point",
    "coordinates": [
     139.63438,
     35.45034
    ]
   },
   "properties": {
    "id": "store-lego-store-yokohama-landmark-plaza",
    "name": "LEGO® Store Yokohama Landmark Plaza",
    "name_local": null,
    "city": "Yokohama",
    "country": "Japan",
    "type": "official",
    "closed_year": null,
    "address": "西区みなとみらい2-2-1 横浜ランドマークプラザ2F, 神奈川県横浜市 220-0012, Japan",
    "phone": "045-670-0505",
    "services": "bam, pab",
    "url": "https://brickstorestamps.com/stores/store-lego-store-yokohama-landmark-plaza"
   }
  },
  {
   "type": "Feature",
   "geometry": {
    "type": "Point",
    "coordinates": [
     76.8921,
     43.2025
    ]
   },
   "properties": {
    "id": "store-lego-certified-store-almaty",
    "name": "LEGO® Certified Store Almaty",
    "name_local": null,
    "city": "Almaty",
    "country": "Kazakhstan",
    "type": "official",
    "closed_year": null,
    "address": "MEGA Alma-Ata, Rozybakiev Street 247A / Abish Kekilbayuly Street 264, Almaty, Kazakhstan",
    "phone": null,
    "services": null,
    "url": "https://brickstorestamps.com/stores/store-lego-certified-store-almaty"
   }
  },
  {
   "type": "Feature",
   "geometry": {
    "type": "Point",
    "coordinates": [
     47.97342,
     29.37965
    ]
   },
   "properties": {
    "id": "store-lego-certified-store-360-mall",
    "name": "LEGO® Certified Store 360 Mall",
    "name_local": null,
    "city": "Kuwait City",
    "country": "Kuwait",
    "type": "official",
    "closed_year": null,
    "address": "360 Mall, M2 Level, Sixth Ring Road, South Surra, Al Zahra / Kuwait, Kuwait",
    "phone": null,
    "services": null,
    "url": "https://brickstorestamps.com/stores/store-lego-certified-store-360-mall"
   }
  },
  {
   "type": "Feature",
   "geometry": {
    "type": "Point",
    "coordinates": [
     47.97342,
     29.37965
    ]
   },
   "properties": {
    "id": "store-lego-store-avenues-mall",
    "name": "LEGO® Store Avenues Mall",
    "name_local": null,
    "city": "Kuwait City",
    "country": "Kuwait",
    "type": "official",
    "closed_year": null,
    "address": "Al-Rai, 5th Ring Road, Kuwait City, Kuwait",
    "phone": "+965 2259 7410",
    "services": "bam, pab",
    "url": "https://brickstorestamps.com/stores/store-lego-store-avenues-mall"
   }
  },
  {
   "type": "Feature",
   "geometry": {
    "type": "Point",
    "coordinates": [
     113.53805,
     22.18994
    ]
   },
   "properties": {
    "id": "store-lego-store-the-venetian-macao",
    "name": "LEGO Store The Venetian Macao",
    "name_local": null,
    "city": "Macau",
    "country": "Macau",
    "type": "official",
    "closed_year": null,
    "address": "澳門威尼斯人購物中心大運河街872及874號店, 澳門, Macau",
    "phone": "+853 28330360",
    "services": "bam, pab",
    "url": "https://brickstorestamps.com/stores/store-lego-store-the-venetian-macao"
   }
  },
  {
   "type": "Feature",
   "geometry": {
    "type": "Point",
    "coordinates": [
     101.73742,
     3.09919
    ]
   },
   "properties": {
    "id": "store-lego-mono-brand-store-bricks-smart-bandar-mahkota-cheras",
    "name": "LEGO® Mono Brand Store Bricks Smart (Bandar Mahkota Cheras)",
    "name_local": null,
    "city": "Cheras",
    "country": "Malaysia",
    "type": "official",
    "closed_year": null,
    "address": "7, Jalan Temenggung 25/9, Bandar Mahkota Cheras, Cheras, Selangor 43200, Malaysia",
    "phone": "016-3333913",
    "services": null,
    "url": "https://brickstorestamps.com/stores/store-lego-mono-brand-store-bricks-smart-bandar-mahkota-cheras"
   }
  },
  {
   "type": "Feature",
   "geometry": {
    "type": "Point",
    "coordinates": [
     100.32874,
     5.41416
    ]
   },
   "properties": {
    "id": "store-lego-store-gurney-paragon-penang",
    "name": "LEGO® Store Gurney Paragon Penang",
    "name_local": null,
    "city": "George Town",
    "country": "Malaysia",
    "type": "official",
    "closed_year": null,
    "address": "Lot 163D-3-31A, Level 3, Gurney Paragon Mall, Persiaran Gurney, Penang, Kuala Lumpur 10250, Malaysia",
    "phone": "(04) 371 7619",
    "services": "bam, pab",
    "url": "https://brickstorestamps.com/stores/store-lego-store-gurney-paragon-penang"
   }
  },
  {
   "type": "Feature",
   "geometry": {
    "type": "Point",
    "coordinates": [
     100.32874,
     5.41416
    ]
   },
   "properties": {
    "id": "store-lego-store-queensbay-mall-penang",
    "name": "LEGO® Store Queensbay Mall Penang",
    "name_local": null,
    "city": "George Town",
    "country": "Malaysia",
    "type": "official",
    "closed_year": null,
    "address": "Lot 2F-97 & 98, 2nd Floor, Queensbay Mall, 100, Pesiaran Bayan Indah Bayan Lepas, Penang, Kuala Lumpur 11900, Malaysia",
    "phone": "(04) 643 6102",
    "services": "bam, pab",
    "url": "https://brickstorestamps.com/stores/store-lego-store-queensbay-mall-penang"
   }
  },
  {
   "type": "Feature",
   "geometry": {
    "type": "Point",
    "coordinates": [
     103.61447,
     1.45227
    ]
   },
   "properties": {
    "id": "store-legoland-malaysia",
    "name": "LEGOLAND Malaysia",
    "name_local": null,
    "city": "Iskandar Puteri",
    "country": "Malaysia",
    "type": "official",
    "closed_year": null,
    "address": null,
    "phone": null,
    "services": "bam, pab",
    "url": "https://brickstorestamps.com/stores/store-legoland-malaysia"
   }
  },
  {
   "type": "Feature",
   "geometry": {
    "type": "Point",
    "coordinates": [
     103.76491,
     1.4582
    ]
   },
   "properties": {
    "id": "store-lego-store-the-mall-mid-valley-southkey",
    "name": "LEGO® Store The Mall, Mid Valley Southkey",
    "name_local": null,
    "city": "Johor Bahru",
    "country": "Malaysia",
    "type": "official",
    "closed_year": null,
    "address": "G-055, The Mall, Mid Valley Southkey, Persiaran Southkey 1, Southkey, 80150 Johor Bahru, Johor, Kuala Lumpur 80150, Malaysia",
    "phone": "+607-278 0667",
    "services": "bam, pab",
    "url": "https://brickstorestamps.com/stores/store-lego-store-the-mall-mid-valley-southkey"
   }
  },
  {
   "type": "Feature",
   "geometry": {
    "type": "Point",
    "coordinates": [
     116.0729,
     5.97801
    ]
   },
   "properties": {
    "id": "store-lego-store-imago-mall-sabah",
    "name": "LEGO® Store iMAGO Mall Sabah",
    "name_local": null,
    "city": "Kota Kinabalu",
    "country": "Malaysia",
    "type": "official",
    "closed_year": null,
    "address": "Lot 2-16, 2nd Floor,IMAGO SHOPPING MALL, KK Times Square, Phase 2 , Off Coastal Highway, Kota Kinabalu,Sabah, Kuala Lumpur 88100, Malaysia",
    "phone": "(08) 8301730",
    "services": "bam, pab",
    "url": "https://brickstorestamps.com/stores/store-lego-store-imago-mall-sabah"
   }
  },
  {
   "type": "Feature",
   "geometry": {
    "type": "Point",
    "coordinates": [
     101.69424,
     3.1517
    ]
   },
   "properties": {
    "id": "store-lego-store-kuala-lumpur-kul-klia1d",
    "name": "LEGO Store Kuala Lumpur KUL-KLIA1D",
    "name_local": null,
    "city": "Kuala Lumpur",
    "country": "Malaysia",
    "type": "official",
    "closed_year": null,
    "address": "Kuala Lumpur International Airport, Sepang 64000, Malaysia",
    "phone": null,
    "services": null,
    "url": "https://brickstorestamps.com/stores/store-lego-store-kuala-lumpur-kul-klia1d"
   }
  },
  {
   "type": "Feature",
   "geometry": {
    "type": "Point",
    "coordinates": [
     101.69424,
     3.1517
    ]
   },
   "properties": {
    "id": "store-lego-certified-store-the-gardens-mall",
    "name": "LEGO® Certified Store The Gardens Mall",
    "name_local": null,
    "city": "Kuala Lumpur",
    "country": "Malaysia",
    "type": "official",
    "closed_year": null,
    "address": "Lot T-203B, 3rd Floor, The Gardens Mall, Mid Valley City, Kuala Lumpur 59200, Malaysia",
    "phone": null,
    "services": null,
    "url": "https://brickstorestamps.com/stores/store-lego-certified-store-the-gardens-mall"
   }
  },
  {
   "type": "Feature",
   "geometry": {
    "type": "Point",
    "coordinates": [
     101.69424,
     3.1517
    ]
   },
   "properties": {
    "id": "store-lego-store-bangsar-village-ii",
    "name": "LEGO® Store Bangsar Village II",
    "name_local": null,
    "city": "Kuala Lumpur",
    "country": "Malaysia",
    "type": "official",
    "closed_year": null,
    "address": "2F-29&29(a), 2nd Floor, Bangsar Village II 2, Jalan Telawi 1 Bangsar, Kuala Lumpur 59100, Malaysia",
    "phone": "(03) 2282 4848",
    "services": "bam, pab",
    "url": "https://brickstorestamps.com/stores/store-lego-store-bangsar-village-ii"
   }
  },
  {
   "type": "Feature",
   "geometry": {
    "type": "Point",
    "coordinates": [
     101.69424,
     3.1517
    ]
   },
   "properties": {
    "id": "store-lego-store-mid-valley-megamall",
    "name": "LEGO® Store Mid Valley Megamall",
    "name_local": null,
    "city": "Kuala Lumpur",
    "country": "Malaysia",
    "type": "official",
    "closed_year": null,
    "address": "T-009, 3rd Floor, Mid Valley Megamall Mid Valley City Lingkaran Syed Putra 59200 Kuala Lumpur, Kuala Lumpur 80150, Malaysia",
    "phone": "03-2201 0885",
    "services": "bam, pab",
    "url": "https://brickstorestamps.com/stores/store-lego-store-mid-valley-megamall"
   }
  },
  {
   "type": "Feature",
   "geometry": {
    "type": "Point",
    "coordinates": [
     101.69424,
     3.1517
    ]
   },
   "properties": {
    "id": "store-lego-store-pavilion-elite-kuala-lumpur",
    "name": "LEGO® Store Pavilion Elite Kuala Lumpur",
    "name_local": null,
    "city": "Kuala Lumpur",
    "country": "Malaysia",
    "type": "official",
    "closed_year": null,
    "address": "Lot 6.102, Level 6 Pavilion Elite Kuala Lumpur 168, Jalan Bukit Bintang, Wilayah Persekutuan, Kuala Lumpur 55100, Malaysia",
    "phone": "(03) 2110 3377",
    "services": "bam, pab",
    "url": "https://brickstorestamps.com/stores/store-lego-store-pavilion-elite-kuala-lumpur"
   }
  },
  {
   "type": "Feature",
   "geometry": {
    "type": "Point",
    "coordinates": [
     101.69424,
     3.1517
    ]
   },
   "properties": {
    "id": "store-lego-store-sunway-velocity-mall",
    "name": "LEGO® Store Sunway VeloCity Mall",
    "name_local": null,
    "city": "Kuala Lumpur",
    "country": "Malaysia",
    "type": "official",
    "closed_year": null,
    "address": "1-19, First Floor Lingkaran SV2 Sunway Velocity, Kuala Lumpur 55100, Malaysia",
    "phone": "603-48165108",
    "services": "bam, pab",
    "url": "https://brickstorestamps.com/stores/store-lego-store-sunway-velocity-mall"
   }
  },
  {
   "type": "Feature",
   "geometry": {
    "type": "Point",
    "coordinates": [
     101.69424,
     3.1517
    ]
   },
   "properties": {
    "id": "store-lego-store-suria-klcc",
    "name": "LEGO® Store Suria KLCC",
    "name_local": null,
    "city": "Kuala Lumpur",
    "country": "Malaysia",
    "type": "official",
    "closed_year": null,
    "address": "Lot 216-217, Second Flr, Suria KLCC , Kuala Lumpur City Centre, Kuala Lumpur 50088, Malaysia",
    "phone": "03 2181 0127",
    "services": "bam, pab",
    "url": "https://brickstorestamps.com/stores/store-lego-store-suria-klcc"
   }
  },
  {
   "type": "Feature",
   "geometry": {
    "type": "Point",
    "coordinates": [
     110.34936,
     1.50664
    ]
   },
   "properties": {
    "id": "store-lego-mono-brand-store-brickem-jalan-tun-jugah",
    "name": "LEGO® Mono Brand Store Brickem (Jalan Tun Jugah)",
    "name_local": null,
    "city": "Kuching",
    "country": "Malaysia",
    "type": "official",
    "closed_year": null,
    "address": "Jalan Tun Jugah, Kuching, Sarawak, Malaysia",
    "phone": null,
    "services": null,
    "url": "https://brickstorestamps.com/stores/store-lego-mono-brand-store-brickem-jalan-tun-jugah"
   }
  },
  {
   "type": "Feature",
   "geometry": {
    "type": "Point",
    "coordinates": [
     110.3454,
     1.55976
    ]
   },
   "properties": {
    "id": "store-lego-mono-brand-store-brickem-vivacity-megamall",
    "name": "LEGO® Mono Brand Store Brickem (Vivacity Megamall)",
    "name_local": null,
    "city": "Kuching",
    "country": "Malaysia",
    "type": "official",
    "closed_year": null,
    "address": null,
    "phone": null,
    "services": null,
    "url": "https://brickstorestamps.com/stores/store-lego-mono-brand-store-brickem-vivacity-megamall"
   }
  },
  {
   "type": "Feature",
   "geometry": {
    "type": "Point",
    "coordinates": [
     110.3454,
     1.55976
    ]
   },
   "properties": {
    "id": "store-lego-store-the-spring-kuching",
    "name": "LEGO® Store The Spring Kuching",
    "name_local": null,
    "city": "Kuching",
    "country": "Malaysia",
    "type": "official",
    "closed_year": null,
    "address": "G24 & G25, Ground Floor, The Spring Kuching, No. 304, Persiaran, Kuching, Sarawak 93300, Malaysia",
    "phone": "+608-2239749",
    "services": "bam, pab",
    "url": "https://brickstorestamps.com/stores/store-lego-store-the-spring-kuching"
   }
  },
  {
   "type": "Feature",
   "geometry": {
    "type": "Point",
    "coordinates": [
     102.2881,
     2.32937
    ]
   },
   "properties": {
    "id": "store-lego-store-aeon-mall-bandaraya-melaka",
    "name": "LEGO® Store AEON Mall Bandaraya Melaka",
    "name_local": null,
    "city": "Malacca",
    "country": "Malaysia",
    "type": "official",
    "closed_year": null,
    "address": "Lot S01, 2nd Floor, AEON Mall Bandaraya Melaka, No. 2, Jalan Lagenda, Melaka 75400, Malaysia",
    "phone": "+606-2899257",
    "services": "bam, pab",
    "url": "https://brickstorestamps.com/stores/store-lego-store-aeon-mall-bandaraya-melaka"
   }
  },
  {
   "type": "Feature",
   "geometry": {
    "type": "Point",
    "coordinates": [
     100.25591,
     5.4065
    ]
   },
   "properties": {
    "id": "store-lego-store-penang-airport-pen",
    "name": "LEGO Store Penang Airport-PEN",
    "name_local": null,
    "city": "Penang",
    "country": "Malaysia",
    "type": "official",
    "closed_year": null,
    "address": "Penang International Airport, Jalan Lapangan Terbang Bayan Lepas, Domestic, Bayan Lepas, Penang 11900, Malaysia",
    "phone": null,
    "services": null,
    "url": "https://brickstorestamps.com/stores/store-lego-store-penang-airport-pen"
   }
  },
  {
   "type": "Feature",
   "geometry": {
    "type": "Point",
    "coordinates": [
     101.59433,
     3.1539
    ]
   },
   "properties": {
    "id": "store-lego-mono-brand-store-mighty-utan",
    "name": "LEGO® Mono Brand Store Mighty Utan",
    "name_local": null,
    "city": "Petaling Jaya",
    "country": "Malaysia",
    "type": "official",
    "closed_year": null,
    "address": "31G, Jalan PJU 5/20, Petaling Jaya, Selangor, Malaysia",
    "phone": null,
    "services": null,
    "url": "https://brickstorestamps.com/stores/store-lego-mono-brand-store-mighty-utan"
   }
  },
  {
   "type": "Feature",
   "geometry": {
    "type": "Point",
    "coordinates": [
     101.64542,
     3.09888
    ]
   },
   "properties": {
    "id": "store-lego-store-1utama",
    "name": "LEGO® Store 1Utama",
    "name_local": null,
    "city": "Petaling Jaya",
    "country": "Malaysia",
    "type": "official",
    "closed_year": null,
    "address": "Lot S227, Second Floor, 1 Utama Shopping Centre, Lebuh Bandar Utama, Bandar Utama City Centre, Bandar Utama, 47800 Petaling Jaya, Selangor, Kuala Lumpur 47800, Malaysia",
    "phone": "+603-7733 7980",
    "services": "bam, pab",
    "url": "https://brickstorestamps.com/stores/store-lego-store-1utama"
   }
  },
  {
   "type": "Feature",
   "geometry": {
    "type": "Point",
    "coordinates": [
     101.64542,
     3.09888
    ]
   },
   "properties": {
    "id": "store-lego-store-sunway-pyramid",
    "name": "LEGO® Store Sunway Pyramid",
    "name_local": null,
    "city": "Petaling Jaya",
    "country": "Malaysia",
    "type": "official",
    "closed_year": null,
    "address": "LG2.137 Sunway Pyramid Shopping Mall , No.3, Jalan PJS 11/15, Bandar Sunway, Petaling Jaya , Selangor Darul Ehsan, Kuala Lumpur 46150, Malaysia",
    "phone": "03 5611 2429",
    "services": "bam, pab",
    "url": "https://brickstorestamps.com/stores/store-lego-store-sunway-pyramid"
   }
  },
  {
   "type": "Feature",
   "geometry": {
    "type": "Point",
    "coordinates": [
     101.64542,
     3.09888
    ]
   },
   "properties": {
    "id": "store-lego-store-the-curve-damansara",
    "name": "LEGO® Store The Curve Damansara",
    "name_local": null,
    "city": "Petaling Jaya",
    "country": "Malaysia",
    "type": "official",
    "closed_year": null,
    "address": "1F-168, 6, Jalan PJU 7/3, Mutiara Damansara, 47800 Petaling Jaya, Selangor, Petaling Jaya, Selangor, Kuala Lumpur 47800, Malaysia",
    "phone": "(03) 7732 8029",
    "services": "bam, pab",
    "url": "https://brickstorestamps.com/stores/store-lego-store-the-curve-damansara"
   }
  },
  {
   "type": "Feature",
   "geometry": {
    "type": "Point",
    "coordinates": [
     101.68408,
     2.91797
    ]
   },
   "properties": {
    "id": "store-lego-store-ioi-city-mall-putrajaya",
    "name": "LEGO® Store IOI City Mall Putrajaya",
    "name_local": null,
    "city": "Putrajaya",
    "country": "Malaysia",
    "type": "official",
    "closed_year": null,
    "address": "L2-46, Level 2, IOI City Mall Lebuh IRC, IOI Resort City, PutraJaya, Kuala Lumpur 62502, Malaysia",
    "phone": "(03) 8938 9541",
    "services": "bam, pab",
    "url": "https://brickstorestamps.com/stores/store-lego-store-ioi-city-mall-putrajaya"
   }
  },
  {
   "type": "Feature",
   "geometry": {
    "type": "Point",
    "coordinates": [
     101.7094,
     2.80086
    ]
   },
   "properties": {
    "id": "store-lego-mono-brand-store-bricks-smart-mitsui-outlet-park-klia",
    "name": "LEGO® Mono Brand Store Bricks Smart (Mitsui Outlet Park KLIA)",
    "name_local": null,
    "city": "Sepang",
    "country": "Malaysia",
    "type": "official",
    "closed_year": null,
    "address": null,
    "phone": null,
    "services": null,
    "url": "https://brickstorestamps.com/stores/store-lego-mono-brand-store-bricks-smart-mitsui-outlet-park-klia"
   }
  },
  {
   "type": "Feature",
   "geometry": {
    "type": "Point",
    "coordinates": [
     101.88753,
     2.70812
    ]
   },
   "properties": {
    "id": "store-lego-mono-brand-store-brickstown-creation-plazo",
    "name": "LEGO® Mono Brand Store Brickstown Creation (Plazo)",
    "name_local": null,
    "city": "Seremban",
    "country": "Malaysia",
    "type": "official",
    "closed_year": null,
    "address": "73-G, Jalan Pusat Komersial Saujana 3, S2 Heights, Seremban, Negeri Sembilan 70300, Malaysia",
    "phone": null,
    "services": null,
    "url": "https://brickstorestamps.com/stores/store-lego-mono-brand-store-brickstown-creation-plazo"
   }
  },
  {
   "type": "Feature",
   "geometry": {
    "type": "Point",
    "coordinates": [
     101.51853,
     3.07394
    ]
   },
   "properties": {
    "id": "store-lego-store-setia-city-mall-shah-alam",
    "name": "LEGO® Store Setia City Mall Shah Alam",
    "name_local": null,
    "city": "Shah Alam",
    "country": "Malaysia",
    "type": "official",
    "closed_year": null,
    "address": "L1-18 & 19A, Level 1, Setia City Mall , Pesiaran Setia Dagang, Setia Alam, Shah Alam, Selangor, Kuala Lumpur 40170, Malaysia",
    "phone": "(03) 3362 4762",
    "services": "bam, pab",
    "url": "https://brickstorestamps.com/stores/store-lego-store-setia-city-mall-shah-alam"
   }
  },
  {
   "type": "Feature",
   "geometry": {
    "type": "Point",
    "coordinates": [
     101.58233,
     3.05149
    ]
   },
   "properties": {
    "id": "store-lego-store-empire-shopping-gallery-subang-nu-empire",
    "name": "LEGO® Store Empire Shopping Gallery Subang/NU Empire",
    "name_local": null,
    "city": "Subang Jaya",
    "country": "Malaysia",
    "type": "official",
    "closed_year": null,
    "address": "F27, 1st Floor, Empire Shopping Gallery, Jalan SS16/1, Subang Jaya, Selangor, Kuala Lumpur 47500, Malaysia",
    "phone": "(03) 5612 5127",
    "services": "bam, pab",
    "url": "https://brickstorestamps.com/stores/store-lego-store-empire-shopping-gallery-subang-nu-empire"
   }
  },
  {
   "type": "Feature",
   "geometry": {
    "type": "Point",
    "coordinates": [
     -102.29672,
     21.88049
    ]
   },
   "properties": {
    "id": "store-lego-store-altaria",
    "name": "LEGO® Store Altaria",
    "name_local": null,
    "city": "Aguascalientes",
    "country": "Mexico",
    "type": "official",
    "closed_year": null,
    "address": "Blvd. a Zacatecas 849, Trojes de Alonso, Aguascalientes, Ags., Aguascalientes 20116, Mexico",
    "phone": null,
    "services": "bam, pab",
    "url": "https://brickstorestamps.com/stores/store-lego-store-altaria"
   }
  },
  {
   "type": "Feature",
   "geometry": {
    "type": "Point",
    "coordinates": [
     -86.84258,
     21.15275
    ]
   },
   "properties": {
    "id": "store-lego-store-la-isla-cancun",
    "name": "LEGO® Store La Isla Cancun",
    "name_local": null,
    "city": "Cancún",
    "country": "Mexico",
    "type": "official",
    "closed_year": null,
    "address": "Boulevard Kukulkán Mz. 52 Lote 18-06 La Isla 2 - Zona Hotelera, Cancún 77500, Mexico",
    "phone": null,
    "services": "bam, pab",
    "url": "https://brickstorestamps.com/stores/store-lego-store-la-isla-cancun"
   }
  },
  {
   "type": "Feature",
   "geometry": {
    "type": "Point",
    "coordinates": [
     -106.07675,
     28.63687
    ]
   },
   "properties": {
    "id": "store-lego-store-fashion-mall-chihuahua",
    "name": "LEGO® Store Fashion Mall Chihuahua",
    "name_local": null,
    "city": "Chihuahua",
    "country": "Mexico",
    "type": "official",
    "closed_year": null,
    "address": "Perif. de la Juventud 3501-Local L-72, L-73, Plaza del Sol, Chihuahua, Chih., Chihuahua 31207, Mexico",
    "phone": null,
    "services": "bam, pab",
    "url": "https://brickstorestamps.com/stores/store-lego-store-fashion-mall-chihuahua"
   }
  },
  {
   "type": "Feature",
   "geometry": {
    "type": "Point",
    "coordinates": [
     -99.23423,
     18.92183
    ]
   },
   "properties": {
    "id": "store-lego-store-averanda",
    "name": "LEGO® Store Averanda",
    "name_local": null,
    "city": "Cuernavaca",
    "country": "Mexico",
    "type": "official",
    "closed_year": null,
    "address": "Mexico-Acapulco Km 73.573, Flore Magón, Cuernavaca, Mor., Cuernavaca 62370, Mexico",
    "phone": null,
    "services": "bam, pab",
    "url": "https://brickstorestamps.com/stores/store-lego-store-averanda"
   }
  },
  {
   "type": "Feature",
   "geometry": {
    "type": "Point",
    "coordinates": [
     -107.39339,
     24.7979
    ]
   },
   "properties": {
    "id": "store-lego-store-la-ceiba",
    "name": "LEGO® Store La Ceiba",
    "name_local": null,
    "city": "Culiacán",
    "country": "Mexico",
    "type": "official",
    "closed_year": null,
    "address": "Blvd. Pedro Infante #3000. Desarrollo Urbano 3 Ríos, Culiacán 80100, Mexico",
    "phone": null,
    "services": "bam, pab",
    "url": "https://brickstorestamps.com/stores/store-lego-store-la-ceiba"
   }
  },
  {
   "type": "Feature",
   "geometry": {
    "type": "Point",
    "coordinates": [
     -99.04873,
     19.59941
    ]
   },
   "properties": {
    "id": "store-lego-store-las-americas-ecatepec",
    "name": "LEGO® Store Las Américas Ecatepec",
    "name_local": null,
    "city": "Ecatepec",
    "country": "Mexico",
    "type": "official",
    "closed_year": null,
    "address": "Centro Comercial Las Americas Ecatepec, Av. Central S/N, Fraccionamiento Las Americas, Ecatepec de Morelos, Estado de México, Ecatepec 55076, Mexico",
    "phone": null,
    "services": "bam, pab",
    "url": "https://brickstorestamps.com/stores/store-lego-store-las-americas-ecatepec"
   }
  },
  {
   "type": "Feature",
   "geometry": {
    "type": "Point",
    "coordinates": [
     -103.39137,
     20.72112
    ]
   },
   "properties": {
    "id": "store-lego-store-andares",
    "name": "LEGO® Store Andares",
    "name_local": null,
    "city": "Guadalajara",
    "country": "Mexico",
    "type": "official",
    "closed_year": null,
    "address": "Blvrd Puerta de Hierro 4965, Puerta de Hierro, Guadalajara 44100, Mexico",
    "phone": null,
    "services": "bam, pab",
    "url": "https://brickstorestamps.com/stores/store-lego-store-andares"
   }
  },
  {
   "type": "Feature",
   "geometry": {
    "type": "Point",
    "coordinates": [
     -103.3384,
     20.67204
    ]
   },
   "properties": {
    "id": "store-lego-store-galerias-guadalajara",
    "name": "LEGO® Store Galerias Guadalajara",
    "name_local": null,
    "city": "Guadalajara",
    "country": "Mexico",
    "type": "official",
    "closed_year": null,
    "address": "Avenida Rafael Sanzio No. 150, Zapopan 45030, Mexico",
    "phone": null,
    "services": "bam, pab",
    "url": "https://brickstorestamps.com/stores/store-lego-store-galerias-guadalajara"
   }
  },
  {
   "type": "Feature",
   "geometry": {
    "type": "Point",
    "coordinates": [
     -103.3384,
     20.67204
    ]
   },
   "properties": {
    "id": "store-lego-store-midtown",
    "name": "LEGO® Store Midtown",
    "name_local": null,
    "city": "Guadalajara",
    "country": "Mexico",
    "type": "official",
    "closed_year": null,
    "address": "Avenida Adolfo Lopez Mateos Norte No. 2405 Colonia Italia Providencia, Guadalajara 44648, Mexico",
    "phone": null,
    "services": "bam, pab",
    "url": "https://brickstorestamps.com/stores/store-lego-store-midtown"
   }
  },
  {
   "type": "Feature",
   "geometry": {
    "type": "Point",
    "coordinates": [
     -101.68298,
     21.12196
    ]
   },
   "properties": {
    "id": "store-lego-store-altacia",
    "name": "LEGO® Store Altacia",
    "name_local": null,
    "city": "León",
    "country": "Mexico",
    "type": "official",
    "closed_year": null,
    "address": "Blvd. Aeropuerto No.104 Centro Comercial Altacia, León 37530, Mexico",
    "phone": null,
    "services": "bam, pab",
    "url": "https://brickstorestamps.com/stores/store-lego-store-altacia"
   }
  },
  {
   "type": "Feature",
   "geometry": {
    "type": "Point",
    "coordinates": [
     -89.62374,
     20.96708
    ]
   },
   "properties": {
    "id": "store-lego-store-galerias-merida",
    "name": "LEGO® Store Galerías Mérida",
    "name_local": null,
    "city": "Mérida",
    "country": "Mexico",
    "type": "official",
    "closed_year": null,
    "address": "Calle 3 300, Zona Industrial, Colonia Revolución, Mérida 97110, Mexico",
    "phone": null,
    "services": "bam, pab",
    "url": "https://brickstorestamps.com/stores/store-lego-store-galerias-merida"
   }
  },
  {
   "type": "Feature",
   "geometry": {
    "type": "Point",
    "coordinates": [
     -99.60548,
     19.25227
    ]
   },
   "properties": {
    "id": "store-lego-store-metepec-town-square",
    "name": "LEGO® Store Metepec Town Square",
    "name_local": null,
    "city": "Metepec",
    "country": "Mexico",
    "type": "official",
    "closed_year": null,
    "address": "Av. Ignacio Comonfort 1100, Metepec 52177, Mexico",
    "phone": null,
    "services": "bam, pab",
    "url": "https://brickstorestamps.com/stores/store-lego-store-metepec-town-square"
   }
  },
  {
   "type": "Feature",
   "geometry": {
    "type": "Point",
    "coordinates": [
     -99.13717,
     19.29922
    ]
   },
   "properties": {
    "id": "store-lego-store-paseo-acoxpa",
    "name": "LEGO Store Paseo Acoxpa",
    "name_local": null,
    "city": "Mexico City",
    "country": "Mexico",
    "type": "official",
    "closed_year": null,
    "address": "Paseo Acoxpa, Ciudad de México, Mexico",
    "phone": null,
    "services": null,
    "url": "https://brickstorestamps.com/stores/store-lego-store-paseo-acoxpa"
   }
  },
  {
   "type": "Feature",
   "geometry": {
    "type": "Point",
    "coordinates": [
     -99.13318,
     19.43263
    ]
   },
   "properties": {
    "id": "store-lego-store-mitikah",
    "name": "LEGO® Store Mitikah",
    "name_local": null,
    "city": "Mexico City",
    "country": "Mexico",
    "type": "official",
    "closed_year": null,
    "address": "Cto Interior Avenida Río Churubusco 601, Mexico City 03330, Mexico",
    "phone": null,
    "services": "bam, pab",
    "url": "https://brickstorestamps.com/stores/store-lego-store-mitikah"
   }
  },
  {
   "type": "Feature",
   "geometry": {
    "type": "Point",
    "coordinates": [
     -99.13318,
     19.43263
    ]
   },
   "properties": {
    "id": "store-lego-store-parque-lindavista",
    "name": "LEGO® Store Parque Lindavista",
    "name_local": null,
    "city": "Mexico City",
    "country": "Mexico",
    "type": "official",
    "closed_year": null,
    "address": "Colector 13 280, Magdalena de las Salinas, Gustavo A. Madero, Mexico City 07760, Mexico",
    "phone": null,
    "services": "bam, pab",
    "url": "https://brickstorestamps.com/stores/store-lego-store-parque-lindavista"
   }
  },
  {
   "type": "Feature",
   "geometry": {
    "type": "Point",
    "coordinates": [
     -99.13318,
     19.43263
    ]
   },
   "properties": {
    "id": "store-lego-store-parque-tepeyac",
    "name": "LEGO® Store Parque Tepeyac",
    "name_local": null,
    "city": "Mexico City",
    "country": "Mexico",
    "type": "official",
    "closed_year": null,
    "address": "Eduardo Molina 6730, Granjas Modernas, Gustavo A. Madero, Mexico City 07460, Mexico",
    "phone": null,
    "services": "bam, pab",
    "url": "https://brickstorestamps.com/stores/store-lego-store-parque-tepeyac"
   }
  },
  {
   "type": "Feature",
   "geometry": {
    "type": "Point",
    "coordinates": [
     -99.13318,
     19.43263
    ]
   },
   "properties": {
    "id": "store-lego-store-perisur",
    "name": "LEGO® Store Perisur",
    "name_local": null,
    "city": "Mexico City",
    "country": "Mexico",
    "type": "official",
    "closed_year": null,
    "address": "Anillo Perif. Blvd. Adolfo López Mateos 4690 Colonia Jardines del Pedregal de San Angel, Ciudad de México 04500, Mexico",
    "phone": null,
    "services": "bam, pab",
    "url": "https://brickstorestamps.com/stores/store-lego-store-perisur"
   }
  },
  {
   "type": "Feature",
   "geometry": {
    "type": "Point",
    "coordinates": [
     -99.13318,
     19.43263
    ]
   },
   "properties": {
    "id": "store-lego-store-santa-fe",
    "name": "LEGO® Store Santa Fe",
    "name_local": null,
    "city": "Mexico City",
    "country": "Mexico",
    "type": "official",
    "closed_year": null,
    "address": "Avenida Vasco de Quiroga 3800 Colonia Santa Fe Cuajimalpa, Ciudad de México 05109, Mexico",
    "phone": null,
    "services": "bam, pab",
    "url": "https://brickstorestamps.com/stores/store-lego-store-santa-fe"
   }
  },
  {
   "type": "Feature",
   "geometry": {
    "type": "Point",
    "coordinates": [
     -100.31526,
     25.6802
    ]
   },
   "properties": {
    "id": "store-lego-store-fashion-drive-monterry",
    "name": "LEGO® Store Fashion Drive Monterry",
    "name_local": null,
    "city": "Monterrey",
    "country": "Mexico",
    "type": "official",
    "closed_year": null,
    "address": "Fashion Drive, San Pedro Garza García (Monterrey), Mexico",
    "phone": null,
    "services": "bam, pab",
    "url": "https://brickstorestamps.com/stores/store-lego-store-fashion-drive-monterry"
   }
  },
  {
   "type": "Feature",
   "geometry": {
    "type": "Point",
    "coordinates": [
     -100.31526,
     25.6802
    ]
   },
   "properties": {
    "id": "store-lego-store-galerias-monterrey",
    "name": "LEGO® Store Galerías Monterrey",
    "name_local": null,
    "city": "Monterrey",
    "country": "Mexico",
    "type": "official",
    "closed_year": null,
    "address": "Av Insurgentes 2500, Vista Hermosa Monterrey, N.L., Mexico, Monterrey 64620, Mexico",
    "phone": null,
    "services": "bam, pab",
    "url": "https://brickstorestamps.com/stores/store-lego-store-galerias-monterrey"
   }
  },
  {
   "type": "Feature",
   "geometry": {
    "type": "Point",
    "coordinates": [
     -100.40183,
     25.66518
    ]
   },
   "properties": {
    "id": "store-lego-store-punto-valle",
    "name": "LEGO® Store Punto Valle",
    "name_local": null,
    "city": "Monterrey",
    "country": "Mexico",
    "type": "official",
    "closed_year": null,
    "address": "Rio Missouri 555, Monterrey 66220, Mexico",
    "phone": null,
    "services": "bam, pab",
    "url": "https://brickstorestamps.com/stores/store-lego-store-punto-valle"
   }
  },
  {
   "type": "Feature",
   "geometry": {
    "type": "Point",
    "coordinates": [
     -99.2328,
     19.47884
    ]
   },
   "properties": {
    "id": "store-lego-store-plaza-satelite",
    "name": "LEGO® Store Plaza Satélite",
    "name_local": null,
    "city": "Naucalpan",
    "country": "Mexico",
    "type": "official",
    "closed_year": null,
    "address": "Cto Centro Comercial 2251, Cd. Satélite, 53100 Naucalpan de Juárez, Méx., Mexico City 53100, Mexico",
    "phone": null,
    "services": "bam, pab",
    "url": "https://brickstorestamps.com/stores/store-lego-store-plaza-satelite"
   }
  },
  {
   "type": "Feature",
   "geometry": {
    "type": "Point",
    "coordinates": [
     -98.74135,
     20.11654
    ]
   },
   "properties": {
    "id": "store-lego-store-galerias-pachuca",
    "name": "LEGO® Store Galerias Pachuca",
    "name_local": null,
    "city": "Pachuca",
    "country": "Mexico",
    "type": "official",
    "closed_year": null,
    "address": "Camino Real de La Plata 102 Zona Plateada, Pachuca 42083, Mexico",
    "phone": null,
    "services": "bam, pab",
    "url": "https://brickstorestamps.com/stores/store-lego-store-galerias-pachuca"
   }
  },
  {
   "type": "Feature",
   "geometry": {
    "type": "Point",
    "coordinates": [
     -98.19815,
     19.04372
    ]
   },
   "properties": {
    "id": "store-lego-store-angelopolis",
    "name": "LEGO® Store Angelópolis",
    "name_local": null,
    "city": "Puebla",
    "country": "Mexico",
    "type": "official",
    "closed_year": null,
    "address": "Blvrd del Niño Poblano 2510, Puebla 72197, Mexico",
    "phone": null,
    "services": "bam, pab",
    "url": "https://brickstorestamps.com/stores/store-lego-store-angelopolis"
   }
  },
  {
   "type": "Feature",
   "geometry": {
    "type": "Point",
    "coordinates": [
     -100.39174,
     20.5923
    ]
   },
   "properties": {
    "id": "store-lego-store-antea",
    "name": "LEGO® Store Antea",
    "name_local": null,
    "city": "Querétaro",
    "country": "Mexico",
    "type": "official",
    "closed_year": null,
    "address": "C.C. Antea, Loc. SA-03C, Carretera Querétaro-San Luis Potosí 12401. Col. El Salitre, Querétaro 76127, Mexico",
    "phone": null,
    "services": "bam, pab",
    "url": "https://brickstorestamps.com/stores/store-lego-store-antea"
   }
  },
  {
   "type": "Feature",
   "geometry": {
    "type": "Point",
    "coordinates": [
     -100.39174,
     20.5923
    ]
   },
   "properties": {
    "id": "store-lego-store-galerias-queretaro",
    "name": "LEGO® Store Galerias Queretaro",
    "name_local": null,
    "city": "Querétaro",
    "country": "Mexico",
    "type": "official",
    "closed_year": null,
    "address": "Av. 5 de Febrero 99, Querétaro 76175, Mexico",
    "phone": null,
    "services": "bam, pab",
    "url": "https://brickstorestamps.com/stores/store-lego-store-galerias-queretaro"
   }
  },
  {
   "type": "Feature",
   "geometry": {
    "type": "Point",
    "coordinates": [
     -100.99275,
     25.42304
    ]
   },
   "properties": {
    "id": "store-lego-store-galerias-saltillo",
    "name": "LEGO® Store Galerías Saltillo",
    "name_local": null,
    "city": "Saltillo",
    "country": "Mexico",
    "type": "official",
    "closed_year": null,
    "address": "Blvrd. Nazario Ortiz Garza 2345, Tanque de Peña, Saltillo, Coah, Saltillo 25279, Mexico",
    "phone": null,
    "services": "bam, pab",
    "url": "https://brickstorestamps.com/stores/store-lego-store-galerias-saltillo"
   }
  },
  {
   "type": "Feature",
   "geometry": {
    "type": "Point",
    "coordinates": [
     -100.9764,
     22.15165
    ]
   },
   "properties": {
    "id": "store-lego-store-the-park-slp",
    "name": "LEGO® Store The Park SLP",
    "name_local": null,
    "city": "San Luis Potosí",
    "country": "Mexico",
    "type": "official",
    "closed_year": null,
    "address": "Boulevard Antonio Rocha Cordero número 157, Fraccionamiento Desarrollo del Pedregal, San Luis Potosí, San Luis Potosí, San Luis Potosí 78124, Mexico",
    "phone": null,
    "services": "bam, pab",
    "url": "https://brickstorestamps.com/stores/store-lego-store-the-park-slp"
   }
  },
  {
   "type": "Feature",
   "geometry": {
    "type": "Point",
    "coordinates": [
     -117.01953,
     32.53174
    ]
   },
   "properties": {
    "id": "store-lego-store-peninsula-tijuana",
    "name": "LEGO® Store Península Tijuana",
    "name_local": null,
    "city": "Tijuana",
    "country": "Mexico",
    "type": "official",
    "closed_year": null,
    "address": "Vía Rápida Ote. 15000-Local SA-08, Tijuana 22110, Mexico",
    "phone": null,
    "services": "bam, pab",
    "url": "https://brickstorestamps.com/stores/store-lego-store-peninsula-tijuana"
   }
  },
  {
   "type": "Feature",
   "geometry": {
    "type": "Point",
    "coordinates": [
     -96.13836,
     19.20034
    ]
   },
   "properties": {
    "id": "store-lego-store-andamar-veracruz",
    "name": "LEGO® Store Andamar Veracruz",
    "name_local": null,
    "city": "Veracruz",
    "country": "Mexico",
    "type": "official",
    "closed_year": null,
    "address": "Bv. Adolfo Ruíz Cortines 4300, Mocambo, Veracruz, Ver., Veracruz 94298, Mexico",
    "phone": null,
    "services": "bam, pab",
    "url": "https://brickstorestamps.com/stores/store-lego-store-andamar-veracruz"
   }
  },
  {
   "type": "Feature",
   "geometry": {
    "type": "Point",
    "coordinates": [
     4.89245,
     52.37308
    ]
   },
   "properties": {
    "id": "store-lego-store-amsterdam",
    "name": "LEGO® Store Amsterdam",
    "name_local": null,
    "city": "Amsterdam",
    "country": "Netherlands",
    "type": "official",
    "closed_year": null,
    "address": "Kalverstraat 57, Amsterdam 1012 NZ, Netherlands",
    "phone": "+31 207930620",
    "services": "bam, minifigure_factory, mosaic_maker, pab",
    "url": "https://brickstorestamps.com/stores/store-lego-store-amsterdam"
   }
  },
  {
   "type": "Feature",
   "geometry": {
    "type": "Point",
    "coordinates": [
     4.39468,
     52.08617
    ]
   },
   "properties": {
    "id": "store-lego-store-mall-of-the-netherlands",
    "name": "LEGO® Store Mall of the Netherlands",
    "name_local": null,
    "city": "Leidschendam",
    "country": "Netherlands",
    "type": "official",
    "closed_year": null,
    "address": "Berkenhove 2, Leidschendam 2262 AK, Netherlands",
    "phone": "+31 707013850",
    "services": "bam, pab",
    "url": "https://brickstorestamps.com/stores/store-lego-store-mall-of-the-netherlands"
   }
  },
  {
   "type": "Feature",
   "geometry": {
    "type": "Point",
    "coordinates": [
     4.47775,
     51.92444
    ]
   },
   "properties": {
    "id": "store-lego-store-rotterdam",
    "name": "LEGO Store Rotterdam",
    "name_local": null,
    "city": "Rotterdam",
    "country": "Netherlands",
    "type": "official",
    "closed_year": null,
    "address": "Beurstraverse 103-107, Koopgoot, Rotterdam 3012 AT, Netherlands",
    "phone": "+31 102590021",
    "services": "bam, pab",
    "url": "https://brickstorestamps.com/stores/store-lego-store-rotterdam"
   }
  },
  {
   "type": "Feature",
   "geometry": {
    "type": "Point",
    "coordinates": [
     4.27369,
     52.10674
    ]
   },
   "properties": {
    "id": "store-legoland-discovery-centre-scheveningen",
    "name": "LEGOLAND Discovery Centre Scheveningen",
    "name_local": null,
    "city": "Scheveningen",
    "country": "Netherlands",
    "type": "official",
    "closed_year": null,
    "address": null,
    "phone": null,
    "services": null,
    "url": "https://brickstorestamps.com/stores/store-legoland-discovery-centre-scheveningen"
   }
  },
  {
   "type": "Feature",
   "geometry": {
    "type": "Point",
    "coordinates": [
     4.31135,
     52.07998
    ]
   },
   "properties": {
    "id": "store-lego-store-the-hague",
    "name": "LEGO® Store The Hague",
    "name_local": null,
    "city": "The Hague",
    "country": "Netherlands",
    "type": "official",
    "closed_year": null,
    "address": "Spuistraat 10, Den Haag 2511 BD, Netherlands",
    "phone": "+31 707013866",
    "services": "bam, pab",
    "url": "https://brickstorestamps.com/stores/store-lego-store-the-hague"
   }
  },
  {
   "type": "Feature",
   "geometry": {
    "type": "Point",
    "coordinates": [
     5.12156,
     52.0907
    ]
   },
   "properties": {
    "id": "store-lego-store-utrecht",
    "name": "LEGO® Store Utrecht",
    "name_local": null,
    "city": "Utrecht",
    "country": "Netherlands",
    "type": "official",
    "closed_year": null,
    "address": "Hoog Catharijne Mall, Hoog Catharijnepassage 7, Utrecht 3511 WP, Netherlands",
    "phone": "+31 30 899 3546",
    "services": "bam, pab",
    "url": "https://brickstorestamps.com/stores/store-lego-store-utrecht"
   }
  },
  {
   "type": "Feature",
   "geometry": {
    "type": "Point",
    "coordinates": [
     174.76318,
     -36.85209
    ]
   },
   "properties": {
    "id": "store-lego-store-auckland",
    "name": "LEGO® Store Auckland",
    "name_local": null,
    "city": "Auckland",
    "country": "New Zealand",
    "type": "official",
    "closed_year": null,
    "address": null,
    "phone": null,
    "services": "bam, pab",
    "url": "https://brickstorestamps.com/stores/store-lego-store-auckland"
   }
  },
  {
   "type": "Feature",
   "geometry": {
    "type": "Point",
    "coordinates": [
     174.76318,
     -36.85209
    ]
   },
   "properties": {
    "id": "store-lego-store-newmarket",
    "name": "LEGO® Store Newmarket",
    "name_local": null,
    "city": "Auckland",
    "country": "New Zealand",
    "type": "official",
    "closed_year": null,
    "address": "Shop 302, Level 3, Westfield Newmarket, 277/309 Broadway, Newmarket, Auckland 1023, New Zealand",
    "phone": "(09) 884 9389",
    "services": "bam, pab",
    "url": "https://brickstorestamps.com/stores/store-lego-store-newmarket"
   }
  },
  {
   "type": "Feature",
   "geometry": {
    "type": "Point",
    "coordinates": [
     174.76318,
     -36.85209
    ]
   },
   "properties": {
    "id": "store-lego-store-sylvia-park",
    "name": "LEGO® Store Sylvia Park",
    "name_local": null,
    "city": "Auckland",
    "country": "New Zealand",
    "type": "official",
    "closed_year": null,
    "address": "286 Mount Wellington Highway, Level 1, Shop SHS238, Sylvia Park Shopping Centre, Mount Wellington, Auckland 1060, New Zealand",
    "phone": "+64 4886 2362",
    "services": "bam, pab",
    "url": "https://brickstorestamps.com/stores/store-lego-store-sylvia-park"
   }
  },
  {
   "type": "Feature",
   "geometry": {
    "type": "Point",
    "coordinates": [
     172.63643,
     -43.53095
    ]
   },
   "properties": {
    "id": "store-lego-store-christtown",
    "name": "LEGO® Store Christchurch",
    "name_local": null,
    "city": "Christchurch",
    "country": "New Zealand",
    "type": "official",
    "closed_year": null,
    "address": null,
    "phone": null,
    "services": "bam, pab",
    "url": "https://brickstorestamps.com/stores/store-lego-store-christtown"
   }
  },
  {
   "type": "Feature",
   "geometry": {
    "type": "Point",
    "coordinates": [
     172.63643,
     -43.53095
    ]
   },
   "properties": {
    "id": "store-lego-store-westfield-riccarton",
    "name": "LEGO® Store Westfield Riccarton",
    "name_local": null,
    "city": "Christchurch",
    "country": "New Zealand",
    "type": "official",
    "closed_year": null,
    "address": "Shop S230,Westfield Riccarton,129 Riccarton Road, Riccarton Christchurch 8041, New Zealand",
    "phone": "+64 3660 2953",
    "services": "bam, pab",
    "url": "https://brickstorestamps.com/stores/store-lego-store-westfield-riccarton"
   }
  },
  {
   "type": "Feature",
   "geometry": {
    "type": "Point",
    "coordinates": [
     174.77721,
     -41.2888
    ]
   },
   "properties": {
    "id": "store-lego-store-wellington",
    "name": "LEGO® Store Wellington",
    "name_local": null,
    "city": "Wellington",
    "country": "New Zealand",
    "type": "official",
    "closed_year": null,
    "address": "Part ground floor, Shop 11 Aon Centre, 1 Willis Street, Wellington 6011, New Zealand",
    "phone": "(04) 886 2361",
    "services": "bam, pab",
    "url": "https://brickstorestamps.com/stores/store-lego-store-wellington"
   }
  },
  {
   "type": "Feature",
   "geometry": {
    "type": "Point",
    "coordinates": [
     -79.53418,
     8.97145
    ]
   },
   "properties": {
    "id": "store-lego-store-altaplaza",
    "name": "LEGO® Store Altaplaza",
    "name_local": null,
    "city": "Panama City",
    "country": "Panama",
    "type": "official",
    "closed_year": null,
    "address": "Altaplaza Mall, Nivel 2, Local 2-207 Via Centenario, Ciudad de Panamá, Panama",
    "phone": "+507 200 2296",
    "services": "bam, pab",
    "url": "https://brickstorestamps.com/stores/store-lego-store-altaplaza"
   }
  },
  {
   "type": "Feature",
   "geometry": {
    "type": "Point",
    "coordinates": [
     -79.53418,
     8.97145
    ]
   },
   "properties": {
    "id": "store-lego-store-multiplaza",
    "name": "LEGO® Store Multiplaza",
    "name_local": null,
    "city": "Panama City",
    "country": "Panama",
    "type": "official",
    "closed_year": null,
    "address": "Multiplaza Pacific Mall, Local B-115, Calle Isaac Hanono MisSRI, Via Israel, Ciudad de Panamá, Panama",
    "phone": "+507 398 9310",
    "services": "bam, pab",
    "url": "https://brickstorestamps.com/stores/store-lego-store-multiplaza"
   }
  },
  {
   "type": "Feature",
   "geometry": {
    "type": "Point",
    "coordinates": [
     -71.53696,
     -16.39887
    ]
   },
   "properties": {
    "id": "store-lego-store-arequipa",
    "name": "LEGO® Store Arequipa",
    "name_local": null,
    "city": "Arequipa",
    "country": "Peru",
    "type": "official",
    "closed_year": null,
    "address": "Aventura Mall. Av. Porongoche 500, Paucarpata, Arequipa 04002, Peru",
    "phone": "+511 054601221",
    "services": "bam, pab",
    "url": "https://brickstorestamps.com/stores/store-lego-store-arequipa"
   }
  },
  {
   "type": "Feature",
   "geometry": {
    "type": "Point",
    "coordinates": [
     -77.03059,
     -12.04598
    ]
   },
   "properties": {
    "id": "store-lego-store-jockey-plaza",
    "name": "LEGO® Store Jockey Plaza",
    "name_local": null,
    "city": "Lima",
    "country": "Peru",
    "type": "official",
    "closed_year": null,
    "address": "Av. Javier Prado Este 4200, Lima 15023, Peru",
    "phone": "+511 437 7706",
    "services": "bam, pab",
    "url": "https://brickstorestamps.com/stores/store-lego-store-jockey-plaza"
   }
  },
  {
   "type": "Feature",
   "geometry": {
    "type": "Point",
    "coordinates": [
     -77.03059,
     -12.04598
    ]
   },
   "properties": {
    "id": "store-lego-store-plaza-norte",
    "name": "LEGO® Store Plaza Norte",
    "name_local": null,
    "city": "Lima",
    "country": "Peru",
    "type": "official",
    "closed_year": null,
    "address": "Av. Alfredo Mendiola 1400. C.C, Lima 15311, Peru",
    "phone": "+511 533 3948",
    "services": "bam, pab",
    "url": "https://brickstorestamps.com/stores/store-lego-store-plaza-norte"
   }
  },
  {
   "type": "Feature",
   "geometry": {
    "type": "Point",
    "coordinates": [
     -77.03059,
     -12.04598
    ]
   },
   "properties": {
    "id": "store-lego-store-real-plaza-salaverry",
    "name": "LEGO® Store Real Plaza Salaverry",
    "name_local": null,
    "city": "Lima",
    "country": "Peru",
    "type": "official",
    "closed_year": null,
    "address": "Av. Gral. Salaverry 2370, Jesús María, Peru, Lima 15076, Peru",
    "phone": "+511 977 853 789",
    "services": "bam, pab",
    "url": "https://brickstorestamps.com/stores/store-lego-store-real-plaza-salaverry"
   }
  },
  {
   "type": "Feature",
   "geometry": {
    "type": "Point",
    "coordinates": [
     -77.03059,
     -12.04598
    ]
   },
   "properties": {
    "id": "store-lego-store-san-miguel",
    "name": "LEGO® Store San Miguel",
    "name_local": null,
    "city": "Lima",
    "country": "Peru",
    "type": "official",
    "closed_year": null,
    "address": "CC Plaza San Miguel 323, int. T323 Av. La Marina s/n, Lima 15086, Peru",
    "phone": "+511 566 1500",
    "services": "bam, pab",
    "url": "https://brickstorestamps.com/stores/store-lego-store-san-miguel"
   }
  },
  {
   "type": "Feature",
   "geometry": {
    "type": "Point",
    "coordinates": [
     120.93658,
     14.42902
    ]
   },
   "properties": {
    "id": "store-lego-store-lcs-vermosa",
    "name": "LEGO® Store LCS Vermosa",
    "name_local": null,
    "city": "Imus",
    "country": "Philippines",
    "type": "official",
    "closed_year": null,
    "address": "Bldg. D GF NF 26-28 Ayala Malls Vermosa Daang Hari Rd. Cor. Vermosa Blvd. Pasong Buaya I, Imus Cavite 4103, Philippines",
    "phone": "+63 919 0938 990",
    "services": "bam, pab",
    "url": "https://brickstorestamps.com/stores/store-lego-store-lcs-vermosa"
   }
  },
  {
   "type": "Feature",
   "geometry": {
    "type": "Point",
    "coordinates": [
     121.0339,
     14.57744
    ]
   },
   "properties": {
    "id": "store-lego-lcs-shangri-la-mall",
    "name": "LEGO® LCS Shangri-la Mall",
    "name_local": null,
    "city": "Mandaluyong",
    "country": "Philippines",
    "type": "official",
    "closed_year": null,
    "address": "Unit 5022-5023 Level 5. East Wing Shangri-La Mall EDSA corner Shaw Boulevard, Mandaluyong City  1552, Philippines",
    "phone": "0998-5515798, (02) 8-7086417",
    "services": "bam, pab",
    "url": "https://brickstorestamps.com/stores/store-lego-lcs-shangri-la-mall"
   }
  },
  {
   "type": "Feature",
   "geometry": {
    "type": "Point",
    "coordinates": [
     120.98036,
     14.59045
    ]
   },
   "properties": {
    "id": "store-lego-store-lcs-ayala-malls-manila-bay",
    "name": "LEGO® Store LCS Ayala Malls Manila Bay",
    "name_local": null,
    "city": "Manila",
    "country": "Philippines",
    "type": "official",
    "closed_year": null,
    "address": "Ayala Mall Manila Bay, Ground Floor, Unit G218A Diosdado Macapagal Blvd, cor Aseana Ave, Parañaque 1701, Philippines",
    "phone": "+63 939 929 5053",
    "services": "bam, pab",
    "url": "https://brickstorestamps.com/stores/store-lego-store-lcs-ayala-malls-manila-bay"
   }
  },
  {
   "type": "Feature",
   "geometry": {
    "type": "Point",
    "coordinates": [
     121.07449,
     14.52705
    ]
   },
   "properties": {
    "id": "store-lego-store-lcs-park-triangle",
    "name": "LEGO® Store LCS Park Triangle",
    "name_local": null,
    "city": "Manila",
    "country": "Philippines",
    "type": "official",
    "closed_year": null,
    "address": "Unit No. 6 Park Triangle BLDG North Bonifacio High Street Central 11th ave., Manila 1635, Philippines",
    "phone": "09985515792, (028) 742-1944",
    "services": "bam, pab",
    "url": "https://brickstorestamps.com/stores/store-lego-store-lcs-park-triangle"
   }
  },
  {
   "type": "Feature",
   "geometry": {
    "type": "Point",
    "coordinates": [
     121.04491,
     14.38926
    ]
   },
   "properties": {
    "id": "store-lego-store-lcs-atc-alabang-town-centre",
    "name": "LEGO® Store LCS ATC Alabang Town Centre",
    "name_local": null,
    "city": "Muntinlupa",
    "country": "Philippines",
    "type": "official",
    "closed_year": null,
    "address": "Unit 1202 G/F Alabang Town Center Ayala Alabang Muntinlupa City, Manila 1780, Philippines",
    "phone": "9989854988",
    "services": "bam, pab",
    "url": "https://brickstorestamps.com/stores/store-lego-store-lcs-atc-alabang-town-centre"
   }
  },
  {
   "type": "Feature",
   "geometry": {
    "type": "Point",
    "coordinates": [
     121.04863,
     14.65105
    ]
   },
   "properties": {
    "id": "store-lego-store-lcs-trinoma",
    "name": "LEGO® Store LCS Trinoma",
    "name_local": null,
    "city": "Quezon City",
    "country": "Philippines",
    "type": "official",
    "closed_year": null,
    "address": "Unit 1034 Level 1 Trinoma Mall EDSA cor North Avenue Barangay Bagong Pag Asa Quezon City, Manila 1105, Philippines",
    "phone": "09985515799, (027) 943-2354",
    "services": "bam, pab",
    "url": "https://brickstorestamps.com/stores/store-lego-store-lcs-trinoma"
   }
  },
  {
   "type": "Feature",
   "geometry": {
    "type": "Point",
    "coordinates": [
     121.04863,
     14.65105
    ]
   },
   "properties": {
    "id": "store-lego-store-lcs-u-p-town-centre",
    "name": "LEGO® Store LCS U.P. Town Centre",
    "name_local": null,
    "city": "Quezon City",
    "country": "Philippines",
    "type": "official",
    "closed_year": null,
    "address": "C131 1st level Phase 2 U.P. Town Center Katipunan Ave., Quezon City 1101, Philippines",
    "phone": "09985515794, (027) 943-9600",
    "services": "bam, pab",
    "url": "https://brickstorestamps.com/stores/store-lego-store-lcs-u-p-town-centre"
   }
  },
  {
   "type": "Feature",
   "geometry": {
    "type": "Point",
    "coordinates": [
     18.65402,
     54.34829
    ]
   },
   "properties": {
    "id": "store-lego-store-gdansk",
    "name": "LEGO® Store Gdańsk",
    "name_local": null,
    "city": "Gdańsk",
    "country": "Poland",
    "type": "official",
    "closed_year": null,
    "address": "Centrum handlowe Forum Gdańsk, Targ Sienny 7, Gdańsk 80-806, Poland",
    "phone": "+48 587657578",
    "services": "bam, pab",
    "url": "https://brickstorestamps.com/stores/store-lego-store-gdansk"
   }
  },
  {
   "type": "Feature",
   "geometry": {
    "type": "Point",
    "coordinates": [
     19.02159,
     50.2599
    ]
   },
   "properties": {
    "id": "store-lego-store-katowice",
    "name": "LEGO® Store Katowice",
    "name_local": null,
    "city": "Katowice",
    "country": "Poland",
    "type": "official",
    "closed_year": null,
    "address": "Galeria Katowicka, ul. 3-go Maja 30, Katowice 40-097, Poland",
    "phone": "+48327338122",
    "services": "bam, pab",
    "url": "https://brickstorestamps.com/stores/store-lego-store-katowice"
   }
  },
  {
   "type": "Feature",
   "geometry": {
    "type": "Point",
    "coordinates": [
     19.93686,
     50.06195
    ]
   },
   "properties": {
    "id": "store-lego-store-krakow",
    "name": "LEGO® Store Kraków",
    "name_local": null,
    "city": "Kraków",
    "country": "Poland",
    "type": "official",
    "closed_year": null,
    "address": "Centrum handlowe Bonarka, ul. Kamieńskiego 11, Kraków 30-644, Poland",
    "phone": "+48123410180",
    "services": "bam, pab",
    "url": "https://brickstorestamps.com/stores/store-lego-store-krakow"
   }
  },
  {
   "type": "Feature",
   "geometry": {
    "type": "Point",
    "coordinates": [
     17.45123,
     51.81643
    ]
   },
   "properties": {
    "id": "store-lego-store-odz",
    "name": "LEGO® Store Łódź",
    "name_local": null,
    "city": "Łódź",
    "country": "Poland",
    "type": "official",
    "closed_year": null,
    "address": "Centrum handlowe Manufaktura, ul. Drewnowska 58, Łódź 91- 002, Poland",
    "phone": "+48 422315994",
    "services": "bam, pab",
    "url": "https://brickstorestamps.com/stores/store-lego-store-odz"
   }
  },
  {
   "type": "Feature",
   "geometry": {
    "type": "Point",
    "coordinates": [
     16.93352,
     52.40827
    ]
   },
   "properties": {
    "id": "store-lego-store-poznan",
    "name": "LEGO® Store Poznań",
    "name_local": null,
    "city": "Poznań",
    "country": "Poland",
    "type": "official",
    "closed_year": null,
    "address": "Centrum handlowe Centrum Posnania, ul. Pleszewska 1, Poznań 61-136, Poland",
    "phone": "+48 616280721",
    "services": "bam, pab",
    "url": "https://brickstorestamps.com/stores/store-lego-store-poznan"
   }
  },
  {
   "type": "Feature",
   "geometry": {
    "type": "Point",
    "coordinates": [
     14.59287,
     53.42981
    ]
   },
   "properties": {
    "id": "store-lego-store-szczecin",
    "name": "LEGO® Store Szczecin",
    "name_local": null,
    "city": "Szczecin",
    "country": "Poland",
    "type": "official",
    "closed_year": null,
    "address": "Galaxy Centrum, al. Wyzwolenia 18/20, Szczecin 70-554, Poland",
    "phone": null,
    "services": null,
    "url": "https://brickstorestamps.com/stores/store-lego-store-szczecin"
   }
  },
  {
   "type": "Feature",
   "geometry": {
    "type": "Point",
    "coordinates": [
     21.00672,
     52.23196
    ]
   },
   "properties": {
    "id": "store-lego-store-mokotow",
    "name": "LEGO® Store Mokotów",
    "name_local": null,
    "city": "Warsaw",
    "country": "Poland",
    "type": "official",
    "closed_year": null,
    "address": "Centrum handlowe Westfield Mokotów, Wołoska 12, Warszawa 02-675, Poland",
    "phone": "+48 224399151",
    "services": "bam, pab",
    "url": "https://brickstorestamps.com/stores/store-lego-store-mokotow"
   }
  },
  {
   "type": "Feature",
   "geometry": {
    "type": "Point",
    "coordinates": [
     21.00672,
     52.23196
    ]
   },
   "properties": {
    "id": "store-lego-store-warszawa",
    "name": "LEGO® Store Warszawa",
    "name_local": null,
    "city": "Warsaw",
    "country": "Poland",
    "type": "official",
    "closed_year": null,
    "address": "Centrum handlowe Westfield Arkadia, al. Jana Pawła II 82, Warszawa 00-175, Poland",
    "phone": "+48 224399141",
    "services": "bam, pab",
    "url": "https://brickstorestamps.com/stores/store-lego-store-warszawa"
   }
  },
  {
   "type": "Feature",
   "geometry": {
    "type": "Point",
    "coordinates": [
     16.9782,
     51.12631
    ]
   },
   "properties": {
    "id": "store-lego-store-magnolia-park",
    "name": "LEGO® Store Magnolia Park",
    "name_local": null,
    "city": "Wrocław",
    "country": "Poland",
    "type": "official",
    "closed_year": null,
    "address": "Magnolia Park, Legnicka 58, Wrocław 54-205, Poland",
    "phone": null,
    "services": null,
    "url": "https://brickstorestamps.com/stores/store-lego-store-magnolia-park"
   }
  },
  {
   "type": "Feature",
   "geometry": {
    "type": "Point",
    "coordinates": [
     17.03267,
     51.10898
    ]
   },
   "properties": {
    "id": "store-lego-store-wroc-aw",
    "name": "LEGO® Store Wrocław",
    "name_local": null,
    "city": "Wrocław",
    "country": "Poland",
    "type": "official",
    "closed_year": null,
    "address": "Centrum Handlowe Wroclavia, ul. Sucha 1, Wrocław 50-086, Poland",
    "phone": "+48 717571617",
    "services": "bam, pab",
    "url": "https://brickstorestamps.com/stores/store-lego-store-wroc-aw"
   }
  },
  {
   "type": "Feature",
   "geometry": {
    "type": "Point",
    "coordinates": [
     -8.42946,
     40.21119
    ]
   },
   "properties": {
    "id": "store-lego-store-coimbria",
    "name": "LEGO Store Coimbria",
    "name_local": null,
    "city": "Coimbra",
    "country": "Portugal",
    "type": "official",
    "closed_year": null,
    "address": null,
    "phone": null,
    "services": "bam, pab",
    "url": "https://brickstorestamps.com/stores/store-lego-store-coimbria"
   }
  },
  {
   "type": "Feature",
   "geometry": {
    "type": "Point",
    "coordinates": [
     -8.42946,
     40.21119
    ]
   },
   "properties": {
    "id": "store-lego-store-combria",
    "name": "LEGO Store Combria",
    "name_local": null,
    "city": "Coimbra",
    "country": "Portugal",
    "type": "official",
    "closed_year": null,
    "address": null,
    "phone": null,
    "services": "bam, pab",
    "url": "https://brickstorestamps.com/stores/store-lego-store-combria"
   }
  },
  {
   "type": "Feature",
   "geometry": {
    "type": "Point",
    "coordinates": [
     -8.42915,
     40.21119
    ]
   },
   "properties": {
    "id": "store-lego-certified-store-coimbra",
    "name": "LEGO® Certified Store Coimbra",
    "name_local": null,
    "city": "Coimbra",
    "country": "Portugal",
    "type": "official",
    "closed_year": null,
    "address": "Forum Coimbra, Av. José Bonifácio de Andrada e Silva, 1. Santa Clara. 3040-389, Coimbra 3040-389, Portugal",
    "phone": "+351 239 120 345",
    "services": null,
    "url": "https://brickstorestamps.com/stores/store-lego-certified-store-coimbra"
   }
  },
  {
   "type": "Feature",
   "geometry": {
    "type": "Point",
    "coordinates": [
     -9.13659,
     38.70775
    ]
   },
   "properties": {
    "id": "store-lego-aeroporto-humberto-delgado-lisbon-airport",
    "name": "LEGO (Aeroporto Humberto Delgado / Lisbon Airport)",
    "name_local": null,
    "city": "Lisbon",
    "country": "Portugal",
    "type": "official",
    "closed_year": null,
    "address": null,
    "phone": null,
    "services": null,
    "url": "https://brickstorestamps.com/stores/store-lego-aeroporto-humberto-delgado-lisbon-airport"
   }
  },
  {
   "type": "Feature",
   "geometry": {
    "type": "Point",
    "coordinates": [
     -9.13659,
     38.70775
    ]
   },
   "properties": {
    "id": "store-lego-store-armazens-do-chiado",
    "name": "LEGO® Store Armazéns Do Chiado",
    "name_local": null,
    "city": "Lisbon",
    "country": "Portugal",
    "type": "official",
    "closed_year": null,
    "address": "R. do Carmo, 1200-094, Lisboa, Portugal",
    "phone": "+351 211 250 321",
    "services": "bam, pab",
    "url": "https://brickstorestamps.com/stores/store-lego-store-armazens-do-chiado"
   }
  },
  {
   "type": "Feature",
   "geometry": {
    "type": "Point",
    "coordinates": [
     -9.13659,
     38.70775
    ]
   },
   "properties": {
    "id": "store-lego-store-lisbon",
    "name": "LEGO® Store Lisbon",
    "name_local": null,
    "city": "Lisbon",
    "country": "Portugal",
    "type": "official",
    "closed_year": null,
    "address": "Centro Colombo, Av. Lusíada, Lisboa 1500-392, Portugal",
    "phone": "+351 21 942 9436",
    "services": "bam, pab",
    "url": "https://brickstorestamps.com/stores/store-lego-store-lisbon"
   }
  },
  {
   "type": "Feature",
   "geometry": {
    "type": "Point",
    "coordinates": [
     -8.61035,
     41.15022
    ]
   },
   "properties": {
    "id": "store-lego-store-norteshopping-porto",
    "name": "LEGO® Store NorteShopping Porto",
    "name_local": null,
    "city": "Porto",
    "country": "Portugal",
    "type": "official",
    "closed_year": null,
    "address": "R. Sara Afonso, 4460-841, Sra. da Hora, Portugal",
    "phone": "00351-227155912",
    "services": "bam, pab",
    "url": "https://brickstorestamps.com/stores/store-lego-store-norteshopping-porto"
   }
  },
  {
   "type": "Feature",
   "geometry": {
    "type": "Point",
    "coordinates": [
     51.52642,
     25.28563
    ]
   },
   "properties": {
    "id": "store-lego-store-doha-festival-city",
    "name": "LEGO® Store Doha Festival City",
    "name_local": null,
    "city": "Doha",
    "country": "Qatar",
    "type": "official",
    "closed_year": null,
    "address": "Festival City, Doha, Qatar, Qatar",
    "phone": "+974 4463 2983",
    "services": "bam, pab",
    "url": "https://brickstorestamps.com/stores/store-lego-store-doha-festival-city"
   }
  },
  {
   "type": "Feature",
   "geometry": {
    "type": "Point",
    "coordinates": [
     51.34988,
     25.32674
    ]
   },
   "properties": {
    "id": "store-lego-store-mall-of-qatar-certified-store",
    "name": "LEGO® Store Mall of Qatar (Certified Store)",
    "name_local": null,
    "city": "Doha",
    "country": "Qatar",
    "type": "official",
    "closed_year": null,
    "address": "Mall of Qatar, Ground Floor, Al Rayyan, Qatar, Qatar",
    "phone": "+97466207742",
    "services": "bam, pab",
    "url": "https://brickstorestamps.com/stores/store-lego-store-mall-of-qatar-certified-store"
   }
  },
  {
   "type": "Feature",
   "geometry": {
    "type": "Point",
    "coordinates": [
     51.50818,
     25.31088
    ]
   },
   "properties": {
    "id": "store-lego-store-place-vendome-mall",
    "name": "LEGO® Store Place Vendôme Mall",
    "name_local": null,
    "city": "Doha",
    "country": "Qatar",
    "type": "official",
    "closed_year": null,
    "address": "Place Vendôme Mall, Lusail (Doha), Qatar",
    "phone": null,
    "services": null,
    "url": "https://brickstorestamps.com/stores/store-lego-store-place-vendome-mall"
   }
  },
  {
   "type": "Feature",
   "geometry": {
    "type": "Point",
    "coordinates": [
     51.52642,
     25.28563
    ]
   },
   "properties": {
    "id": "store-lego-store-the-gate-mall",
    "name": "LEGO® Store The Gate Mall",
    "name_local": null,
    "city": "Doha",
    "country": "Qatar",
    "type": "official",
    "closed_year": null,
    "address": "Ground Floor, North Entarance 2 - The Gate Mall, al Dafna Qatar, Doha, Qatar, Qatar",
    "phone": "+97466403330",
    "services": "bam, pab",
    "url": "https://brickstorestamps.com/stores/store-lego-store-the-gate-mall"
   }
  },
  {
   "type": "Feature",
   "geometry": {
    "type": "Point",
    "coordinates": [
     25.61057,
     45.65251
    ]
   },
   "properties": {
    "id": "store-lego-store-coresi-shopping-centre",
    "name": "LEGO® Store Coresi Shopping Centre",
    "name_local": null,
    "city": "Brașov",
    "country": "Romania",
    "type": "official",
    "closed_year": null,
    "address": "Str.Zaharia Stancu Nr.1, Brașov 500167, Romania",
    "phone": "0759 025 788",
    "services": "bam, pab",
    "url": "https://brickstorestamps.com/stores/store-lego-store-coresi-shopping-centre"
   }
  },
  {
   "type": "Feature",
   "geometry": {
    "type": "Point",
    "coordinates": [
     26.10268,
     44.43614
    ]
   },
   "properties": {
    "id": "store-lego-store-afi-cotroceni",
    "name": "LEGO® Store AFI Cotroceni",
    "name_local": null,
    "city": "Bucharest",
    "country": "Romania",
    "type": "official",
    "closed_year": null,
    "address": "Bulevardul General Vasile Milea 4, Bucuresti 061344, Romania",
    "phone": "0759 025 788",
    "services": "bam, pab",
    "url": "https://brickstorestamps.com/stores/store-lego-store-afi-cotroceni"
   }
  },
  {
   "type": "Feature",
   "geometry": {
    "type": "Point",
    "coordinates": [
     26.10268,
     44.43614
    ]
   },
   "properties": {
    "id": "store-lego-store-baneasa-shopping-city",
    "name": "LEGO® Store Baneasa Shopping City",
    "name_local": null,
    "city": "Bucharest",
    "country": "Romania",
    "type": "official",
    "closed_year": null,
    "address": null,
    "phone": null,
    "services": "bam, pab",
    "url": "https://brickstorestamps.com/stores/store-lego-store-baneasa-shopping-city"
   }
  },
  {
   "type": "Feature",
   "geometry": {
    "type": "Point",
    "coordinates": [
     26.10268,
     44.43614
    ]
   },
   "properties": {
    "id": "store-lego-store-mega-mal",
    "name": "LEGO® Store Mega Mal",
    "name_local": null,
    "city": "Bucharest",
    "country": "Romania",
    "type": "official",
    "closed_year": null,
    "address": "Blvd Pierre de Coubertin 305, București, Romania",
    "phone": null,
    "services": "bam, pab",
    "url": "https://brickstorestamps.com/stores/store-lego-store-mega-mal"
   }
  },
  {
   "type": "Feature",
   "geometry": {
    "type": "Point",
    "coordinates": [
     26.10268,
     44.43614
    ]
   },
   "properties": {
    "id": "store-lego-store-park-lake-shopping-centre",
    "name": "LEGO® Store Park Lake Shopping Centre",
    "name_local": null,
    "city": "Bucharest",
    "country": "Romania",
    "type": "official",
    "closed_year": null,
    "address": "Str. Liviu Rebreanu 4, Bucuresti 031749, Romania",
    "phone": "0759 025 788",
    "services": "bam, pab",
    "url": "https://brickstorestamps.com/stores/store-lego-store-park-lake-shopping-centre"
   }
  },
  {
   "type": "Feature",
   "geometry": {
    "type": "Point",
    "coordinates": [
     26.10268,
     44.43614
    ]
   },
   "properties": {
    "id": "store-lego-store-promenada-mall",
    "name": "LEGO® Store Promenada Mall",
    "name_local": null,
    "city": "Bucharest",
    "country": "Romania",
    "type": "official",
    "closed_year": null,
    "address": "Calea Floreasca 244-246, Bucuresti 014476, Romania",
    "phone": "0759 025 788",
    "services": "bam, pab",
    "url": "https://brickstorestamps.com/stores/store-lego-store-promenada-mall"
   }
  },
  {
   "type": "Feature",
   "geometry": {
    "type": "Point",
    "coordinates": [
     26.10268,
     44.43614
    ]
   },
   "properties": {
    "id": "store-lego-store-sun-plaza-shopping-centre",
    "name": "LEGO® Store Sun Plaza Shopping Centre",
    "name_local": null,
    "city": "Bucharest",
    "country": "Romania",
    "type": "official",
    "closed_year": null,
    "address": "Calea Vacaresti 391, Bucuresti 040055, Romania",
    "phone": "0759 025 788",
    "services": "bam, pab",
    "url": "https://brickstorestamps.com/stores/store-lego-store-sun-plaza-shopping-centre"
   }
  },
  {
   "type": "Feature",
   "geometry": {
    "type": "Point",
    "coordinates": [
     23.58995,
     46.76938
    ]
   },
   "properties": {
    "id": "store-lego-store-vivo-mall",
    "name": "LEGO® Store VIVO! Mall",
    "name_local": null,
    "city": "Cluj-Napoca",
    "country": "Romania",
    "type": "official",
    "closed_year": null,
    "address": "Strada Avram Iancu 492-500, Florești,, Cluj 407280, Romania",
    "phone": "0759 025 788",
    "services": "bam, pab",
    "url": "https://brickstorestamps.com/stores/store-lego-store-vivo-mall"
   }
  },
  {
   "type": "Feature",
   "geometry": {
    "type": "Point",
    "coordinates": [
     28.65076,
     44.17672
    ]
   },
   "properties": {
    "id": "store-lego-store-city-park-mall",
    "name": "LEGO® Store City Park Mall",
    "name_local": null,
    "city": "Constanța",
    "country": "Romania",
    "type": "official",
    "closed_year": null,
    "address": "Bd-ul Alexandru Lapusneanu 116C, Constanta 900001, Romania",
    "phone": "0759 025 788",
    "services": "bam, pab",
    "url": "https://brickstorestamps.com/stores/store-lego-store-city-park-mall"
   }
  },
  {
   "type": "Feature",
   "geometry": {
    "type": "Point",
    "coordinates": [
     23.79656,
     44.31902
    ]
   },
   "properties": {
    "id": "store-lego-store-promenda-mall-craiova",
    "name": "LEGO® Store Promenada Mall Craiova",
    "name_local": null,
    "city": "Craiova",
    "country": "Romania",
    "type": "official",
    "closed_year": null,
    "address": null,
    "phone": null,
    "services": "bam, pab",
    "url": "https://brickstorestamps.com/stores/store-lego-store-promenda-mall-craiova"
   }
  },
  {
   "type": "Feature",
   "geometry": {
    "type": "Point",
    "coordinates": [
     27.58378,
     47.16156
    ]
   },
   "properties": {
    "id": "store-lego-store-mall-moldova-lasi",
    "name": "LEGO® Store Mall Moldova Iași",
    "name_local": null,
    "city": "Iași",
    "country": "Romania",
    "type": "official",
    "closed_year": null,
    "address": null,
    "phone": null,
    "services": "bam, pab",
    "url": "https://brickstorestamps.com/stores/store-lego-store-mall-moldova-lasi"
   }
  },
  {
   "type": "Feature",
   "geometry": {
    "type": "Point",
    "coordinates": [
     26.02365,
     44.94175
    ]
   },
   "properties": {
    "id": "store-lego-store-afi-ploiesti",
    "name": "LEGO® Store AFI Ploiești",
    "name_local": null,
    "city": "Ploiești",
    "country": "Romania",
    "type": "official",
    "closed_year": null,
    "address": "Str. Calomfirescu 2, Ploiești 100176, Romania",
    "phone": "0759 025 788",
    "services": "bam, pab",
    "url": "https://brickstorestamps.com/stores/store-lego-store-afi-ploiesti"
   }
  },
  {
   "type": "Feature",
   "geometry": {
    "type": "Point",
    "coordinates": [
     21.22575,
     45.75384
    ]
   },
   "properties": {
    "id": "store-lego-store-shopping-city-timisoara",
    "name": "LEGO® Store Shopping City Timisoara",
    "name_local": null,
    "city": "Timișoara",
    "country": "Romania",
    "type": "official",
    "closed_year": null,
    "address": null,
    "phone": null,
    "services": "bam, pab",
    "url": "https://brickstorestamps.com/stores/store-lego-store-shopping-city-timisoara"
   }
  },
  {
   "type": "Feature",
   "geometry": {
    "type": "Point",
    "coordinates": [
     50.12021,
     26.29665
    ]
   },
   "properties": {
    "id": "store-lego-store-mall-of-dhahran",
    "name": "LEGO® Store Mall of Dhahran",
    "name_local": null,
    "city": "Dhahran",
    "country": "Saudi Arabia",
    "type": "official",
    "closed_year": null,
    "address": "Mall of Dhahran Blvd, Al Dawhah Al Janubiyah, Dhahran 34457, Saudi Arabia",
    "phone": "+966 13 842 3470",
    "services": "bam, pab",
    "url": "https://brickstorestamps.com/stores/store-lego-store-mall-of-dhahran"
   }
  },
  {
   "type": "Feature",
   "geometry": {
    "type": "Point",
    "coordinates": [
     39.17424,
     21.55044
    ]
   },
   "properties": {
    "id": "store-lego-store-mall-of-arabia",
    "name": "LEGO® Store Mall of Arabia",
    "name_local": null,
    "city": "Jeddah",
    "country": "Saudi Arabia",
    "type": "official",
    "closed_year": null,
    "address": "Al-Madinah Al-Munawarah Rd, An Nuzhah, Jeddah 23532, Saudi Arabia",
    "phone": "+966 12 250 1112",
    "services": "bam, pab",
    "url": "https://brickstorestamps.com/stores/store-lego-store-mall-of-arabia"
   }
  },
  {
   "type": "Feature",
   "geometry": {
    "type": "Point",
    "coordinates": [
     39.17424,
     21.55044
    ]
   },
   "properties": {
    "id": "store-lego-store-red-sea-mall-as-of-updating-this-list-this-store-no-longer-has-stamps",
    "name": "LEGO® Store Red Sea Mall",
    "name_local": null,
    "city": "Jeddah",
    "country": "Saudi Arabia",
    "type": "official",
    "closed_year": null,
    "address": "Red Sea Mall, King Abdulaziz Branch Rd, North, Jeddah 21246, Saudi Arabia",
    "phone": "+966 12 670 3903",
    "services": "bam, pab",
    "url": "https://brickstorestamps.com/stores/store-lego-store-red-sea-mall-as-of-updating-this-list-this-store-no-longer-has-stamps"
   }
  },
  {
   "type": "Feature",
   "geometry": {
    "type": "Point",
    "coordinates": [
     39.82687,
     21.42085
    ]
   },
   "properties": {
    "id": "store-lego-store-makkah-mall",
    "name": "LEGO® Store Makkah Mall",
    "name_local": null,
    "city": "Mecca",
    "country": "Saudi Arabia",
    "type": "official",
    "closed_year": null,
    "address": "Makkah Mall, King Abdullah Rd, Al Jamiah, Makkah 24246, Saudi Arabia",
    "phone": "+966 12 542 8077",
    "services": "bam, pab",
    "url": "https://brickstorestamps.com/stores/store-lego-store-makkah-mall"
   }
  },
  {
   "type": "Feature",
   "geometry": {
    "type": "Point",
    "coordinates": [
     39.61112,
     24.47115
    ]
   },
   "properties": {
    "id": "store-lego-store-aliyah-mall",
    "name": "LEGO® Store Aliyah Mall",
    "name_local": null,
    "city": "Medina",
    "country": "Saudi Arabia",
    "type": "official",
    "closed_year": null,
    "address": "Aliyah Mall (عالية مول), Medina (Al Madinah), Saudi Arabia",
    "phone": null,
    "services": null,
    "url": "https://brickstorestamps.com/stores/store-lego-store-aliyah-mall"
   }
  },
  {
   "type": "Feature",
   "geometry": {
    "type": "Point",
    "coordinates": [
     46.71601,
     24.63892
    ]
   },
   "properties": {
    "id": "store-lego-store-granada-mall",
    "name": "LEGO® Store Granada Mall",
    "name_local": null,
    "city": "Riyadh",
    "country": "Saudi Arabia",
    "type": "official",
    "closed_year": null,
    "address": "Eastern Ring Branch Rd, Riyadh 12483, Saudi Arabia",
    "phone": "+966 11 240 1101",
    "services": "bam, pab",
    "url": "https://brickstorestamps.com/stores/store-lego-store-granada-mall"
   }
  },
  {
   "type": "Feature",
   "geometry": {
    "type": "Point",
    "coordinates": [
     46.71601,
     24.63892
    ]
   },
   "properties": {
    "id": "store-lego-store-nakheel-mall",
    "name": "LEGO® Store Nakheel Mall",
    "name_local": null,
    "city": "Riyadh",
    "country": "Saudi Arabia",
    "type": "official",
    "closed_year": null,
    "address": "Exit 9, Al Imam Saud Ibn Abdul Aziz Branch Rd, Al Mughrizat, Riyadh 12483, Saudi Arabia",
    "phone": "+966 11 210 5388",
    "services": "bam, pab",
    "url": "https://brickstorestamps.com/stores/store-lego-store-nakheel-mall"
   }
  },
  {
   "type": "Feature",
   "geometry": {
    "type": "Point",
    "coordinates": [
     46.71601,
     24.63892
    ]
   },
   "properties": {
    "id": "store-lego-store-panorama-mall",
    "name": "LEGO® Store Panorama Mall",
    "name_local": null,
    "city": "Riyadh",
    "country": "Saudi Arabia",
    "type": "official",
    "closed_year": null,
    "address": "Al Mathar Ash Shamali, 6526, Riyadh 12332, Saudi Arabia",
    "phone": "+966 11 238 8558",
    "services": "bam, pab",
    "url": "https://brickstorestamps.com/stores/store-lego-store-panorama-mall"
   }
  },
  {
   "type": "Feature",
   "geometry": {
    "type": "Point",
    "coordinates": [
     46.71601,
     24.63892
    ]
   },
   "properties": {
    "id": "store-lego-store-riyadh-park-mall",
    "name": "LEGO® Store Riyadh Park Mall",
    "name_local": null,
    "city": "Riyadh",
    "country": "Saudi Arabia",
    "type": "official",
    "closed_year": null,
    "address": "Park Mall, Nortern Ring Br Rd, Al Aqiq, Riyadh 11564, Saudi Arabia",
    "phone": "+966 11 257 7179",
    "services": "bam, pab",
    "url": "https://brickstorestamps.com/stores/store-lego-store-riyadh-park-mall"
   }
  },
  {
   "type": "Feature",
   "geometry": {
    "type": "Point",
    "coordinates": [
     20.4569,
     44.81781
    ]
   },
   "properties": {
    "id": "store-lego-store-belgrade",
    "name": "LEGO® Store Belgrade",
    "name_local": null,
    "city": "Belgrade",
    "country": "Serbia",
    "type": "official",
    "closed_year": null,
    "address": "Bulevar Mihajla Pupina 4, Beograd 11000 - Ušće Shopping Centar 2nd floor, Belgrade 11000, Serbia",
    "phone": "+381 11 4039655",
    "services": "bam, pab",
    "url": "https://brickstorestamps.com/stores/store-lego-store-belgrade"
   }
  },
  {
   "type": "Feature",
   "geometry": {
    "type": "Point",
    "coordinates": [
     103.85191,
     1.28992
    ]
   },
   "properties": {
    "id": "store-lego-store-jewel-changi-airport-26-5-26-26-7-26",
    "name": "LEGO Store Jewel Changi Airport",
    "name_local": null,
    "city": "Singapore",
    "country": "Singapore",
    "type": "official",
    "closed_year": null,
    "address": null,
    "phone": null,
    "services": null,
    "url": "https://brickstorestamps.com/stores/store-lego-store-jewel-changi-airport-26-5-26-26-7-26"
   }
  },
  {
   "type": "Feature",
   "geometry": {
    "type": "Point",
    "coordinates": [
     103.85191,
     1.28992
    ]
   },
   "properties": {
    "id": "store-lego-store-singapore-sin-t3-have-stamps",
    "name": "LEGO Store Singapore SIN - T3",
    "name_local": null,
    "city": "Singapore",
    "country": "Singapore",
    "type": "official",
    "closed_year": null,
    "address": "Changi Airport, Terminal 3, 65 Airport Boulevard, Singapore 819663, Singapore",
    "phone": null,
    "services": null,
    "url": "https://brickstorestamps.com/stores/store-lego-store-singapore-sin-t3-have-stamps"
   }
  },
  {
   "type": "Feature",
   "geometry": {
    "type": "Point",
    "coordinates": [
     103.85191,
     1.28992
    ]
   },
   "properties": {
    "id": "store-lego-store-singapore-sin-t4-have-stamps",
    "name": "LEGO Store Singapore SIN - T4",
    "name_local": null,
    "city": "Singapore",
    "country": "Singapore",
    "type": "official",
    "closed_year": null,
    "address": "Changi Airport, Terminal 4, 10 Airport Boulevard, Singapore 819665, Singapore",
    "phone": null,
    "services": null,
    "url": "https://brickstorestamps.com/stores/store-lego-store-singapore-sin-t4-have-stamps"
   }
  },
  {
   "type": "Feature",
   "geometry": {
    "type": "Point",
    "coordinates": [
     103.85191,
     1.28992
    ]
   },
   "properties": {
    "id": "store-lego-certified-store-vivocity",
    "name": "LEGO® Certified Store VivoCity",
    "name_local": null,
    "city": "Singapore",
    "country": "Singapore",
    "type": "official",
    "closed_year": null,
    "address": "1 HarbourFront Walk, #02-90, VivoCity, Singapore, Singapore",
    "phone": "+65 6465 9230",
    "services": null,
    "url": "https://brickstorestamps.com/stores/store-lego-certified-store-vivocity"
   }
  },
  {
   "type": "Feature",
   "geometry": {
    "type": "Point",
    "coordinates": [
     103.85191,
     1.28992
    ]
   },
   "properties": {
    "id": "store-lego-store-compass-one-certified-store",
    "name": "LEGO® Store Compass One (Certified Store)",
    "name_local": null,
    "city": "Singapore",
    "country": "Singapore",
    "type": "official",
    "closed_year": null,
    "address": "1 Sengkang Square #03-08/09, Compass One, Singapore 545078, Singapore",
    "phone": "+65 63866186",
    "services": "bam, pab",
    "url": "https://brickstorestamps.com/stores/store-lego-store-compass-one-certified-store"
   }
  },
  {
   "type": "Feature",
   "geometry": {
    "type": "Point",
    "coordinates": [
     103.85191,
     1.28992
    ]
   },
   "properties": {
    "id": "store-lego-store-ion-certified-store-have-stamps-have-stamps",
    "name": "LEGO® Store ION (Certified Store)",
    "name_local": null,
    "city": "Singapore",
    "country": "Singapore",
    "type": "official",
    "closed_year": null,
    "address": "2 Orchard Turn #04-15 ION Orchard, Singapore 238801, Singapore",
    "phone": "+65 6634 0952",
    "services": "bam, pab",
    "url": "https://brickstorestamps.com/stores/store-lego-store-ion-certified-store-have-stamps-have-stamps"
   }
  },
  {
   "type": "Feature",
   "geometry": {
    "type": "Point",
    "coordinates": [
     103.85191,
     1.28992
    ]
   },
   "properties": {
    "id": "store-lego-store-jem-certified-store-have-stamps",
    "name": "LEGO® Store JEM (Certified Store)",
    "name_local": null,
    "city": "Singapore",
    "country": "Singapore",
    "type": "official",
    "closed_year": null,
    "address": "Jem, 50 Jurong Gateway Rd, #04 - 42, Singapore 608549, Singapore",
    "phone": "+65 67347603",
    "services": "bam, pab",
    "url": "https://brickstorestamps.com/stores/store-lego-store-jem-certified-store-have-stamps"
   }
  },
  {
   "type": "Feature",
   "geometry": {
    "type": "Point",
    "coordinates": [
     103.85191,
     1.28992
    ]
   },
   "properties": {
    "id": "store-lego-store-jurong-point-certified-store",
    "name": "LEGO® Store Jurong Point (Certified Store)",
    "name_local": null,
    "city": "Singapore",
    "country": "Singapore",
    "type": "official",
    "closed_year": null,
    "address": "Jurong Point, 2 #B1-23, 63 Jurong West Central 3, Singapore 648331, Singapore",
    "phone": "+65 67907663",
    "services": "bam, pab",
    "url": "https://brickstorestamps.com/stores/store-lego-store-jurong-point-certified-store"
   }
  },
  {
   "type": "Feature",
   "geometry": {
    "type": "Point",
    "coordinates": [
     103.85191,
     1.28992
    ]
   },
   "properties": {
    "id": "store-lego-store-nex-certified-store",
    "name": "LEGO® Store NEX (Certified Store)",
    "name_local": null,
    "city": "Singapore",
    "country": "Singapore",
    "type": "official",
    "closed_year": null,
    "address": "Nex Shopping Mall, #04-52/53, 23 Serangoon Central, Singapore 556083, Singapore",
    "phone": "+65 66341660",
    "services": "bam, pab",
    "url": "https://brickstorestamps.com/stores/store-lego-store-nex-certified-store"
   }
  },
  {
   "type": "Feature",
   "geometry": {
    "type": "Point",
    "coordinates": [
     103.85191,
     1.28992
    ]
   },
   "properties": {
    "id": "store-lego-store-ngee-ann-city-certified-store-have-stamps",
    "name": "LEGO® Store Ngee Ann City (Certified Store)",
    "name_local": null,
    "city": "Singapore",
    "country": "Singapore",
    "type": "official",
    "closed_year": null,
    "address": "391, Orchard Road, #05-15A Ngee Ann City Podium Block, Singapore 238872, Singapore",
    "phone": "+65 6734 5512",
    "services": "bam, pab",
    "url": "https://brickstorestamps.com/stores/store-lego-store-ngee-ann-city-certified-store-have-stamps"
   }
  },
  {
   "type": "Feature",
   "geometry": {
    "type": "Point",
    "coordinates": [
     103.85191,
     1.28992
    ]
   },
   "properties": {
    "id": "store-lego-store-plaza-singapura-certified-store-have-stamps",
    "name": "LEGO® Store Plaza Singapura (Certified Store)",
    "name_local": null,
    "city": "Singapore",
    "country": "Singapore",
    "type": "official",
    "closed_year": null,
    "address": "68 Orchard Road #03-17 Plaza Singapura, Singapore 238829, Singapore",
    "phone": "+65 6238 8252",
    "services": "bam, pab",
    "url": "https://brickstorestamps.com/stores/store-lego-store-plaza-singapura-certified-store-have-stamps"
   }
  },
  {
   "type": "Feature",
   "geometry": {
    "type": "Point",
    "coordinates": [
     103.85191,
     1.28992
    ]
   },
   "properties": {
    "id": "store-lego-store-resort-world-sentosa-certified-store-have-stamps",
    "name": "LEGO® Store Resort World Sentosa (Certified Store)",
    "name_local": null,
    "city": "Singapore",
    "country": "Singapore",
    "type": "official",
    "closed_year": null,
    "address": "8 Sentosa Gateway, Level 1, The Bull Ring, 01-72/74, Singapore 098138, Singapore",
    "phone": "+65 6970 7290",
    "services": "bam, pab",
    "url": "https://brickstorestamps.com/stores/store-lego-store-resort-world-sentosa-certified-store-have-stamps"
   }
  },
  {
   "type": "Feature",
   "geometry": {
    "type": "Point",
    "coordinates": [
     103.85191,
     1.28992
    ]
   },
   "properties": {
    "id": "store-lego-store-suntec-city-certified-store-have-stamps",
    "name": "LEGO® Store Suntec City (Certified Store)",
    "name_local": null,
    "city": "Singapore",
    "country": "Singapore",
    "type": "official",
    "closed_year": null,
    "address": "3 Temasek Boulevard #01-305 West Wing Suntec City Mall, Singapore 038983, Singapore",
    "phone": "+65 6513 4588",
    "services": "bam, pab",
    "url": "https://brickstorestamps.com/stores/store-lego-store-suntec-city-certified-store-have-stamps"
   }
  },
  {
   "type": "Feature",
   "geometry": {
    "type": "Point",
    "coordinates": [
     103.85191,
     1.28992
    ]
   },
   "properties": {
    "id": "store-lego-store-tampines-mall-certified-store-have-stamps",
    "name": "LEGO® Store Tampines Mall (Certified Store)",
    "name_local": null,
    "city": "Singapore",
    "country": "Singapore",
    "type": "official",
    "closed_year": null,
    "address": "4 Tampines Central 5, #03-20/21 Tampines Mall, Singapore 529510, Singapore",
    "phone": "+65 6970 6889",
    "services": "bam, pab",
    "url": "https://brickstorestamps.com/stores/store-lego-store-tampines-mall-certified-store-have-stamps"
   }
  },
  {
   "type": "Feature",
   "geometry": {
    "type": "Point",
    "coordinates": [
     103.85191,
     1.28992
    ]
   },
   "properties": {
    "id": "store-c-the-lego-shophouse-experience-singapur",
    "name": "The LEGO® Shophouse Experience",
    "name_local": null,
    "city": "Singapore",
    "country": "Singapore",
    "type": "popup",
    "closed_year": 2026,
    "address": "Design Orchard, 250 Orchard Rd, Singapore 238905, Singapore",
    "phone": null,
    "services": null,
    "url": "https://brickstorestamps.com/stores/store-c-the-lego-shophouse-experience-singapur"
   }
  },
  {
   "type": "Feature",
   "geometry": {
    "type": "Point",
    "coordinates": [
     14.50693,
     46.05003
    ]
   },
   "properties": {
    "id": "store-lego-store-ljubljana-certified-store",
    "name": "LEGO® Store Ljubljana (Certified Store)",
    "name_local": null,
    "city": "Ljubljana",
    "country": "Slovenia",
    "type": "official",
    "closed_year": null,
    "address": "Moskovska ulica 4, 1000 Ljubljana, - Citypark 1st floor, Ljubljana 1000, Slovenia",
    "phone": "+386 70 660 700",
    "services": "bam, pab",
    "url": "https://brickstorestamps.com/stores/store-lego-store-ljubljana-certified-store"
   }
  },
  {
   "type": "Feature",
   "geometry": {
    "type": "Point",
    "coordinates": [
     18.41722,
     -33.92883
    ]
   },
   "properties": {
    "id": "store-lego-store-canal-walk-certified-store",
    "name": "LEGO® Store Canal Walk (Certified Store)",
    "name_local": null,
    "city": "Cape Town",
    "country": "South Africa",
    "type": "official",
    "closed_year": null,
    "address": "526, Canal Walk Shopping Centre, Cape Town 7146, South Africa",
    "phone": "211540644",
    "services": "bam, pab",
    "url": "https://brickstorestamps.com/stores/store-lego-store-canal-walk-certified-store"
   }
  },
  {
   "type": "Feature",
   "geometry": {
    "type": "Point",
    "coordinates": [
     18.84893,
     -34.08222
    ]
   },
   "properties": {
    "id": "store-lego-store-somerset-mall-cape-town",
    "name": "LEGO® Store Somerset Mall Cape Town",
    "name_local": null,
    "city": "Cape Town",
    "country": "South Africa",
    "type": "official",
    "closed_year": null,
    "address": "Shop 210 Somerset Mall, Cape Town 7130, South Africa",
    "phone": "021 154 0810",
    "services": "bam, pab",
    "url": "https://brickstorestamps.com/stores/store-lego-store-somerset-mall-cape-town"
   }
  },
  {
   "type": "Feature",
   "geometry": {
    "type": "Point",
    "coordinates": [
     18.41722,
     -33.92883
    ]
   },
   "properties": {
    "id": "store-lego-store-v-a-waterfront-certified-store",
    "name": "LEGO® Store V&A Waterfront (Certified Store)",
    "name_local": null,
    "city": "Cape Town",
    "country": "South Africa",
    "type": "official",
    "closed_year": null,
    "address": "Shop 6195 Victoria Wharf Shopping Cente, Cape Town 8001, South Africa",
    "phone": "0027-021-154-0645",
    "services": "bam, pab",
    "url": "https://brickstorestamps.com/stores/store-lego-store-v-a-waterfront-certified-store"
   }
  },
  {
   "type": "Feature",
   "geometry": {
    "type": "Point",
    "coordinates": [
     28.04972,
     -26.205
    ]
   },
   "properties": {
    "id": "store-lego-store-sandton-city-certified-store",
    "name": "LEGO® Store Sandton City (Certified Store)",
    "name_local": null,
    "city": "Johannesburg",
    "country": "South Africa",
    "type": "official",
    "closed_year": null,
    "address": "Unit 51C Sandton City, Rivonia Rd / 5th St, Sandton, Sandton 2196, South Africa",
    "phone": "116621777",
    "services": "bam, pab",
    "url": "https://brickstorestamps.com/stores/store-lego-store-sandton-city-certified-store"
   }
  },
  {
   "type": "Feature",
   "geometry": {
    "type": "Point",
    "coordinates": [
     28.12591,
     -25.99926
    ]
   },
   "properties": {
    "id": "store-lego-store-mall-of-africa-certified-store",
    "name": "LEGO® Store Mall of Africa (Certified Store)",
    "name_local": null,
    "city": "Midrand",
    "country": "South Africa",
    "type": "official",
    "closed_year": null,
    "address": "Shop 1241 Mall of Africa, Magwa Crescent, Midrand 1685, South Africa",
    "phone": "0027-010-021-0775",
    "services": "bam, pab",
    "url": "https://brickstorestamps.com/stores/store-lego-store-mall-of-africa-certified-store"
   }
  },
  {
   "type": "Feature",
   "geometry": {
    "type": "Point",
    "coordinates": [
     28.18791,
     -25.74593
    ]
   },
   "properties": {
    "id": "store-lego-store-menlyn-certified-store",
    "name": "LEGO® Store Menlyn (Certified Store)",
    "name_local": null,
    "city": "Pretoria",
    "country": "South Africa",
    "type": "official",
    "closed_year": null,
    "address": "G157 Menlyn Park Shopping Centre, Pretoria 0181, South Africa",
    "phone": "120210945",
    "services": "bam, pab",
    "url": "https://brickstorestamps.com/stores/store-lego-store-menlyn-certified-store"
   }
  },
  {
   "type": "Feature",
   "geometry": {
    "type": "Point",
    "coordinates": [
     31.08278,
     -29.73
    ]
   },
   "properties": {
    "id": "store-lego-store-gateway-certified-store",
    "name": "LEGO® Store Gateway (Certified Store)",
    "name_local": null,
    "city": "Umhlanga",
    "country": "South Africa",
    "type": "official",
    "closed_year": null,
    "address": "Shops F145 & F146 Gateway, Umhlanga 4319, South Africa",
    "phone": "318540500",
    "services": "bam, pab",
    "url": "https://brickstorestamps.com/stores/store-lego-store-gateway-certified-store"
   }
  },
  {
   "type": "Feature",
   "geometry": {
    "type": "Point",
    "coordinates": [
     126.76601,
     37.50144
    ]
   },
   "properties": {
    "id": "store-lego-store-jungdongcertified-store",
    "name": "LEGO® Store JungdongCertified Store",
    "name_local": null,
    "city": "Bucheon",
    "country": "South Korea",
    "type": "official",
    "closed_year": null,
    "address": "172, Gilju-ro, Bucheon-si, Bucheon, South Korea",
    "phone": "82-32-623-1032",
    "services": "bam, pab",
    "url": "https://brickstorestamps.com/stores/store-lego-store-jungdongcertified-store"
   }
  },
  {
   "type": "Feature",
   "geometry": {
    "type": "Point",
    "coordinates": [
     129.07524,
     35.17995
    ]
   },
   "properties": {
    "id": "store-lego-store-centumcity-certified-store",
    "name": "LEGO® Store CentumCity (Certified Store)",
    "name_local": null,
    "city": "Busan",
    "country": "South Korea",
    "type": "official",
    "closed_year": null,
    "address": "B2F, Shinsegae Department Store Centumcity, 15, Centum 4-ro, Haeundae-gu, Busan, South Korea",
    "phone": "051-745-1927",
    "services": "bam, pab",
    "url": "https://brickstorestamps.com/stores/store-lego-store-centumcity-certified-store"
   }
  },
  {
   "type": "Feature",
   "geometry": {
    "type": "Point",
    "coordinates": [
     129.07524,
     35.17995
    ]
   },
   "properties": {
    "id": "store-lego-store-seomyeon-certified-store",
    "name": "LEGO® Store Seomyeon (Certified Store)",
    "name_local": null,
    "city": "Busan",
    "country": "South Korea",
    "type": "official",
    "closed_year": null,
    "address": "6F, Lotte Department Store Busan, 772 Gaya-daero, Busanjin-gu, , Busan, South Korea",
    "phone": "0507-1437-3693",
    "services": "bam, pab",
    "url": "https://brickstorestamps.com/stores/store-lego-store-seomyeon-certified-store"
   }
  },
  {
   "type": "Feature",
   "geometry": {
    "type": "Point",
    "coordinates": [
     127.72976,
     37.88106
    ]
   },
   "properties": {
    "id": "store-legoland-korea",
    "name": "LEGOLAND Korea",
    "name_local": null,
    "city": "Chuncheon",
    "country": "South Korea",
    "type": "official",
    "closed_year": null,
    "address": "LegoLand, 128 Hajungdo-gil, Chuncheon-si, Gangwon-do, Chuncheon 24240, South Korea",
    "phone": null,
    "services": "bam, pab",
    "url": "https://brickstorestamps.com/stores/store-legoland-korea"
   }
  },
  {
   "type": "Feature",
   "geometry": {
    "type": "Point",
    "coordinates": [
     128.6018,
     35.8713
    ]
   },
   "properties": {
    "id": "store-lego-store-daegu-certified-store",
    "name": "LEGO® Store Daegu (Certified Store)",
    "name_local": null,
    "city": "Daegu",
    "country": "South Korea",
    "type": "official",
    "closed_year": null,
    "address": "B2F, The Hyundai Daegu, 2077 Dalgubeol-daero, Jung-gu, Daegu 41936, South Korea",
    "phone": "0507-1319-3032",
    "services": "bam, pab",
    "url": "https://brickstorestamps.com/stores/store-lego-store-daegu-certified-store"
   }
  },
  {
   "type": "Feature",
   "geometry": {
    "type": "Point",
    "coordinates": [
     127.3849,
     36.3497
    ]
   },
   "properties": {
    "id": "store-lego-store-daejeon-certified-store",
    "name": "LEGO® Store Daejeon (Certified Store)",
    "name_local": null,
    "city": "Daejeon",
    "country": "South Korea",
    "type": "official",
    "closed_year": null,
    "address": "7F, Shinsegae Department Store Daejeon Art & Science, 1 Expo-ro, Yuseong-gu, Daejeon 34126, South Korea",
    "phone": "042-607-8700",
    "services": "bam, pab",
    "url": "https://brickstorestamps.com/stores/store-lego-store-daejeon-certified-store"
   }
  },
  {
   "type": "Feature",
   "geometry": {
    "type": "Point",
    "coordinates": [
     127.0984,
     37.18721
    ]
   },
   "properties": {
    "id": "store-lego-store-dongtan-certified-store",
    "name": "LEGO® Store Dongtan (Certified Store)",
    "name_local": null,
    "city": "Dongtan",
    "country": "South Korea",
    "type": "official",
    "closed_year": null,
    "address": "160, Dongtanyeok-ro, Hwaseong-si, Dongtan, South Korea",
    "phone": "82-31-8036-3815",
    "services": "bam, pab",
    "url": "https://brickstorestamps.com/stores/store-lego-store-dongtan-certified-store"
   }
  },
  {
   "type": "Feature",
   "geometry": {
    "type": "Point",
    "coordinates": [
     128.88954,
     35.22791
    ]
   },
   "properties": {
    "id": "store-lego-store-gimhae-certified-store",
    "name": "LEGO® Store Gimhae (Certified Store)",
    "name_local": null,
    "city": "Gimhae",
    "country": "South Korea",
    "type": "official",
    "closed_year": null,
    "address": "LEGO store, 1F, 2232, Gimhae-daero, Gimhae-si, Gyeongsangnam-do 50938, South Korea",
    "phone": "055-272-1146",
    "services": "bam, pab",
    "url": "https://brickstorestamps.com/stores/store-lego-store-gimhae-certified-store"
   }
  },
  {
   "type": "Feature",
   "geometry": {
    "type": "Point",
    "coordinates": [
     126.83195,
     37.65819
    ]
   },
   "properties": {
    "id": "store-lego-store-goyang-certified-store",
    "name": "LEGO® Store Goyang (Certified Store)",
    "name_local": null,
    "city": "Goyang",
    "country": "South Korea",
    "type": "official",
    "closed_year": null,
    "address": "3F 1955 Goyangdaero Deogyanggu, Gyeonggi-do, South Korea",
    "phone": "82-31-5173-3416",
    "services": "bam, pab",
    "url": "https://brickstorestamps.com/stores/store-lego-store-goyang-certified-store"
   }
  },
  {
   "type": "Feature",
   "geometry": {
    "type": "Point",
    "coordinates": [
     126.7052,
     37.456
    ]
   },
   "properties": {
    "id": "store-lego-store-incheon-certified-store",
    "name": "LEGO® Store Incheon (Certified Store)",
    "name_local": null,
    "city": "Incheon",
    "country": "South Korea",
    "type": "official",
    "closed_year": null,
    "address": "3F, 35 Yeonnam-ro, Michuhol-gu, Incheon, South Korea",
    "phone": "82-32-242-2399",
    "services": "bam, pab",
    "url": "https://brickstorestamps.com/stores/store-lego-store-incheon-certified-store"
   }
  },
  {
   "type": "Feature",
   "geometry": {
    "type": "Point",
    "coordinates": [
     127.12621,
     37.42016
    ]
   },
   "properties": {
    "id": "store-lego-store-pangyo-certified-store",
    "name": "LEGO® Store Pangyo (Certified Store)",
    "name_local": null,
    "city": "Seongnam",
    "country": "South Korea",
    "type": "official",
    "closed_year": null,
    "address": "5F 20 Pangyoyeok-ro 146beongil, Gyeonggi-do, South Korea",
    "phone": "82-31-5170-1557",
    "services": "bam, pab",
    "url": "https://brickstorestamps.com/stores/store-lego-store-pangyo-certified-store"
   }
  },
  {
   "type": "Feature",
   "geometry": {
    "type": "Point",
    "coordinates": [
     126.97829,
     37.56668
    ]
   },
   "properties": {
    "id": "store-lego-store-coex-certified-store",
    "name": "LEGO® Store COEX (Certified Store)",
    "name_local": null,
    "city": "Seoul",
    "country": "South Korea",
    "type": "official",
    "closed_year": null,
    "address": "LEGO store, B1F, 513, Yeongdong-daero, Gangnam-gu, Seoul 06164, South Korea",
    "phone": "+82-02-6002-3993",
    "services": "bam, pab",
    "url": "https://brickstorestamps.com/stores/store-lego-store-coex-certified-store"
   }
  },
  {
   "type": "Feature",
   "geometry": {
    "type": "Point",
    "coordinates": [
     126.97829,
     37.56668
    ]
   },
   "properties": {
    "id": "store-lego-store-gangnam-certified-store",
    "name": "LEGO® Store Gangnam (Certified Store)",
    "name_local": null,
    "city": "Seoul",
    "country": "South Korea",
    "type": "official",
    "closed_year": null,
    "address": "LEGO store, 10F, 176, Sinbanpo-ro, Seocho-gu, Seoul 06546, South Korea",
    "phone": "02-3479-1133",
    "services": "bam, pab",
    "url": "https://brickstorestamps.com/stores/store-lego-store-gangnam-certified-store"
   }
  },
  {
   "type": "Feature",
   "geometry": {
    "type": "Point",
    "coordinates": [
     126.80297,
     37.56241
    ]
   },
   "properties": {
    "id": "store-lego-store-gimpo-certified-store",
    "name": "LEGO® Store Gimpo (Certified Store)",
    "name_local": null,
    "city": "Seoul",
    "country": "South Korea",
    "type": "official",
    "closed_year": null,
    "address": "LEGO store, MF, 77, Haneul-gil, Gangseo-gu, Seoul 07505, South Korea",
    "phone": "+82-6116-3066",
    "services": "bam, pab",
    "url": "https://brickstorestamps.com/stores/store-lego-store-gimpo-certified-store"
   }
  },
  {
   "type": "Feature",
   "geometry": {
    "type": "Point",
    "coordinates": [
     126.97829,
     37.56668
    ]
   },
   "properties": {
    "id": "store-lego-store-hyundai-mokdong-certified-store",
    "name": "LEGO® Store Hyundai Mokdong (Certified Store)",
    "name_local": null,
    "city": "Seoul",
    "country": "South Korea",
    "type": "official",
    "closed_year": null,
    "address": "HD Dept. B2, 257, Mokdongdong-ro, Yangcheon-gu, Seoul 07998, South Korea",
    "phone": null,
    "services": "bam, pab",
    "url": "https://brickstorestamps.com/stores/store-lego-store-hyundai-mokdong-certified-store"
   }
  },
  {
   "type": "Feature",
   "geometry": {
    "type": "Point",
    "coordinates": [
     126.97829,
     37.56668
    ]
   },
   "properties": {
    "id": "store-lego-store-ipark-yongsan",
    "name": "LEGO® Store Ipark Yongsan",
    "name_local": null,
    "city": "Seoul",
    "country": "South Korea",
    "type": "official",
    "closed_year": null,
    "address": "6F, Ipark Mall Yongsan, 55 Hangang-daero 23-gil, Yongsan-gu, Seoul 04377, South Korea",
    "phone": "02-2012-1501",
    "services": null,
    "url": "https://brickstorestamps.com/stores/store-lego-store-ipark-yongsan"
   }
  },
  {
   "type": "Feature",
   "geometry": {
    "type": "Point",
    "coordinates": [
     126.97829,
     37.56668
    ]
   },
   "properties": {
    "id": "store-lego-store-jamsil-certified-store",
    "name": "LEGO® Store Jamsil (Certified Store)",
    "name_local": null,
    "city": "Seoul",
    "country": "South Korea",
    "type": "official",
    "closed_year": null,
    "address": "8F, Lotte Department Store Jamsil, 240 Olympic-ro, Songpa-gu, Seoul 05554, South Korea",
    "phone": "02-2143-7871",
    "services": "bam, pab",
    "url": "https://brickstorestamps.com/stores/store-lego-store-jamsil-certified-store"
   }
  },
  {
   "type": "Feature",
   "geometry": {
    "type": "Point",
    "coordinates": [
     126.97829,
     37.56668
    ]
   },
   "properties": {
    "id": "store-lego-store-myeongdong-certified-store",
    "name": "LEGO® Store Myeongdong (Certified Store)",
    "name_local": null,
    "city": "Seoul",
    "country": "South Korea",
    "type": "official",
    "closed_year": null,
    "address": "2F, 67, Namdaemun-ro, Jung-gu, Seoul, South Korea",
    "phone": "82-2-2118-5235",
    "services": "bam, pab",
    "url": "https://brickstorestamps.com/stores/store-lego-store-myeongdong-certified-store"
   }
  },
  {
   "type": "Feature",
   "geometry": {
    "type": "Point",
    "coordinates": [
     126.97829,
     37.56668
    ]
   },
   "properties": {
    "id": "store-lego-store-wolgye-certified-store",
    "name": "LEGO® Store Wolgye (Certified Store)",
    "name_local": null,
    "city": "Seoul",
    "country": "South Korea",
    "type": "official",
    "closed_year": null,
    "address": "2F,15, Madeul-ro 3-gil,, Seoul, South Korea",
    "phone": "82-2-948-2514",
    "services": "bam, pab",
    "url": "https://brickstorestamps.com/stores/store-lego-store-wolgye-certified-store"
   }
  },
  {
   "type": "Feature",
   "geometry": {
    "type": "Point",
    "coordinates": [
     126.97829,
     37.56668
    ]
   },
   "properties": {
    "id": "store-lego-store-youido-certified-store",
    "name": "LEGO® Store Youido (Certified Store)",
    "name_local": null,
    "city": "Seoul",
    "country": "South Korea",
    "type": "official",
    "closed_year": null,
    "address": "108, Yeoui-daero, Yeongdeungpo-gu, Seoul, South Korea",
    "phone": "82-2-3277-0546",
    "services": "bam, pab",
    "url": "https://brickstorestamps.com/stores/store-lego-store-youido-certified-store"
   }
  },
  {
   "type": "Feature",
   "geometry": {
    "type": "Point",
    "coordinates": [
     126.97829,
     37.56668
    ]
   },
   "properties": {
    "id": "store-lego-store-youngdeungpo-certified-store",
    "name": "LEGO® Store Youngdeungpo (Certified Store)",
    "name_local": null,
    "city": "Seoul",
    "country": "South Korea",
    "type": "official",
    "closed_year": null,
    "address": "B1F, 15, Yeongjung-ro,, Seoul, South Korea",
    "phone": "82-2-3667-0308",
    "services": "bam, pab",
    "url": "https://brickstorestamps.com/stores/store-lego-store-youngdeungpo-certified-store"
   }
  },
  {
   "type": "Feature",
   "geometry": {
    "type": "Point",
    "coordinates": [
     127.02875,
     37.26333
    ]
   },
   "properties": {
    "id": "store-lego-store-gwangkyo-certified-store",
    "name": "LEGO® Store Gwangkyo (Certified Store)",
    "name_local": null,
    "city": "Suwon",
    "country": "South Korea",
    "type": "official",
    "closed_year": null,
    "address": "6F, 124, Gwanggyojungang-ro,, Gyeonggi-do, South Korea",
    "phone": "82-31-5174-7633",
    "services": "bam, pab",
    "url": "https://brickstorestamps.com/stores/store-lego-store-gwangkyo-certified-store"
   }
  },
  {
   "type": "Feature",
   "geometry": {
    "type": "Point",
    "coordinates": [
     127.02875,
     37.26333
    ]
   },
   "properties": {
    "id": "store-lego-store-suwon-certified-store",
    "name": "LEGO® Store Suwon (Certified Store)",
    "name_local": null,
    "city": "Suwon",
    "country": "South Korea",
    "type": "official",
    "closed_year": null,
    "address": "LEGO store, 3F, 134, Sehwa-ro, Gwonseon-gu, Suwon-si, Gyeonggi-do 16621, South Korea",
    "phone": "+82-1577-0001",
    "services": "bam, pab",
    "url": "https://brickstorestamps.com/stores/store-lego-store-suwon-certified-store"
   }
  },
  {
   "type": "Feature",
   "geometry": {
    "type": "Point",
    "coordinates": [
     129.31191,
     35.53917
    ]
   },
   "properties": {
    "id": "store-lego-store-hyundai-ulsan-certified-store",
    "name": "LEGO® Store Hyundai Ulsan (Certified Store)",
    "name_local": null,
    "city": "Ulsan",
    "country": "South Korea",
    "type": "official",
    "closed_year": null,
    "address": "6F, Hyundai Department Store Ulsan, 261 Samsan-ro, Nam-gu, Ulsan 44705, South Korea",
    "phone": "052-228-0656",
    "services": "bam, pab",
    "url": "https://brickstorestamps.com/stores/store-lego-store-hyundai-ulsan-certified-store"
   }
  },
  {
   "type": "Feature",
   "geometry": {
    "type": "Point",
    "coordinates": [
     127.17856,
     37.24057
    ]
   },
   "properties": {
    "id": "store-lego-store-shinsegae-gyeonggi-certified-store",
    "name": "LEGO® Store Shinsegae Gyeonggi (Certified Store)",
    "name_local": null,
    "city": "Yongin",
    "country": "South Korea",
    "type": "official",
    "closed_year": null,
    "address": "SSG Dept. 4F, 536, Poeun-daero, Suji-gu, Yongin-si 16896, South Korea",
    "phone": null,
    "services": "bam, pab",
    "url": "https://brickstorestamps.com/stores/store-lego-store-shinsegae-gyeonggi-certified-store"
   }
  },
  {
   "type": "Feature",
   "geometry": {
    "type": "Point",
    "coordinates": [
     2.17707,
     41.38258
    ]
   },
   "properties": {
    "id": "store-lego-store-barcelona-airport",
    "name": "LEGO Store Barcelona Airport",
    "name_local": null,
    "city": "Barcelona",
    "country": "Spain",
    "type": "official",
    "closed_year": null,
    "address": "Barcelona-El Prat Airport, El Prat de Llobregat, Barcelona 08820, Spain",
    "phone": null,
    "services": null,
    "url": "https://brickstorestamps.com/stores/store-lego-store-barcelona-airport"
   }
  },
  {
   "type": "Feature",
   "geometry": {
    "type": "Point",
    "coordinates": [
     2.17707,
     41.38258
    ]
   },
   "properties": {
    "id": "store-lego-store-barcelona",
    "name": "LEGO® Store Barcelona",
    "name_local": null,
    "city": "Barcelona",
    "country": "Spain",
    "type": "official",
    "closed_year": null,
    "address": "Passeig de Gràcia 9, Barcelona 08007, Spain",
    "phone": "+34 936099829",
    "services": "bam, minifigure_factory, mosaic_maker, pab",
    "url": "https://brickstorestamps.com/stores/store-lego-store-barcelona"
   }
  },
  {
   "type": "Feature",
   "geometry": {
    "type": "Point",
    "coordinates": [
     2.17707,
     41.38258
    ]
   },
   "properties": {
    "id": "store-lego-store-illa-diagonal-certified-store",
    "name": "LEGO® Store Illa Diagonal (Certified Store)",
    "name_local": null,
    "city": "Barcelona",
    "country": "Spain",
    "type": "official",
    "closed_year": null,
    "address": "Centro Comercial La Illa Diagonal, Avinguda Diagonal, 557, Barcelona 08029, Spain",
    "phone": "+34 930 153 892",
    "services": "bam, pab",
    "url": "https://brickstorestamps.com/stores/store-lego-store-illa-diagonal-certified-store"
   }
  },
  {
   "type": "Feature",
   "geometry": {
    "type": "Point",
    "coordinates": [
     2.17707,
     41.38258
    ]
   },
   "properties": {
    "id": "store-lego-store-maquinista-certified-store",
    "name": "LEGO® Store Maquinista (Certified Store)",
    "name_local": null,
    "city": "Barcelona",
    "country": "Spain",
    "type": "official",
    "closed_year": null,
    "address": "Centro Comercial Maquinista, Carrer de Potosí, 2, Barcelona 08030, Spain",
    "phone": "+34 932713679",
    "services": "bam, pab",
    "url": "https://brickstorestamps.com/stores/store-lego-store-maquinista-certified-store"
   }
  },
  {
   "type": "Feature",
   "geometry": {
    "type": "Point",
    "coordinates": [
     -2.935,
     43.263
    ]
   },
   "properties": {
    "id": "store-lego-store-bilbao-certified-store",
    "name": "LEGO® Store Bilbao (Certified Store)",
    "name_local": null,
    "city": "Bilbao",
    "country": "Spain",
    "type": "official",
    "closed_year": null,
    "address": "Calle Ercilla, 30 - 48011 Bilbao -España, Bilbao 48009, Spain",
    "phone": "+34 944580849",
    "services": "bam, pab",
    "url": "https://brickstorestamps.com/stores/store-lego-store-bilbao-certified-store"
   }
  },
  {
   "type": "Feature",
   "geometry": {
    "type": "Point",
    "coordinates": [
     -3.70351,
     40.41678
    ]
   },
   "properties": {
    "id": "store-lego-store-la-vaguada-certified-store",
    "name": "LEGO® Store La Vaguada (Certified Store)",
    "name_local": null,
    "city": "Madrid",
    "country": "Spain",
    "type": "official",
    "closed_year": null,
    "address": "Centro Comercial La Vaguada, Av. de Monforte de Lemos, 36, Madrid 28029, Spain",
    "phone": "+34 919016676",
    "services": "bam, pab",
    "url": "https://brickstorestamps.com/stores/store-lego-store-la-vaguada-certified-store"
   }
  },
  {
   "type": "Feature",
   "geometry": {
    "type": "Point",
    "coordinates": [
     -3.76527,
     40.32819
    ]
   },
   "properties": {
    "id": "store-lego-store-parquesur-certified-store",
    "name": "LEGO® Store Parquesur (Certified Store)",
    "name_local": null,
    "city": "Madrid",
    "country": "Spain",
    "type": "official",
    "closed_year": null,
    "address": "Centro Comercial Parquesur, Avenida Gran Bretaña, Madrid 28916, Spain",
    "phone": "+34 910 25 95 12",
    "services": "bam, pab",
    "url": "https://brickstorestamps.com/stores/store-lego-store-parquesur-certified-store"
   }
  },
  {
   "type": "Feature",
   "geometry": {
    "type": "Point",
    "coordinates": [
     -1.1131,
     37.93475
    ]
   },
   "properties": {
    "id": "store-lego-store-murcia",
    "name": "LEGO® Store Murcia",
    "name_local": null,
    "city": "Murcia",
    "country": "Spain",
    "type": "official",
    "closed_year": null,
    "address": "Carr. de Cadiz, Km. 760, Floor 1, Murcia 30110, Spain",
    "phone": "+34 868481593",
    "services": null,
    "url": "https://brickstorestamps.com/stores/store-lego-store-murcia"
   }
  },
  {
   "type": "Feature",
   "geometry": {
    "type": "Point",
    "coordinates": [
     -5.99534,
     37.38863
    ]
   },
   "properties": {
    "id": "store-lego-store-sevilla-certified-store",
    "name": "LEGO® Store Sevilla (Certified Store)",
    "name_local": null,
    "city": "Seville",
    "country": "Spain",
    "type": "official",
    "closed_year": null,
    "address": "Centro Comercial Lagoh Sevilla, Avenida de Palmas Altas, 1, Sevilla 41011, Spain",
    "phone": "+34 954024072",
    "services": "bam, pab",
    "url": "https://brickstorestamps.com/stores/store-lego-store-sevilla-certified-store"
   }
  },
  {
   "type": "Feature",
   "geometry": {
    "type": "Point",
    "coordinates": [
     -0.37634,
     39.46971
    ]
   },
   "properties": {
    "id": "store-lego-store-validation-certified-store",
    "name": "LEGO® Store (Certified Store)",
    "name_local": null,
    "city": "Valencia",
    "country": "Spain",
    "type": "official",
    "closed_year": null,
    "address": "CARRER DE COLON, 9, Valencia Spain, Valencia 46004, Spain",
    "phone": "+34 960130069",
    "services": "bam, pab",
    "url": "https://brickstorestamps.com/stores/store-lego-store-validation-certified-store"
   }
  },
  {
   "type": "Feature",
   "geometry": {
    "type": "Point",
    "coordinates": [
     -0.91013,
     41.69158
    ]
   },
   "properties": {
    "id": "store-lego-store-zaragoza-certified-store",
    "name": "LEGO® Store Zaragoza (Certified Store)",
    "name_local": null,
    "city": "Zaragoza",
    "country": "Spain",
    "type": "official",
    "closed_year": null,
    "address": "Centro Comercial Puerto Venecia, Travesía Jardines Reales 7, Zaragoza 50021, Spain",
    "phone": "+34 976 92 70 45",
    "services": "bam, pab",
    "url": "https://brickstorestamps.com/stores/store-lego-store-zaragoza-certified-store"
   }
  },
  {
   "type": "Feature",
   "geometry": {
    "type": "Point",
    "coordinates": [
     18.07109,
     59.32512
    ]
   },
   "properties": {
    "id": "store-lego-store-stockholm",
    "name": "LEGO® Store Stockholm",
    "name_local": null,
    "city": "Stockholm",
    "country": "Sweden",
    "type": "official",
    "closed_year": null,
    "address": "Stjärntorget 2, Solna 169 79, Sweden",
    "phone": "+46852515073",
    "services": "bam, pab",
    "url": "https://brickstorestamps.com/stores/store-lego-store-stockholm"
   }
  },
  {
   "type": "Feature",
   "geometry": {
    "type": "Point",
    "coordinates": [
     6.14272,
     46.20718
    ]
   },
   "properties": {
    "id": "store-lego-shop-in-shop-manor-geneve",
    "name": "LEGO Shop-in-Shop Manor Genève",
    "name_local": null,
    "city": "Geneva",
    "country": "Switzerland",
    "type": "official",
    "closed_year": null,
    "address": "Rue de Cornavin 6, Genève 1201, Switzerland",
    "phone": null,
    "services": null,
    "url": "https://brickstorestamps.com/stores/store-lego-shop-in-shop-manor-geneve"
   }
  },
  {
   "type": "Feature",
   "geometry": {
    "type": "Point",
    "coordinates": [
     8.7929,
     47.20056
    ]
   },
   "properties": {
    "id": "store-lego-shop-manor-pfaffikon-sz",
    "name": "LEGO Shop Manor Pfäffikon SZ",
    "name_local": null,
    "city": "Pfäffikon",
    "country": "Switzerland",
    "type": "official",
    "closed_year": null,
    "address": "Gwattstrasse 11, Pfäffikon SZ 8808, Switzerland",
    "phone": "+41 55 417 30 60",
    "services": null,
    "url": "https://brickstorestamps.com/stores/store-lego-shop-manor-pfaffikon-sz"
   }
  },
  {
   "type": "Feature",
   "geometry": {
    "type": "Point",
    "coordinates": [
     8.54104,
     47.37445
    ]
   },
   "properties": {
    "id": "store-lego-store-zurich",
    "name": "LEGO® Store Zurich",
    "name_local": null,
    "city": "Zurich",
    "country": "Switzerland",
    "type": "official",
    "closed_year": null,
    "address": "Einkaufszentrum Glatt, Neue Winterthurerstrasse 99, Wallisellen, Zurich CH-8304, Switzerland",
    "phone": "+41 043 233 40 70",
    "services": "bam, pab",
    "url": "https://brickstorestamps.com/stores/store-lego-store-zurich"
   }
  },
  {
   "type": "Feature",
   "geometry": {
    "type": "Point",
    "coordinates": [
     120.96868,
     24.80663
    ]
   },
   "properties": {
    "id": "store-lego-certified-store-hsinchu-sogo-store-certified-store",
    "name": "LEGO® Certified Store Hsinchu SOGO Store (Certified Store)",
    "name_local": null,
    "city": "Hsinchu",
    "country": "Taiwan",
    "type": "official",
    "closed_year": null,
    "address": "新竹市東區中央路239號, 新竹巿 30041, Taiwan",
    "phone": "+886 3 5153098",
    "services": "bam, pab",
    "url": "https://brickstorestamps.com/stores/store-lego-certified-store-hsinchu-sogo-store-certified-store"
   }
  },
  {
   "type": "Feature",
   "geometry": {
    "type": "Point",
    "coordinates": [
     120.31204,
     22.62033
    ]
   },
   "properties": {
    "id": "store-lego-certified-store-kaohsiung-yi-xiang-fashion-plaza-certified-store",
    "name": "LEGO® Certified Store Kaohsiung Yi Xiang Fashion Plaza (Certified Store)",
    "name_local": null,
    "city": "Kaohsiung",
    "country": "Taiwan",
    "type": "official",
    "closed_year": null,
    "address": "高雄巿鼓山區大順一路115號2樓 A棟, 高雄巿, Taiwan",
    "phone": "+88675588090",
    "services": "bam, pab",
    "url": "https://brickstorestamps.com/stores/store-lego-certified-store-kaohsiung-yi-xiang-fashion-plaza-certified-store"
   }
  },
  {
   "type": "Feature",
   "geometry": {
    "type": "Point",
    "coordinates": [
     121.46566,
     25.012
    ]
   },
   "properties": {
    "id": "store-lego-certified-store-banqiao-far-eastern-department-store-certified-store",
    "name": "LEGO® Certified Store Banqiao Far Eastern Department Store (Certified Store)",
    "name_local": null,
    "city": "New Taipei",
    "country": "Taiwan",
    "type": "official",
    "closed_year": null,
    "address": "新北市板橋區新站路28號2樓, 新北巿 22041, Taiwan",
    "phone": "+886 2 29506780",
    "services": "bam, pab",
    "url": "https://brickstorestamps.com/stores/store-lego-certified-store-banqiao-far-eastern-department-store-certified-store"
   }
  },
  {
   "type": "Feature",
   "geometry": {
    "type": "Point",
    "coordinates": [
     120.64783,
     24.16316
    ]
   },
   "properties": {
    "id": "store-lego-certified-store-taichung-far-eastern-department-store-certified-store",
    "name": "LEGO® Certified Store Taichung Far Eastern Department Store (Certified Store)",
    "name_local": null,
    "city": "Taichung",
    "country": "Taiwan",
    "type": "official",
    "closed_year": null,
    "address": "台中市西屯區台灣大道三段251號3樓, 台中巿 40756, Taiwan",
    "phone": "+886 4 22585005",
    "services": "bam, pab",
    "url": "https://brickstorestamps.com/stores/store-lego-certified-store-taichung-far-eastern-department-store-certified-store"
   }
  },
  {
   "type": "Feature",
   "geometry": {
    "type": "Point",
    "coordinates": [
     120.18498,
     22.99123
    ]
   },
   "properties": {
    "id": "store-lego-store-tainan-city-taipei-lalaport-nangang",
    "name": "LEGO® Certified Store Tainan T.S. Mall",
    "name_local": null,
    "city": "Tainan",
    "country": "Taiwan",
    "type": "official",
    "closed_year": null,
    "address": "台南市東區中華東路一段366號 A棟1樓, 台南巿 701, Taiwan",
    "phone": null,
    "services": "bam, pab",
    "url": "https://brickstorestamps.com/stores/store-lego-store-tainan-city-taipei-lalaport-nangang"
   }
  },
  {
   "type": "Feature",
   "geometry": {
    "type": "Point",
    "coordinates": [
     121.56368,
     25.03752
    ]
   },
   "properties": {
    "id": "store-lego-store-taipei-airport-tpe",
    "name": "LEGO Store Taipei Airport-TPE",
    "name_local": null,
    "city": "Taipei",
    "country": "Taiwan",
    "type": "official",
    "closed_year": null,
    "address": "Taoyuan International Airport, 9 Hangzhan S. Rd, Dayuan, Taoyuan 337, Taiwan",
    "phone": null,
    "services": null,
    "url": "https://brickstorestamps.com/stores/store-lego-store-taipei-airport-tpe"
   }
  },
  {
   "type": "Feature",
   "geometry": {
    "type": "Point",
    "coordinates": [
     121.56368,
     25.03752
    ]
   },
   "properties": {
    "id": "store-lego-certified-store-taipei-xinyi-a13-store-certified-store",
    "name": "LEGO® Certified Store Taipei Xinyi A13 Store(Certified Store)",
    "name_local": null,
    "city": "Taipei",
    "country": "Taiwan",
    "type": "official",
    "closed_year": null,
    "address": "台北市信義區松仁路58號3樓, 台北巿, Taiwan",
    "phone": "+886 2 87808879",
    "services": "bam, pab",
    "url": "https://brickstorestamps.com/stores/store-lego-certified-store-taipei-xinyi-a13-store-certified-store"
   }
  },
  {
   "type": "Feature",
   "geometry": {
    "type": "Point",
    "coordinates": [
     121.56368,
     25.03752
    ]
   },
   "properties": {
    "id": "store-lego-store-lalaport-nangang-certified-store",
    "name": "LEGO® Store LaLaport Nangang (Certified Store)",
    "name_local": null,
    "city": "Taipei",
    "country": "Taiwan",
    "type": "official",
    "closed_year": null,
    "address": "臺北市南港區經貿二路131號一樓, 台北巿, Taiwan",
    "phone": "02-2654-7958",
    "services": "bam, pab",
    "url": "https://brickstorestamps.com/stores/store-lego-store-lalaport-nangang-certified-store"
   }
  },
  {
   "type": "Feature",
   "geometry": {
    "type": "Point",
    "coordinates": [
     121.301,
     24.993
    ]
   },
   "properties": {
    "id": "store-taoyuan",
    "name": "樂高®授權專賣店 大江購物中心店(中壢)",
    "name_local": null,
    "city": "Taoyuan",
    "country": "Taiwan",
    "type": "official",
    "closed_year": null,
    "address": "桃園市中壢區中園路二段501號3樓, 桃園巿 320, Taiwan",
    "phone": "03-4616-943",
    "services": null,
    "url": "https://brickstorestamps.com/stores/store-taoyuan"
   }
  },
  {
   "type": "Feature",
   "geometry": {
    "type": "Point",
    "coordinates": [
     100.49351,
     13.75249
    ]
   },
   "properties": {
    "id": "store-lego-store-lcs-central-ladprao-certified-store",
    "name": "LEGO® Store LCS Central Ladprao (Certified Store)",
    "name_local": null,
    "city": "Bangkok",
    "country": "Thailand",
    "type": "official",
    "closed_year": null,
    "address": "Central Plaza Ladprao Level 2, Unit 215 1697 Phaholyothin Rd., Bangkok 10900, Thailand",
    "phone": "02-001-8322",
    "services": "bam, pab",
    "url": "https://brickstorestamps.com/stores/store-lego-store-lcs-central-ladprao-certified-store"
   }
  },
  {
   "type": "Feature",
   "geometry": {
    "type": "Point",
    "coordinates": [
     100.49351,
     13.75249
    ]
   },
   "properties": {
    "id": "store-lego-store-lcs-central-pinklao-certified-store",
    "name": "LEGO® Store LCS Central Pinklao (Certified Store)",
    "name_local": null,
    "city": "Bangkok",
    "country": "Thailand",
    "type": "official",
    "closed_year": null,
    "address": "Central Plaza Pinklao Fl.2 Unit.214/1-2 7/222 Baromrajchonnee Road, Bangkok 10700, Thailand",
    "phone": "02-002-0390",
    "services": "bam, pab",
    "url": "https://brickstorestamps.com/stores/store-lego-store-lcs-central-pinklao-certified-store"
   }
  },
  {
   "type": "Feature",
   "geometry": {
    "type": "Point",
    "coordinates": [
     100.49351,
     13.75249
    ]
   },
   "properties": {
    "id": "store-lego-store-lcs-centralworld-certified-store",
    "name": "LEGO® Store LCS CentralWorld (Certified Store)",
    "name_local": null,
    "city": "Bangkok",
    "country": "Thailand",
    "type": "official",
    "closed_year": null,
    "address": "Centralworld Level 5 unit C513/1 999/9 Rama I Rd, Bangkok 10330, Thailand",
    "phone": "02-000-6160",
    "services": "bam, pab",
    "url": "https://brickstorestamps.com/stores/store-lego-store-lcs-centralworld-certified-store"
   }
  },
  {
   "type": "Feature",
   "geometry": {
    "type": "Point",
    "coordinates": [
     100.59667,
     13.59495
    ]
   },
   "properties": {
    "id": "store-lego-store-mega-bangna-certified-store",
    "name": "LEGO® Store Mega Bangna (Certified Store)",
    "name_local": null,
    "city": "Bangkok",
    "country": "Thailand",
    "type": "official",
    "closed_year": null,
    "address": "RoomL 342-1344, 39 BangKaeo, BangPre, Bangnatrad Rd.,Samutphakarn, Bangkok 10540, Thailand",
    "phone": "02-102-1601",
    "services": "bam, pab",
    "url": "https://brickstorestamps.com/stores/store-lego-store-mega-bangna-certified-store"
   }
  },
  {
   "type": "Feature",
   "geometry": {
    "type": "Point",
    "coordinates": [
     100.49351,
     13.75249
    ]
   },
   "properties": {
    "id": "store-lego-store-one-bangkok",
    "name": "LEGO® Store One Bangkok",
    "name_local": null,
    "city": "Bangkok",
    "country": "Thailand",
    "type": "official",
    "closed_year": null,
    "address": "One Bangkok Mall, Unit 2 - 1226 Wireless Road, Lumphini, Patumwan, Bangkok 10330, Thailand",
    "phone": "+66 2 000 2264",
    "services": null,
    "url": "https://brickstorestamps.com/stores/store-lego-store-one-bangkok"
   }
  },
  {
   "type": "Feature",
   "geometry": {
    "type": "Point",
    "coordinates": [
     100.49351,
     13.75249
    ]
   },
   "properties": {
    "id": "store-lego-store-siam-paragon-certified-store",
    "name": "LEGO® Store Siam Paragon (Certified Store)",
    "name_local": null,
    "city": "Bangkok",
    "country": "Thailand",
    "type": "official",
    "closed_year": null,
    "address": "Unit 302, 991 Pharam1 Rd., Phatumwan, Bangkok 10330, Thailand",
    "phone": "+66 2-129-6094",
    "services": "bam, pab",
    "url": "https://brickstorestamps.com/stores/store-lego-store-siam-paragon-certified-store"
   }
  },
  {
   "type": "Feature",
   "geometry": {
    "type": "Point",
    "coordinates": [
     98.98588,
     18.78828
    ]
   },
   "properties": {
    "id": "store-lego-store-chiangmai",
    "name": "LEGO® Store Chiangmai",
    "name_local": null,
    "city": "Chiang Mai",
    "country": "Thailand",
    "type": "official",
    "closed_year": null,
    "address": "Central Chiang Mai Unit 214 99/3 Moo 4, Fah Ham, Mueang Chiangmai, Chiang Mai 50000, Thailand",
    "phone": null,
    "services": null,
    "url": "https://brickstorestamps.com/stores/store-lego-store-chiangmai"
   }
  },
  {
   "type": "Feature",
   "geometry": {
    "type": "Point",
    "coordinates": [
     35.32529,
     36.98636
    ]
   },
   "properties": {
    "id": "store-lego-store-adana-optimum",
    "name": "LEGO Store Adana Optimum",
    "name_local": null,
    "city": "Adana",
    "country": "Turkey",
    "type": "official",
    "closed_year": null,
    "address": "Sinanpaşa Mah. Hacı Sabancı Bulvarı No:28, Optimum AVM, Zemin Kat, Yüreğir, Adana, Turkey",
    "phone": null,
    "services": "bam, pab",
    "url": "https://brickstorestamps.com/stores/store-lego-store-adana-optimum"
   }
  },
  {
   "type": "Feature",
   "geometry": {
    "type": "Point",
    "coordinates": [
     32.85405,
     39.92078
    ]
   },
   "properties": {
    "id": "store-lego-store-ankara-city-park",
    "name": "LEGO Store Ankara City Park",
    "name_local": null,
    "city": "Ankara",
    "country": "Turkey",
    "type": "official",
    "closed_year": null,
    "address": "Mustafa Kemal Mah. Eskişehir Yolu 7.km, Kentpark AVM No:164/2-84, 2.Kat, Çankaya, Ankara, Turkey",
    "phone": null,
    "services": "bam, pab",
    "url": "https://brickstorestamps.com/stores/store-lego-store-ankara-city-park"
   }
  },
  {
   "type": "Feature",
   "geometry": {
    "type": "Point",
    "coordinates": [
     32.85405,
     39.92078
    ]
   },
   "properties": {
    "id": "store-lego-store-ankamall",
    "name": "LEGO® Store Ankamall",
    "name_local": null,
    "city": "Ankara",
    "country": "Turkey",
    "type": "official",
    "closed_year": null,
    "address": "Gazi Mah. Mevlana Bul. No: 2-1., Yenimahalle, Ankara 06560, Turkey",
    "phone": "0312 541 10 17",
    "services": "bam, pab",
    "url": "https://brickstorestamps.com/stores/store-lego-store-ankamall"
   }
  },
  {
   "type": "Feature",
   "geometry": {
    "type": "Point",
    "coordinates": [
     30.70302,
     36.88657
    ]
   },
   "properties": {
    "id": "store-lego-store-antalya-terracity",
    "name": "LEGO Store Antalya TerraCity",
    "name_local": null,
    "city": "Antalya",
    "country": "Turkey",
    "type": "official",
    "closed_year": null,
    "address": "Fener Mah. Tekelioğlu Cad. Terracity AVM No:55-127A, 2.Kat, Muratpaşa, Antalya, Turkey",
    "phone": null,
    "services": "bam, pab",
    "url": "https://brickstorestamps.com/stores/store-lego-store-antalya-terracity"
   }
  },
  {
   "type": "Feature",
   "geometry": {
    "type": "Point",
    "coordinates": [
     29.0675,
     40.18257
    ]
   },
   "properties": {
    "id": "store-lego-store-bursa-sur-yap-marka-shopping-mall",
    "name": "LEGO Store Bursa Sur Yapı Marka Shopping Mall",
    "name_local": null,
    "city": "Bursa",
    "country": "Turkey",
    "type": "official",
    "closed_year": null,
    "address": "Odunluk Mah. Akademi Cad. Sur Yapı Marka AVM No:6/A-22, -1.Kat, Nilüfer, Bursa, Turkey",
    "phone": null,
    "services": "bam, pab",
    "url": "https://brickstorestamps.com/stores/store-lego-store-bursa-sur-yap-marka-shopping-mall"
   }
  },
  {
   "type": "Feature",
   "geometry": {
    "type": "Point",
    "coordinates": [
     28.97587,
     41.00638
    ]
   },
   "properties": {
    "id": "store-lego-store-istanbul-airport",
    "name": "LEGO Store Istanbul Airport",
    "name_local": null,
    "city": "Istanbul",
    "country": "Turkey",
    "type": "official",
    "closed_year": null,
    "address": "Istanbul Airport, International Airside, A-B Pier, Arnavutköy, Istanbul, Turkey",
    "phone": "0212 803 87 37",
    "services": null,
    "url": "https://brickstorestamps.com/stores/store-lego-store-istanbul-airport"
   }
  },
  {
   "type": "Feature",
   "geometry": {
    "type": "Point",
    "coordinates": [
     28.97587,
     41.00638
    ]
   },
   "properties": {
    "id": "store-lego-store-istanbul-forum-istanbul",
    "name": "LEGO Store Istanbul Forum Istanbul",
    "name_local": null,
    "city": "Istanbul",
    "country": "Turkey",
    "type": "official",
    "closed_year": null,
    "address": "Kocatepe Mah. Paşa Cad. Forum İstanbul AVM, 1.Kat, Bayrampaşa, Istanbul, Turkey",
    "phone": null,
    "services": "bam, pab",
    "url": "https://brickstorestamps.com/stores/store-lego-store-istanbul-forum-istanbul"
   }
  },
  {
   "type": "Feature",
   "geometry": {
    "type": "Point",
    "coordinates": [
     28.97587,
     41.00638
    ]
   },
   "properties": {
    "id": "store-lego-store-istanbul-square-istanbul-meydan",
    "name": "LEGO Store Istanbul Square Istanbul Meydan",
    "name_local": null,
    "city": "Istanbul",
    "country": "Turkey",
    "type": "official",
    "closed_year": null,
    "address": "Fatih Sultan Mehmet Mah. Balkan Cad. Meydan İstanbul AVM No:62, Zemin Kat, Ümraniye, Istanbul, Turkey",
    "phone": null,
    "services": "bam, pab",
    "url": "https://brickstorestamps.com/stores/store-lego-store-istanbul-square-istanbul-meydan"
   }
  },
  {
   "type": "Feature",
   "geometry": {
    "type": "Point",
    "coordinates": [
     28.97587,
     41.00638
    ]
   },
   "properties": {
    "id": "store-lego-store-akasya-certified-store",
    "name": "LEGO® Store Akasya (Certified Store)",
    "name_local": null,
    "city": "Istanbul",
    "country": "Turkey",
    "type": "official",
    "closed_year": null,
    "address": "Acıbadem, Akasya Alışveriş Merkezi, Çeçen Sokağı No:25 -1. Kat, Üsküdar, Istanbul 34660, Turkey",
    "phone": "0216 629 40 98",
    "services": "bam, pab",
    "url": "https://brickstorestamps.com/stores/store-lego-store-akasya-certified-store"
   }
  },
  {
   "type": "Feature",
   "geometry": {
    "type": "Point",
    "coordinates": [
     28.97587,
     41.00638
    ]
   },
   "properties": {
    "id": "store-lego-store-hilltown-certified-store",
    "name": "LEGO® Store Hilltown (Certified Store)",
    "name_local": null,
    "city": "Istanbul",
    "country": "Turkey",
    "type": "official",
    "closed_year": null,
    "address": "Aydınevler, Siteler Yolu No:28, Maltepe, Istanbul 34854, Turkey",
    "phone": "0216 515 50 30",
    "services": "bam, pab",
    "url": "https://brickstorestamps.com/stores/store-lego-store-hilltown-certified-store"
   }
  },
  {
   "type": "Feature",
   "geometry": {
    "type": "Point",
    "coordinates": [
     28.97587,
     41.00638
    ]
   },
   "properties": {
    "id": "store-lego-store-istanbul-istinyepark",
    "name": "LEGO® Store İstanbul İstinyePark",
    "name_local": null,
    "city": "Istanbul",
    "country": "Turkey",
    "type": "official",
    "closed_year": null,
    "address": "Pınar Mah. Katar Cd. No:11, İstinyePark AVM, -1.Kat, Sarıyer, Istanbul, Turkey",
    "phone": null,
    "services": null,
    "url": "https://brickstorestamps.com/stores/store-lego-store-istanbul-istinyepark"
   }
  },
  {
   "type": "Feature",
   "geometry": {
    "type": "Point",
    "coordinates": [
     28.97587,
     41.00638
    ]
   },
   "properties": {
    "id": "store-lego-store-kanyon-certified-store",
    "name": "LEGO® Store Kanyon (Certified Store)",
    "name_local": null,
    "city": "Istanbul",
    "country": "Turkey",
    "type": "official",
    "closed_year": null,
    "address": "Esentepe Mah. Büyükdere Cad. No:185/35, Şişli, Istanbul 34394, Turkey",
    "phone": "0212 353 07 88",
    "services": "bam, pab",
    "url": "https://brickstorestamps.com/stores/store-lego-store-kanyon-certified-store"
   }
  },
  {
   "type": "Feature",
   "geometry": {
    "type": "Point",
    "coordinates": [
     28.97587,
     41.00638
    ]
   },
   "properties": {
    "id": "store-legoland-discovery-center-istanbul",
    "name": "LEGOLAND Discovery Center Istanbul",
    "name_local": null,
    "city": "Istanbul",
    "country": "Turkey",
    "type": "official",
    "closed_year": null,
    "address": null,
    "phone": null,
    "services": null,
    "url": "https://brickstorestamps.com/stores/store-legoland-discovery-center-istanbul"
   }
  },
  {
   "type": "Feature",
   "geometry": {
    "type": "Point",
    "coordinates": [
     27.12847,
     38.41925
    ]
   },
   "properties": {
    "id": "store-lego-store-hilltown-izmir-certified-store",
    "name": "LEGO® Store Hilltown İzmir (Certified Store)",
    "name_local": null,
    "city": "Izmir",
    "country": "Turkey",
    "type": "official",
    "closed_year": null,
    "address": "Yalı Mahallesi 6222 sokak No.3, Karşıyaka, Izmir 35550, Turkey",
    "phone": "0232 504 07 93",
    "services": "bam, pab",
    "url": "https://brickstorestamps.com/stores/store-lego-store-hilltown-izmir-certified-store"
   }
  },
  {
   "type": "Feature",
   "geometry": {
    "type": "Point",
    "coordinates": [
     54.3774,
     24.45384
    ]
   },
   "properties": {
    "id": "store-lego-store-the-galleria-mall",
    "name": "LEGO Store The Galleria Mall",
    "name_local": null,
    "city": "Abu Dhabi",
    "country": "United Arab Emirates",
    "type": "official",
    "closed_year": null,
    "address": null,
    "phone": null,
    "services": "bam, pab",
    "url": "https://brickstorestamps.com/stores/store-lego-store-the-galleria-mall"
   }
  },
  {
   "type": "Feature",
   "geometry": {
    "type": "Point",
    "coordinates": [
     54.3774,
     24.45384
    ]
   },
   "properties": {
    "id": "store-lego-store-al-maryah-certified-store",
    "name": "LEGO® Store Al Maryah (Certified Store)",
    "name_local": null,
    "city": "Abu Dhabi",
    "country": "United Arab Emirates",
    "type": "official",
    "closed_year": null,
    "address": "Level 2, The Galleria, Al Maryah Island, Abu Dhabi 22646, United Arab Emirates",
    "phone": "02 878 4461",
    "services": "bam, pab",
    "url": "https://brickstorestamps.com/stores/store-lego-store-al-maryah-certified-store"
   }
  },
  {
   "type": "Feature",
   "geometry": {
    "type": "Point",
    "coordinates": [
     54.3774,
     24.45384
    ]
   },
   "properties": {
    "id": "store-lego-store-yas-mall-certified-store",
    "name": "LEGO® Store Yas Mall (Certified Store)",
    "name_local": null,
    "city": "Abu Dhabi",
    "country": "United Arab Emirates",
    "type": "official",
    "closed_year": null,
    "address": "1st floor, YAS Mall, YAS Island, Abu Dhabi, United Arab Emirates",
    "phone": "+971042583129",
    "services": "bam, pab",
    "url": "https://brickstorestamps.com/stores/store-lego-store-yas-mall-certified-store"
   }
  },
  {
   "type": "Feature",
   "geometry": {
    "type": "Point",
    "coordinates": [
     55.29241,
     25.26472
    ]
   },
   "properties": {
    "id": "store-lego-store-dubai-airport",
    "name": "LEGO Store Dubai Airport",
    "name_local": null,
    "city": "Dubai",
    "country": "United Arab Emirates",
    "type": "official",
    "closed_year": null,
    "address": "Dubai International Airport, Terminal 3, Dubai, United Arab Emirates",
    "phone": null,
    "services": null,
    "url": "https://brickstorestamps.com/stores/store-lego-store-dubai-airport"
   }
  },
  {
   "type": "Feature",
   "geometry": {
    "type": "Point",
    "coordinates": [
     55.18856,
     25.07428
    ]
   },
   "properties": {
    "id": "store-lego-store-dubai-hills-mall",
    "name": "LEGO® Store Dubai Hills Mall",
    "name_local": null,
    "city": "Dubai",
    "country": "United Arab Emirates",
    "type": "official",
    "closed_year": null,
    "address": "Dubai Hills Mall, Lower Ground Floor, Al Khail Rd, Hadaeq Sheikh Mohammed Bin Rashid, Dubai, United Arab Emirates",
    "phone": null,
    "services": null,
    "url": "https://brickstorestamps.com/stores/store-lego-store-dubai-hills-mall"
   }
  },
  {
   "type": "Feature",
   "geometry": {
    "type": "Point",
    "coordinates": [
     55.29241,
     25.26472
    ]
   },
   "properties": {
    "id": "store-lego-store-dubai-mall-certified-store",
    "name": "LEGO® Store Dubai Mall (Certified Store)",
    "name_local": null,
    "city": "Dubai",
    "country": "United Arab Emirates",
    "type": "official",
    "closed_year": null,
    "address": "Lower Ground floor, Grand Artium, The Dubai Mall, Downtown, Dubai, United Arab Emirates",
    "phone": "+971042583129",
    "services": "bam, pab",
    "url": "https://brickstorestamps.com/stores/store-lego-store-dubai-mall-certified-store"
   }
  },
  {
   "type": "Feature",
   "geometry": {
    "type": "Point",
    "coordinates": [
     55.29241,
     25.26472
    ]
   },
   "properties": {
    "id": "store-lego-store-mall-of-the-emirates-certified-store",
    "name": "LEGO® Store Mall of The Emirates (Certified Store)",
    "name_local": null,
    "city": "Dubai",
    "country": "United Arab Emirates",
    "type": "official",
    "closed_year": null,
    "address": "Ground level, Mall of the Emirates,Sheikh zayed Rd Al Barsha 1, Dubai, United Arab Emirates",
    "phone": "+971043231202",
    "services": "bam, pab",
    "url": "https://brickstorestamps.com/stores/store-lego-store-mall-of-the-emirates-certified-store"
   }
  },
  {
   "type": "Feature",
   "geometry": {
    "type": "Point",
    "coordinates": [
     55.29241,
     25.26472
    ]
   },
   "properties": {
    "id": "store-lego-store-mirdiff-city-centre-certified-store",
    "name": "LEGO® Store Mirdiff City Centre (Certified Store)",
    "name_local": null,
    "city": "Dubai",
    "country": "United Arab Emirates",
    "type": "official",
    "closed_year": null,
    "address": "City Center mirdif, Mirdif, Dubai, United Arab Emirates",
    "phone": "+971042316321",
    "services": "bam, pab",
    "url": "https://brickstorestamps.com/stores/store-lego-store-mirdiff-city-centre-certified-store"
   }
  },
  {
   "type": "Feature",
   "geometry": {
    "type": "Point",
    "coordinates": [
     55.18856,
     25.07428
    ]
   },
   "properties": {
    "id": "store-lego-store-palm-jumeirah-mall",
    "name": "LEGO® Store Palm Jumeirah Mall",
    "name_local": null,
    "city": "Dubai",
    "country": "United Arab Emirates",
    "type": "official",
    "closed_year": null,
    "address": "Palm Jumeirah Mall, 2. Etage, Dubai, United Arab Emirates",
    "phone": "+971 4 299 2047",
    "services": null,
    "url": "https://brickstorestamps.com/stores/store-lego-store-palm-jumeirah-mall"
   }
  },
  {
   "type": "Feature",
   "geometry": {
    "type": "Point",
    "coordinates": [
     55.29241,
     25.26472
    ]
   },
   "properties": {
    "id": "store-lego-store-the-dubai-mall-certified-store",
    "name": "LEGO® Store The Dubai Mall (Certified Store)",
    "name_local": null,
    "city": "Dubai",
    "country": "United Arab Emirates",
    "type": "official",
    "closed_year": null,
    "address": "Level 2 ,Near Kidzania The Dubai Mall, Downtown, Dubai, United Arab Emirates",
    "phone": "+971043327748",
    "services": "bam, pab",
    "url": "https://brickstorestamps.com/stores/store-lego-store-the-dubai-mall-certified-store"
   }
  },
  {
   "type": "Feature",
   "geometry": {
    "type": "Point",
    "coordinates": [
     55.29241,
     25.26472
    ]
   },
   "properties": {
    "id": "store-legoland-dubai",
    "name": "LEGOLAND Dubai",
    "name_local": null,
    "city": "Dubai",
    "country": "United Arab Emirates",
    "type": "official",
    "closed_year": null,
    "address": "Dubai Parks and Resorts, Dubai, United Arab Emirates",
    "phone": null,
    "services": "bam, pab",
    "url": "https://brickstorestamps.com/stores/store-legoland-dubai"
   }
  },
  {
   "type": "Feature",
   "geometry": {
    "type": "Point",
    "coordinates": [
     -5.93018,
     54.59639
    ]
   },
   "properties": {
    "id": "store-lego-store-belfast",
    "name": "LEGO® Store Belfast",
    "name_local": null,
    "city": "Belfast",
    "country": "United Kingdom",
    "type": "official",
    "closed_year": null,
    "address": "LEGO Store Belfast, 1 Victoria Square , Belfast BT1 4QG, United Kingdom",
    "phone": "+442896026988",
    "services": "bam, pab",
    "url": "https://brickstorestamps.com/stores/store-lego-store-belfast"
   }
  },
  {
   "type": "Feature",
   "geometry": {
    "type": "Point",
    "coordinates": [
     -1.85184,
     52.4949
    ]
   },
   "properties": {
    "id": "store-lego-store-birmingham-bullring-shopping-centre",
    "name": "LEGO® Store Birmingham - Bullring Shopping Centre",
    "name_local": null,
    "city": "Birmingham",
    "country": "United Kingdom",
    "type": "official",
    "closed_year": null,
    "address": "Bullring Shopping Centre, Birmingham B5 4BU, United Kingdom",
    "phone": "+44 1218186498",
    "services": "bam, minifigure_factory, pab",
    "url": "https://brickstorestamps.com/stores/store-lego-store-birmingham-bullring-shopping-centre"
   }
  },
  {
   "type": "Feature",
   "geometry": {
    "type": "Point",
    "coordinates": [
     -1.85184,
     52.4949
    ]
   },
   "properties": {
    "id": "store-lego-store-birmingham-utilita-arena-discovery-center",
    "name": "LEGO® Store Birmingham - Utilita Arena - Discovery Center",
    "name_local": null,
    "city": "Birmingham",
    "country": "United Kingdom",
    "type": "official",
    "closed_year": null,
    "address": "Arena, King Edwards Rd, Birmingham B1 2AA, United Kingdom",
    "phone": null,
    "services": null,
    "url": "https://brickstorestamps.com/stores/store-lego-store-birmingham-utilita-arena-discovery-center"
   }
  },
  {
   "type": "Feature",
   "geometry": {
    "type": "Point",
    "coordinates": [
     -0.14006,
     50.82146
    ]
   },
   "properties": {
    "id": "store-lego-store-brighton",
    "name": "LEGO® Store Brighton",
    "name_local": null,
    "city": "Brighton",
    "country": "United Kingdom",
    "type": "official",
    "closed_year": null,
    "address": "Churchill Square, Russell Place, Brighton BN1 2TF, United Kingdom",
    "phone": "+44 1273035392",
    "services": "bam, pab",
    "url": "https://brickstorestamps.com/stores/store-lego-store-brighton"
   }
  },
  {
   "type": "Feature",
   "geometry": {
    "type": "Point",
    "coordinates": [
     -2.5973,
     51.4538
    ]
   },
   "properties": {
    "id": "store-lego-store-bristol",
    "name": "LEGO® Store Bristol",
    "name_local": null,
    "city": "Bristol",
    "country": "United Kingdom",
    "type": "official",
    "closed_year": null,
    "address": "Cabot Circus, Glass House, Bristol BS1 3BX, United Kingdom",
    "phone": "+44 0117 471 9399",
    "services": "bam, pab",
    "url": "https://brickstorestamps.com/stores/store-lego-store-bristol"
   }
  },
  {
   "type": "Feature",
   "geometry": {
    "type": "Point",
    "coordinates": [
     -2.5973,
     51.4538
    ]
   },
   "properties": {
    "id": "store-lego-store-cribbs-bristol",
    "name": "LEGO® Store Cribbs - Bristol",
    "name_local": null,
    "city": "Bristol",
    "country": "United Kingdom",
    "type": "official",
    "closed_year": null,
    "address": "unit 119, The Mall at Cribbs, Merlin Rd, Patchway, Bristol BS34 5DG, United Kingdom",
    "phone": "(+44) 0117 4767 058",
    "services": "bam, pab",
    "url": "https://brickstorestamps.com/stores/store-lego-store-cribbs-bristol"
   }
  },
  {
   "type": "Feature",
   "geometry": {
    "type": "Point",
    "coordinates": [
     -3.17919,
     51.48165
    ]
   },
   "properties": {
    "id": "store-lego-store-cardiff",
    "name": "LEGO® Store Cardiff",
    "name_local": null,
    "city": "Cardiff",
    "country": "United Kingdom",
    "type": "official",
    "closed_year": null,
    "address": "St David's Dewi Sant Cardiff, Cardiff CF10 2ER, United Kingdom",
    "phone": "+44 2922947000",
    "services": "bam, pab",
    "url": "https://brickstorestamps.com/stores/store-lego-store-cardiff"
   }
  },
  {
   "type": "Feature",
   "geometry": {
    "type": "Point",
    "coordinates": [
     0.21807,
     51.44431
    ]
   },
   "properties": {
    "id": "store-lego-store-bluewater",
    "name": "LEGO® Store Bluewater",
    "name_local": null,
    "city": "Dartford",
    "country": "United Kingdom",
    "type": "official",
    "closed_year": null,
    "address": "Unit 90, Upper Thames Walk, Greenhithe DA9 9SR, United Kingdom",
    "phone": "+44 1322956989",
    "services": "bam, pab",
    "url": "https://brickstorestamps.com/stores/store-lego-store-bluewater"
   }
  },
  {
   "type": "Feature",
   "geometry": {
    "type": "Point",
    "coordinates": [
     -3.18837,
     55.95335
    ]
   },
   "properties": {
    "id": "store-lego-store-edinburgh",
    "name": "LEGO® Store Edinburgh",
    "name_local": null,
    "city": "Edinburgh",
    "country": "United Kingdom",
    "type": "official",
    "closed_year": null,
    "address": "St James Centre, Edinburgh EH1 3SR, United Kingdom",
    "phone": "+44 1313805067",
    "services": "bam, pab",
    "url": "https://brickstorestamps.com/stores/store-lego-store-edinburgh"
   }
  },
  {
   "type": "Feature",
   "geometry": {
    "type": "Point",
    "coordinates": [
     -4.25017,
     55.86115
    ]
   },
   "properties": {
    "id": "store-lego-store-glasgow",
    "name": "LEGO® Store Glasgow",
    "name_local": null,
    "city": "Glasgow",
    "country": "United Kingdom",
    "type": "official",
    "closed_year": null,
    "address": "220 Buchanan Street, Glasgow G1 2FF, United Kingdom",
    "phone": "(+44) 0141 6743695",
    "services": "bam, pab",
    "url": "https://brickstorestamps.com/stores/store-lego-store-glasgow"
   }
  },
  {
   "type": "Feature",
   "geometry": {
    "type": "Point",
    "coordinates": [
     -1.54379,
     53.79742
    ]
   },
   "properties": {
    "id": "store-lego-store-leeds",
    "name": "LEGO® Store Leeds",
    "name_local": null,
    "city": "Leeds",
    "country": "United Kingdom",
    "type": "official",
    "closed_year": null,
    "address": "311, Trinity Leeds, Albion Street, Leeds LS1 5AT, United Kingdom",
    "phone": "+44 1135419161",
    "services": "bam, pab",
    "url": "https://brickstorestamps.com/stores/store-lego-store-leeds"
   }
  },
  {
   "type": "Feature",
   "geometry": {
    "type": "Point",
    "coordinates": [
     -2.91664,
     53.39334
    ]
   },
   "properties": {
    "id": "store-lego-store-liverpool",
    "name": "LEGO® Store Liverpool",
    "name_local": null,
    "city": "Liverpool",
    "country": "United Kingdom",
    "type": "official",
    "closed_year": null,
    "address": "50 South John Street, Liverpool L1 8BJ, United Kingdom",
    "phone": "+44 1514525523",
    "services": "bam, minifigure_factory, pab",
    "url": "https://brickstorestamps.com/stores/store-lego-store-liverpool"
   }
  },
  {
   "type": "Feature",
   "geometry": {
    "type": "Point",
    "coordinates": [
     -0.12777,
     51.50745
    ]
   },
   "properties": {
    "id": "store-lego-store-gatwick-n-airport",
    "name": "LEGO Store Gatwick N Airport",
    "name_local": null,
    "city": "London",
    "country": "United Kingdom",
    "type": "official",
    "closed_year": null,
    "address": "Gatwick Airport, North Terminal, Gatwick (Crawley), United Kingdom",
    "phone": null,
    "services": null,
    "url": "https://brickstorestamps.com/stores/store-lego-store-gatwick-n-airport"
   }
  },
  {
   "type": "Feature",
   "geometry": {
    "type": "Point",
    "coordinates": [
     -0.12777,
     51.50745
    ]
   },
   "properties": {
    "id": "store-lego-store-gatwick-s-airport",
    "name": "LEGO Store Gatwick S Airport",
    "name_local": null,
    "city": "London",
    "country": "United Kingdom",
    "type": "official",
    "closed_year": null,
    "address": "Gatwick Airport, South Terminal, Gatwick (Crawley), United Kingdom",
    "phone": null,
    "services": null,
    "url": "https://brickstorestamps.com/stores/store-lego-store-gatwick-s-airport"
   }
  },
  {
   "type": "Feature",
   "geometry": {
    "type": "Point",
    "coordinates": [
     -0.12777,
     51.50745
    ]
   },
   "properties": {
    "id": "store-lego-store-luton-airport",
    "name": "LEGO Store Luton Airport",
    "name_local": null,
    "city": "London",
    "country": "United Kingdom",
    "type": "official",
    "closed_year": null,
    "address": "Luton Airport, Luton, United Kingdom",
    "phone": null,
    "services": null,
    "url": "https://brickstorestamps.com/stores/store-lego-store-luton-airport"
   }
  },
  {
   "type": "Feature",
   "geometry": {
    "type": "Point",
    "coordinates": [
     -0.12777,
     51.50745
    ]
   },
   "properties": {
    "id": "store-lego-store-stansted-airport",
    "name": "LEGO Store Stansted Airport",
    "name_local": null,
    "city": "London",
    "country": "United Kingdom",
    "type": "official",
    "closed_year": null,
    "address": "Stansted Airport, Stansted, United Kingdom",
    "phone": null,
    "services": null,
    "url": "https://brickstorestamps.com/stores/store-lego-store-stansted-airport"
   }
  },
  {
   "type": "Feature",
   "geometry": {
    "type": "Point",
    "coordinates": [
     -0.12777,
     51.50745
    ]
   },
   "properties": {
    "id": "store-lego-store-london-battersea",
    "name": "LEGO® Store London - Battersea",
    "name_local": null,
    "city": "London",
    "country": "United Kingdom",
    "type": "official",
    "closed_year": null,
    "address": "LEGO Store Battersea Power Station <br/> Turbine Hall A <br/> Circus West Village, London SW11 8EZ, United Kingdom",
    "phone": "(+44) 020 457 61531",
    "services": "bam, pab",
    "url": "https://brickstorestamps.com/stores/store-lego-store-london-battersea"
   }
  },
  {
   "type": "Feature",
   "geometry": {
    "type": "Point",
    "coordinates": [
     -0.12777,
     51.50745
    ]
   },
   "properties": {
    "id": "store-lego-store-london-leicester-square",
    "name": "LEGO® Store London - Leicester Square",
    "name_local": null,
    "city": "London",
    "country": "United Kingdom",
    "type": "official",
    "closed_year": null,
    "address": "3 Swiss Court, London W1D 6AP, United Kingdom",
    "phone": "+44 2076650413",
    "services": "bam, minifigure_factory, mosaic_maker, pab",
    "url": "https://brickstorestamps.com/stores/store-lego-store-london-leicester-square"
   }
  },
  {
   "type": "Feature",
   "geometry": {
    "type": "Point",
    "coordinates": [
     -0.12777,
     51.50745
    ]
   },
   "properties": {
    "id": "store-lego-store-london-stratford",
    "name": "LEGO® Store London - Stratford",
    "name_local": null,
    "city": "London",
    "country": "United Kingdom",
    "type": "official",
    "closed_year": null,
    "address": "Lower Ground Floor, 66 The Arcade, Westfield Stratford City, London E20 1EH, United Kingdom",
    "phone": "+44 2076650407",
    "services": "bam, pab",
    "url": "https://brickstorestamps.com/stores/store-lego-store-london-stratford"
   }
  },
  {
   "type": "Feature",
   "geometry": {
    "type": "Point",
    "coordinates": [
     -0.12777,
     51.50745
    ]
   },
   "properties": {
    "id": "store-lego-store-london-westfield",
    "name": "LEGO® Store London - Westfield",
    "name_local": null,
    "city": "London",
    "country": "United Kingdom",
    "type": "official",
    "closed_year": null,
    "address": "1081 Ariel Way, London W12 7GF, United Kingdom",
    "phone": "(+44) 0207 664 4794",
    "services": "bam, pab",
    "url": "https://brickstorestamps.com/stores/store-lego-store-london-westfield"
   }
  },
  {
   "type": "Feature",
   "geometry": {
    "type": "Point",
    "coordinates": [
     -2.23245,
     53.44246
    ]
   },
   "properties": {
    "id": "store-lego-store-manchester-airport",
    "name": "LEGO Store Manchester Airport",
    "name_local": null,
    "city": "Manchester",
    "country": "United Kingdom",
    "type": "official",
    "closed_year": null,
    "address": "Manchester Airport, Terminal 2, United Kingdom",
    "phone": null,
    "services": null,
    "url": "https://brickstorestamps.com/stores/store-lego-store-manchester-airport"
   }
  },
  {
   "type": "Feature",
   "geometry": {
    "type": "Point",
    "coordinates": [
     -2.23245,
     53.44246
    ]
   },
   "properties": {
    "id": "store-lego-store-manchester-arndale-centre",
    "name": "LEGO® Store Manchester - Arndale Centre",
    "name_local": null,
    "city": "Manchester",
    "country": "United Kingdom",
    "type": "official",
    "closed_year": null,
    "address": "Arndale Shopping Centre, Manchester M4 3AQ, United Kingdom",
    "phone": "+44 1615158804",
    "services": "bam, pab",
    "url": "https://brickstorestamps.com/stores/store-lego-store-manchester-arndale-centre"
   }
  },
  {
   "type": "Feature",
   "geometry": {
    "type": "Point",
    "coordinates": [
     -2.23245,
     53.44246
    ]
   },
   "properties": {
    "id": "store-lego-store-manchester-trafford-centre",
    "name": "LEGO® Store Manchester - Trafford Centre",
    "name_local": null,
    "city": "Manchester",
    "country": "United Kingdom",
    "type": "official",
    "closed_year": null,
    "address": "The Trafford Centre, Trafford Park, Stretford, Manchester M17 8AA, United Kingdom",
    "phone": "+441615525455",
    "services": "bam, pab",
    "url": "https://brickstorestamps.com/stores/store-lego-store-manchester-trafford-centre"
   }
  },
  {
   "type": "Feature",
   "geometry": {
    "type": "Point",
    "coordinates": [
     -2.23245,
     53.44246
    ]
   },
   "properties": {
    "id": "store-lego-store-manchester-trafford-palazzo-discovery-center",
    "name": "LEGO® Store Manchester - Trafford Palazzo - Discovery Center",
    "name_local": null,
    "city": "Manchester",
    "country": "United Kingdom",
    "type": "official",
    "closed_year": null,
    "address": "Trafford Palazzo, Manchester M17 8AS, United Kingdom",
    "phone": null,
    "services": null,
    "url": "https://brickstorestamps.com/stores/store-lego-store-manchester-trafford-palazzo-discovery-center"
   }
  },
  {
   "type": "Feature",
   "geometry": {
    "type": "Point",
    "coordinates": [
     -0.75941,
     52.04065
    ]
   },
   "properties": {
    "id": "store-lego-store-milton-keynes",
    "name": "LEGO® Store Milton Keynes",
    "name_local": null,
    "city": "Milton Keynes",
    "country": "United Kingdom",
    "type": "official",
    "closed_year": null,
    "address": "33 Midsummer Place, Milton Keynes MK9 3GB, United Kingdom",
    "phone": "+44 1908875618",
    "services": "bam, pab",
    "url": "https://brickstorestamps.com/stores/store-lego-store-milton-keynes"
   }
  },
  {
   "type": "Feature",
   "geometry": {
    "type": "Point",
    "coordinates": [
     -1.61316,
     54.97385
    ]
   },
   "properties": {
    "id": "store-lego-store-newcastle-metrocenter",
    "name": "LEGO® Store Newcastle",
    "name_local": null,
    "city": "Newcastle upon Tyne",
    "country": "United Kingdom",
    "type": "official",
    "closed_year": null,
    "address": "Lower Red Mall, Metrocentre, Gateshead NE11 9YG, United Kingdom",
    "phone": "+44 1918409913",
    "services": "bam, pab",
    "url": "https://brickstorestamps.com/stores/store-lego-store-newcastle-metrocenter"
   }
  },
  {
   "type": "Feature",
   "geometry": {
    "type": "Point",
    "coordinates": [
     1.2924,
     52.62856
    ]
   },
   "properties": {
    "id": "store-lego-store-norfolk-chantry-place-opening-soon",
    "name": "LEGO® Store Norfolk, Chantry Place",
    "name_local": null,
    "city": "Norwich",
    "country": "United Kingdom",
    "type": "official",
    "closed_year": null,
    "address": null,
    "phone": null,
    "services": "bam, pab",
    "url": "https://brickstorestamps.com/stores/store-lego-store-norfolk-chantry-place-opening-soon"
   }
  },
  {
   "type": "Feature",
   "geometry": {
    "type": "Point",
    "coordinates": [
     -1.25785,
     51.75201
    ]
   },
   "properties": {
    "id": "store-lego-store-oxford-westgate",
    "name": "LEGO® Store Oxford Westgate",
    "name_local": null,
    "city": "Oxford",
    "country": "United Kingdom",
    "type": "official",
    "closed_year": null,
    "address": "Unit L23. Westgate Shopping Centre, Oxford OX1 1NZ, United Kingdom",
    "phone": null,
    "services": "bam, pab",
    "url": "https://brickstorestamps.com/stores/store-lego-store-oxford-westgate"
   }
  },
  {
   "type": "Feature",
   "geometry": {
    "type": "Point",
    "coordinates": [
     -1.47023,
     53.38066
    ]
   },
   "properties": {
    "id": "store-lego-store-sheffield",
    "name": "LEGO® Store Sheffield",
    "name_local": null,
    "city": "Sheffield",
    "country": "United Kingdom",
    "type": "official",
    "closed_year": null,
    "address": "Meadowhall Shopping Centre, 33 High Street, Sheffield S9 1EN, United Kingdom",
    "phone": "+44 114 706 9983",
    "services": "bam, pab",
    "url": "https://brickstorestamps.com/stores/store-lego-store-sheffield"
   }
  },
  {
   "type": "Feature",
   "geometry": {
    "type": "Point",
    "coordinates": [
     -1.40419,
     50.90253
    ]
   },
   "properties": {
    "id": "store-lego-store-southampton",
    "name": "LEGO® Store Southampton",
    "name_local": null,
    "city": "Southampton",
    "country": "United Kingdom",
    "type": "official",
    "closed_year": null,
    "address": "West Quay Shopping Centre, 8-10 Portland Terrace, Southampton SO15 1QF, United Kingdom",
    "phone": "+44 02382686906",
    "services": "bam, pab",
    "url": "https://brickstorestamps.com/stores/store-lego-store-southampton"
   }
  },
  {
   "type": "Feature",
   "geometry": {
    "type": "Point",
    "coordinates": [
     0.27213,
     51.47712
    ]
   },
   "properties": {
    "id": "store-lego-store-lakeside-shopping-centre-opening-soon",
    "name": "LEGO® Store Lakeside Shopping Centre",
    "name_local": null,
    "city": "West Thurrock",
    "country": "United Kingdom",
    "type": "official",
    "closed_year": null,
    "address": null,
    "phone": null,
    "services": "bam, pab",
    "url": "https://brickstorestamps.com/stores/store-lego-store-lakeside-shopping-centre-opening-soon"
   }
  },
  {
   "type": "Feature",
   "geometry": {
    "type": "Point",
    "coordinates": [
     -0.61257,
     51.48003
    ]
   },
   "properties": {
    "id": "store-lego-store-legoland-windsor-resort",
    "name": "LEGOLAND Windsor",
    "name_local": null,
    "city": "Windsor",
    "country": "United Kingdom",
    "type": "official",
    "closed_year": null,
    "address": "Winkfield Road, Windsor SL4 4AY, United Kingdom",
    "phone": "1753626416",
    "services": "bam, mosaic_maker, pab",
    "url": "https://brickstorestamps.com/stores/store-lego-store-legoland-windsor-resort"
   }
  },
  {
   "type": "Feature",
   "geometry": {
    "type": "Point",
    "coordinates": [
     -73.75497,
     42.65117
    ]
   },
   "properties": {
    "id": "store-lego-store-crossgates-mall",
    "name": "LEGO® Store Crossgates Mall",
    "name_local": null,
    "city": "Albany",
    "country": "USA",
    "type": "official",
    "closed_year": null,
    "address": "1 Crossgates Mall Rd, C-107, Albany, New York 12203, USA",
    "phone": "+1 (838) 265-2926",
    "services": "bam, pab",
    "url": "https://brickstorestamps.com/stores/store-lego-store-crossgates-mall"
   }
  },
  {
   "type": "Feature",
   "geometry": {
    "type": "Point",
    "coordinates": [
     -84.2946,
     34.0756
    ]
   },
   "properties": {
    "id": "store-lego-store-north-point-mall",
    "name": "LEGO® Store North Point Mall",
    "name_local": null,
    "city": "Alpharetta",
    "country": "USA",
    "type": "official",
    "closed_year": null,
    "address": null,
    "phone": null,
    "services": "bam, pab",
    "url": "https://brickstorestamps.com/stores/store-lego-store-north-point-mall"
   }
  },
  {
   "type": "Feature",
   "geometry": {
    "type": "Point",
    "coordinates": [
     -117.91173,
     33.83475
    ]
   },
   "properties": {
    "id": "store-lego-store-downtown-disney-district",
    "name": "LEGO® Store Downtown Disney® District",
    "name_local": null,
    "city": "Anaheim",
    "country": "USA",
    "type": "official",
    "closed_year": null,
    "address": "1585 Disneyland Drive, Anaheim, California 92802, USA",
    "phone": "+1 (657) 439-4587",
    "services": "bam, minifigure_factory, pab",
    "url": "https://brickstorestamps.com/stores/store-lego-store-downtown-disney-district"
   }
  },
  {
   "type": "Feature",
   "geometry": {
    "type": "Point",
    "coordinates": [
     -76.49279,
     38.97864
    ]
   },
   "properties": {
    "id": "store-lego-store-westfield-annapolis",
    "name": "LEGO® Store Westfield Annapolis",
    "name_local": null,
    "city": "Annapolis",
    "country": "USA",
    "type": "official",
    "closed_year": null,
    "address": "1260 Annapolis Mall, Annapolis, Maryland 21401, USA",
    "phone": "+1 (667) 408-6823",
    "services": "bam, pab",
    "url": "https://brickstorestamps.com/stores/store-lego-store-westfield-annapolis"
   }
  },
  {
   "type": "Feature",
   "geometry": {
    "type": "Point",
    "coordinates": [
     -118.04015,
     34.13621
    ]
   },
   "properties": {
    "id": "store-lego-store-the-shops-at-santa-anita",
    "name": "LEGO® Store The Shops at Santa Anita",
    "name_local": null,
    "city": "Arcadia",
    "country": "USA",
    "type": "official",
    "closed_year": null,
    "address": "400 S Baldwin Ave # D9, Arcadia, California 91007, USA",
    "phone": "+1 626-538-1226",
    "services": "bam, pab",
    "url": "https://brickstorestamps.com/stores/store-lego-store-the-shops-at-santa-anita"
   }
  },
  {
   "type": "Feature",
   "geometry": {
    "type": "Point",
    "coordinates": [
     -77.03969,
     38.85129
    ]
   },
   "properties": {
    "id": "store-lego-store-washington-reagan-national-airport",
    "name": "LEGO Store Washington Reagan National Airport",
    "name_local": null,
    "city": "Arlington",
    "country": "USA",
    "type": "official",
    "closed_year": null,
    "address": "Ronald Reagan Washington National Airport, National Hall, 2401 S Smith Blvd, Arlington, VA 22202, USA",
    "phone": null,
    "services": null,
    "url": "https://brickstorestamps.com/stores/store-lego-store-washington-reagan-national-airport"
   }
  },
  {
   "type": "Feature",
   "geometry": {
    "type": "Point",
    "coordinates": [
     -77.0605,
     38.86338
    ]
   },
   "properties": {
    "id": "store-lego-store-fashion-center-at-pentagon-city",
    "name": "LEGO® Store Fashion Center At Pentagon City",
    "name_local": null,
    "city": "Arlington",
    "country": "USA",
    "type": "official",
    "closed_year": null,
    "address": "Fashion Centre At Pentagon City, 1100 South Hayes Street, Arlington, Virginia 22202, USA",
    "phone": "+1 (703) 936-7971",
    "services": "bam, pab",
    "url": "https://brickstorestamps.com/stores/store-lego-store-fashion-center-at-pentagon-city"
   }
  },
  {
   "type": "Feature",
   "geometry": {
    "type": "Point",
    "coordinates": [
     -84.38982,
     33.75447
    ]
   },
   "properties": {
    "id": "store-lego-store-perimeter-mall",
    "name": "LEGO® Store Perimeter Mall",
    "name_local": null,
    "city": "Atlanta",
    "country": "USA",
    "type": "official",
    "closed_year": null,
    "address": "4400 Ashford Dunwoody Rd NE, Suite #2645, Atlanta, Georgia 30346, USA",
    "phone": "+1 (678) 750-6302",
    "services": "bam, pab",
    "url": "https://brickstorestamps.com/stores/store-lego-store-perimeter-mall"
   }
  },
  {
   "type": "Feature",
   "geometry": {
    "type": "Point",
    "coordinates": [
     -84.38982,
     33.75447
    ]
   },
   "properties": {
    "id": "store-legoland-discovery-center-atlanta",
    "name": "LEGOLAND Discovery Center Atlanta",
    "name_local": null,
    "city": "Atlanta",
    "country": "USA",
    "type": "official",
    "closed_year": null,
    "address": null,
    "phone": null,
    "services": null,
    "url": "https://brickstorestamps.com/stores/store-legoland-discovery-center-atlanta"
   }
  },
  {
   "type": "Feature",
   "geometry": {
    "type": "Point",
    "coordinates": [
     -83.2341,
     42.68753
    ]
   },
   "properties": {
    "id": "store-legoland-discovery-center-michigan",
    "name": "LEGOLAND Discovery Center Michigan",
    "name_local": null,
    "city": "Auburn Hills",
    "country": "USA",
    "type": "official",
    "closed_year": null,
    "address": null,
    "phone": null,
    "services": null,
    "url": "https://brickstorestamps.com/stores/store-legoland-discovery-center-michigan"
   }
  },
  {
   "type": "Feature",
   "geometry": {
    "type": "Point",
    "coordinates": [
     -97.7437,
     30.27113
    ]
   },
   "properties": {
    "id": "store-lego-store-austin-barton-creek-square",
    "name": "LEGO® Store Austin - Barton Creek Square",
    "name_local": null,
    "city": "Austin",
    "country": "USA",
    "type": "official",
    "closed_year": null,
    "address": "2901 South Capital of Texas Highway, Austin, Texas 78746, USA",
    "phone": "+1 (737) 292-2015",
    "services": "bam, pab",
    "url": "https://brickstorestamps.com/stores/store-lego-store-austin-barton-creek-square"
   }
  },
  {
   "type": "Feature",
   "geometry": {
    "type": "Point",
    "coordinates": [
     -80.13921,
     25.95648
    ]
   },
   "properties": {
    "id": "store-lego-store-the-abbey-at-aventura",
    "name": "LEGO® Store The Abbey at Aventura",
    "name_local": null,
    "city": "Aventura",
    "country": "USA",
    "type": "official",
    "closed_year": null,
    "address": "19505 Biscayne Blvd. Suite 2110. , Aventura, Florida 33180, USA",
    "phone": "1-786-615-1970",
    "services": "bam, pab",
    "url": "https://brickstorestamps.com/stores/store-lego-store-the-abbey-at-aventura"
   }
  },
  {
   "type": "Feature",
   "geometry": {
    "type": "Point",
    "coordinates": [
     -81.50873,
     41.4645
    ]
   },
   "properties": {
    "id": "store-lego-store-beachwood-place",
    "name": "LEGO® Store Beachwood Place",
    "name_local": null,
    "city": "Beachwood",
    "country": "USA",
    "type": "official",
    "closed_year": null,
    "address": "26300 Cedar Road, Beachwood, Ohio 44122, USA",
    "phone": "+1 (216) 528-0527",
    "services": "bam, pab",
    "url": "https://brickstorestamps.com/stores/store-lego-store-beachwood-place"
   }
  },
  {
   "type": "Feature",
   "geometry": {
    "type": "Point",
    "coordinates": [
     -122.19234,
     47.61442
    ]
   },
   "properties": {
    "id": "store-lego-store-bellevue-square-mall",
    "name": "LEGO® Store Bellevue Square Mall",
    "name_local": null,
    "city": "Bellevue",
    "country": "USA",
    "type": "official",
    "closed_year": null,
    "address": "119 Bellevue Square, Bellevue, Washington 98004, USA",
    "phone": "+1 (425) 696-0028",
    "services": "bam, pab",
    "url": "https://brickstorestamps.com/stores/store-lego-store-bellevue-square-mall"
   }
  },
  {
   "type": "Feature",
   "geometry": {
    "type": "Point",
    "coordinates": [
     -77.09424,
     38.98468
    ]
   },
   "properties": {
    "id": "store-lego-store-westfield-montgomery",
    "name": "LEGO® Store Westfield Montgomery",
    "name_local": null,
    "city": "Bethesda",
    "country": "USA",
    "type": "official",
    "closed_year": null,
    "address": "7101 Democracy Boulevard, Space 1232, Bethesda, Maryland 20817, USA",
    "phone": "+1 (301) 679-1058",
    "services": "bam, pab",
    "url": "https://brickstorestamps.com/stores/store-lego-store-westfield-montgomery"
   }
  },
  {
   "type": "Feature",
   "geometry": {
    "type": "Point",
    "coordinates": [
     -93.24212,
     44.85502
    ]
   },
   "properties": {
    "id": "store-lego-store-mall-of-america",
    "name": "LEGO® Store Mall Of America",
    "name_local": null,
    "city": "Bloomington",
    "country": "USA",
    "type": "official",
    "closed_year": null,
    "address": "164 South Av., Bloomington, Minnesota 55425, USA",
    "phone": "+1 (952) 266-7989",
    "services": "bam, minifigure_factory, mosaic_maker, pab",
    "url": "https://brickstorestamps.com/stores/store-lego-store-mall-of-america"
   }
  },
  {
   "type": "Feature",
   "geometry": {
    "type": "Point",
    "coordinates": [
     -80.0831,
     26.35869
    ]
   },
   "properties": {
    "id": "store-lego-store-town-centre-at-boca-raton",
    "name": "LEGO® Store Town Centre at Boca Raton",
    "name_local": null,
    "city": "Boca Raton",
    "country": "USA",
    "type": "official",
    "closed_year": null,
    "address": "6000 Glades Road, Space #1043, Boca Raton, Florida 33431, USA",
    "phone": "+1 (561) 858-2257",
    "services": "bam, pab",
    "url": "https://brickstorestamps.com/stores/store-lego-store-town-centre-at-boca-raton"
   }
  },
  {
   "type": "Feature",
   "geometry": {
    "type": "Point",
    "coordinates": [
     -71.05783,
     42.35883
    ]
   },
   "properties": {
    "id": "store-lego-discovery-centre-store-boston",
    "name": "LEGO® Discovery Centre Store Boston",
    "name_local": null,
    "city": "Boston",
    "country": "USA",
    "type": "official",
    "closed_year": null,
    "address": "598 Assembly Row, Somerville, Massachusetts 02145, USA",
    "phone": "617-702-5593",
    "services": null,
    "url": "https://brickstorestamps.com/stores/store-lego-discovery-centre-store-boston"
   }
  },
  {
   "type": "Feature",
   "geometry": {
    "type": "Point",
    "coordinates": [
     -71.00412,
     42.2206
    ]
   },
   "properties": {
    "id": "store-lego-store-south-shore-plaza",
    "name": "LEGO® Store South Shore Plaza",
    "name_local": null,
    "city": "Braintree",
    "country": "USA",
    "type": "official",
    "closed_year": null,
    "address": null,
    "phone": null,
    "services": "bam, pab",
    "url": "https://brickstorestamps.com/stores/store-lego-store-south-shore-plaza"
   }
  },
  {
   "type": "Feature",
   "geometry": {
    "type": "Point",
    "coordinates": [
     -82.32829,
     27.93302
    ]
   },
   "properties": {
    "id": "store-lego-store-brandon-exchange",
    "name": "LEGO® Store Brandon Exchange",
    "name_local": null,
    "city": "Brandon",
    "country": "USA",
    "type": "official",
    "closed_year": null,
    "address": "459 Brandon Town Center Dr #578, Brandon, Florida 33511, USA",
    "phone": "+1 (813) 798-3002",
    "services": "bam, pab",
    "url": "https://brickstorestamps.com/stores/store-lego-store-brandon-exchange"
   }
  },
  {
   "type": "Feature",
   "geometry": {
    "type": "Point",
    "coordinates": [
     -74.61936,
     40.58582
    ]
   },
   "properties": {
    "id": "store-lego-store-bridgewater-commons",
    "name": "LEGO® Store Bridgewater Commons",
    "name_local": null,
    "city": "Bridgewater",
    "country": "USA",
    "type": "official",
    "closed_year": null,
    "address": "400 Commons Way, Bridgewater Commons, Bridgewater, New Jersey 08807, USA",
    "phone": "+1 (908) 493-5984",
    "services": "bam, pab",
    "url": "https://brickstorestamps.com/stores/store-lego-store-bridgewater-commons"
   }
  },
  {
   "type": "Feature",
   "geometry": {
    "type": "Point",
    "coordinates": [
     -105.05208,
     39.9404
    ]
   },
   "properties": {
    "id": "store-lego-store-flat-iron-crossing",
    "name": "LEGO® Store Flat Iron Crossing",
    "name_local": null,
    "city": "Broomfield",
    "country": "USA",
    "type": "official",
    "closed_year": null,
    "address": "1 W Flatiron Crossing Dr, unit 1058, Broomfield, Colorado 80021, USA",
    "phone": "+17202081263",
    "services": "bam, pab",
    "url": "https://brickstorestamps.com/stores/store-lego-store-flat-iron-crossing"
   }
  },
  {
   "type": "Feature",
   "geometry": {
    "type": "Point",
    "coordinates": [
     -78.87815,
     42.88642
    ]
   },
   "properties": {
    "id": "store-lego-store-walden-galleria",
    "name": "LEGO® Store Walden Galleria",
    "name_local": null,
    "city": "Buffalo",
    "country": "USA",
    "type": "official",
    "closed_year": null,
    "address": "1 Walden Galleria, #D116, Buffalo, New York 14225, USA",
    "phone": "+1 (716) 229-4933",
    "services": "bam, pab",
    "url": "https://brickstorestamps.com/stores/store-lego-store-walden-galleria"
   }
  },
  {
   "type": "Feature",
   "geometry": {
    "type": "Point",
    "coordinates": [
     -71.21353,
     42.48254
    ]
   },
   "properties": {
    "id": "store-lego-store-burlington-mall",
    "name": "LEGO® Store Burlington Mall",
    "name_local": null,
    "city": "Burlington",
    "country": "USA",
    "type": "official",
    "closed_year": null,
    "address": "75 Middlesex Tpke, Burlington Mall, Burlington, Massachusetts 01803, USA",
    "phone": "+1 (781) 362-2278",
    "services": "bam, pab",
    "url": "https://brickstorestamps.com/stores/store-lego-store-burlington-mall"
   }
  },
  {
   "type": "Feature",
   "geometry": {
    "type": "Point",
    "coordinates": [
     -118.59781,
     34.20111
    ]
   },
   "properties": {
    "id": "store-lego-store-westfield-topanga",
    "name": "LEGO® Store Westfield Topanga",
    "name_local": null,
    "city": "Canoga Park",
    "country": "USA",
    "type": "official",
    "closed_year": null,
    "address": "6600 Topanga Canyon Blvd, Westfield Topanga, Unit 1092, Canoga Park, California 91303, USA",
    "phone": "+1 (818) 474-5572",
    "services": "bam, pab",
    "url": "https://brickstorestamps.com/stores/store-lego-store-westfield-topanga"
   }
  },
  {
   "type": "Feature",
   "geometry": {
    "type": "Point",
    "coordinates": [
     -117.3506,
     33.15809
    ]
   },
   "properties": {
    "id": "store-lego-store-legoland-california-resort",
    "name": "LEGOLAND California",
    "name_local": null,
    "city": "Carlsbad",
    "country": "USA",
    "type": "official",
    "closed_year": null,
    "address": "One LEGOLAND Drive, Carlsbad, California 92008, USA",
    "phone": "+18886905346",
    "services": "bam, pab",
    "url": "https://brickstorestamps.com/stores/store-lego-store-legoland-california-resort"
   }
  },
  {
   "type": "Feature",
   "geometry": {
    "type": "Point",
    "coordinates": [
     -111.84118,
     33.3062
    ]
   },
   "properties": {
    "id": "store-lego-store-chandler-fashion-centre",
    "name": "LEGO® Store Chandler Fashion Centre",
    "name_local": null,
    "city": "Chandler",
    "country": "USA",
    "type": "official",
    "closed_year": null,
    "address": "3111 West Chandler Boulevard, Chandler, Arizona 85226, USA",
    "phone": "+1 (480) 944-8001",
    "services": "bam, pab",
    "url": "https://brickstorestamps.com/stores/store-lego-store-chandler-fashion-centre"
   }
  },
  {
   "type": "Feature",
   "geometry": {
    "type": "Point",
    "coordinates": [
     -80.84308,
     35.22721
    ]
   },
   "properties": {
    "id": "store-lego-store-charlotte-douglas-airport",
    "name": "LEGO Store Charlotte Douglas Airport",
    "name_local": null,
    "city": "Charlotte",
    "country": "USA",
    "type": "official",
    "closed_year": null,
    "address": "Charlotte Douglas International Airport, 5501 Josh Birmingham Pkwy, Charlotte, NC 28208, USA",
    "phone": null,
    "services": null,
    "url": "https://brickstorestamps.com/stores/store-lego-store-charlotte-douglas-airport"
   }
  },
  {
   "type": "Feature",
   "geometry": {
    "type": "Point",
    "coordinates": [
     -80.84308,
     35.22721
    ]
   },
   "properties": {
    "id": "store-lego-store-southpark-mall",
    "name": "LEGO® Store Southpark Mall",
    "name_local": null,
    "city": "Charlotte",
    "country": "USA",
    "type": "official",
    "closed_year": null,
    "address": "4400 Sharon Road M05, Charlotte, North Carolina 28211, USA",
    "phone": "+1 (980) 261-9253",
    "services": "bam, pab",
    "url": "https://brickstorestamps.com/stores/store-lego-store-southpark-mall"
   }
  },
  {
   "type": "Feature",
   "geometry": {
    "type": "Point",
    "coordinates": [
     -75.03073,
     39.93484
    ]
   },
   "properties": {
    "id": "store-lego-store-cherry-hill-mall",
    "name": "LEGO® Store Cherry Hill Mall",
    "name_local": null,
    "city": "Cherry Hill",
    "country": "USA",
    "type": "official",
    "closed_year": null,
    "address": "2000 RTE 38 Unit 1095, Cherry Hill, New Jersey 08002, USA",
    "phone": "+1 (856) 804-1704",
    "services": "bam, pab",
    "url": "https://brickstorestamps.com/stores/store-lego-store-cherry-hill-mall"
   }
  },
  {
   "type": "Feature",
   "geometry": {
    "type": "Point",
    "coordinates": [
     -87.62442,
     41.87556
    ]
   },
   "properties": {
    "id": "store-lego-store-water-tower-place",
    "name": "LEGO® Store Water Tower Place",
    "name_local": null,
    "city": "Chicago",
    "country": "USA",
    "type": "official",
    "closed_year": null,
    "address": "835 North Michigan Avenue #3000, Chicago, Illinois 60611, USA",
    "phone": "+1 (872) 302-0371",
    "services": "bam, pab",
    "url": "https://brickstorestamps.com/stores/store-lego-store-water-tower-place"
   }
  },
  {
   "type": "Feature",
   "geometry": {
    "type": "Point",
    "coordinates": [
     -84.51274,
     39.10128
    ]
   },
   "properties": {
    "id": "store-lego-store-kenwood-towne-centre",
    "name": "LEGO® Store Kenwood Towne Centre",
    "name_local": null,
    "city": "Cincinnati",
    "country": "USA",
    "type": "official",
    "closed_year": null,
    "address": "7875 Montgomery Road #2109, Cincinnati, Ohio 45236, USA",
    "phone": "+1 (513) 599-8379",
    "services": "bam, pab",
    "url": "https://brickstorestamps.com/stores/store-lego-store-kenwood-towne-centre"
   }
  },
  {
   "type": "Feature",
   "geometry": {
    "type": "Point",
    "coordinates": [
     -83.00071,
     39.96226
    ]
   },
   "properties": {
    "id": "store-lego-store-easton-town-centre",
    "name": "LEGO® Store Easton Town Centre",
    "name_local": null,
    "city": "Columbus",
    "country": "USA",
    "type": "official",
    "closed_year": null,
    "address": "4004 Gramercy St, Easton Town Center, Space 728, Columbus, Ohio 43219, USA",
    "phone": "+1 (614) 708-7744",
    "services": "bam, pab",
    "url": "https://brickstorestamps.com/stores/store-lego-store-easton-town-centre"
   }
  },
  {
   "type": "Feature",
   "geometry": {
    "type": "Point",
    "coordinates": [
     -83.00071,
     39.96226
    ]
   },
   "properties": {
    "id": "store-legoland-discovery-center-columbus",
    "name": "LEGOLAND Discovery Center Columbus",
    "name_local": null,
    "city": "Columbus",
    "country": "USA",
    "type": "official",
    "closed_year": null,
    "address": null,
    "phone": null,
    "services": null,
    "url": "https://brickstorestamps.com/stores/store-legoland-discovery-center-columbus"
   }
  },
  {
   "type": "Feature",
   "geometry": {
    "type": "Point",
    "coordinates": [
     -80.72005,
     35.37153
    ]
   },
   "properties": {
    "id": "store-lego-store-concord-mills",
    "name": "LEGO® Store Concord Mills",
    "name_local": null,
    "city": "Concord",
    "country": "USA",
    "type": "official",
    "closed_year": null,
    "address": "Concord Mills, 8111 Concord Mills Boulevard #206, Concord, North Carolina 28027, USA",
    "phone": "+1 (980) 356-3012",
    "services": "bam, pab",
    "url": "https://brickstorestamps.com/stores/store-lego-store-concord-mills"
   }
  },
  {
   "type": "Feature",
   "geometry": {
    "type": "Point",
    "coordinates": [
     -117.90332,
     33.66334
    ]
   },
   "properties": {
    "id": "store-lego-store-south-coast-plaza",
    "name": "LEGO® Store South Coast Plaza",
    "name_local": null,
    "city": "Costa Mesa",
    "country": "USA",
    "type": "official",
    "closed_year": null,
    "address": "South Coast Plaza, 3333 Bristol Street #1042, Costa Mesa, California 92626, USA",
    "phone": "+1 (949) 596-3070",
    "services": "bam, pab",
    "url": "https://brickstorestamps.com/stores/store-lego-store-south-coast-plaza"
   }
  },
  {
   "type": "Feature",
   "geometry": {
    "type": "Point",
    "coordinates": [
     -96.79686,
     32.77627
    ]
   },
   "properties": {
    "id": "store-lego-store-dallas-fort-worth-international-airport",
    "name": "LEGO Store Dallas Fort Worth International Airport",
    "name_local": null,
    "city": "Dallas",
    "country": "USA",
    "type": "official",
    "closed_year": null,
    "address": "Terminal D, DFW Airport, Dallas, USA",
    "phone": null,
    "services": null,
    "url": "https://brickstorestamps.com/stores/store-lego-store-dallas-fort-worth-international-airport"
   }
  },
  {
   "type": "Feature",
   "geometry": {
    "type": "Point",
    "coordinates": [
     -96.79686,
     32.77627
    ]
   },
   "properties": {
    "id": "store-lego-store-northpark-center",
    "name": "LEGO® Store NorthPark Center",
    "name_local": null,
    "city": "Dallas",
    "country": "USA",
    "type": "official",
    "closed_year": null,
    "address": "8687 North Central Expressway #770, Dallas, Texas 75225, USA",
    "phone": "+1 (972) 928-2057",
    "services": "bam, pab",
    "url": "https://brickstorestamps.com/stores/store-lego-store-northpark-center"
   }
  },
  {
   "type": "Feature",
   "geometry": {
    "type": "Point",
    "coordinates": [
     -73.45401,
     41.39482
    ]
   },
   "properties": {
    "id": "store-lego-store-danbury-fair",
    "name": "LEGO® Store Danbury Fair",
    "name_local": null,
    "city": "Danbury",
    "country": "USA",
    "type": "official",
    "closed_year": null,
    "address": "7 Backus Ave, Danbury Fair, Unit E207, Danbury, Connecticut 06810, USA",
    "phone": "+1 (475) 348-7339",
    "services": "bam, pab",
    "url": "https://brickstorestamps.com/stores/store-lego-store-danbury-fair"
   }
  },
  {
   "type": "Feature",
   "geometry": {
    "type": "Point",
    "coordinates": [
     -71.17557,
     42.24891
    ]
   },
   "properties": {
    "id": "store-lego-store-legacy-place-new",
    "name": "LEGO® Store Legacy Place",
    "name_local": null,
    "city": "Dedham",
    "country": "USA",
    "type": "official",
    "closed_year": null,
    "address": "720 Legacy Place, Building P, Suite 720, Dedham, Massachusetts 02026, USA",
    "phone": "+17813555875",
    "services": "bam, pab",
    "url": "https://brickstorestamps.com/stores/store-lego-store-legacy-place-new"
   }
  },
  {
   "type": "Feature",
   "geometry": {
    "type": "Point",
    "coordinates": [
     -90.44268,
     38.60498
    ]
   },
   "properties": {
    "id": "store-lego-store-west-county-centre",
    "name": "LEGO® Store West County Centre",
    "name_local": null,
    "city": "Des Peres",
    "country": "USA",
    "type": "official",
    "closed_year": null,
    "address": "55 West County Center, Des Peres, Missouri 63131, USA",
    "phone": "+1 (314) 579-3334",
    "services": "bam, pab",
    "url": "https://brickstorestamps.com/stores/store-lego-store-west-county-centre"
   }
  },
  {
   "type": "Feature",
   "geometry": {
    "type": "Point",
    "coordinates": [
     -78.90181,
     35.99665
    ]
   },
   "properties": {
    "id": "store-lego-store-the-streets-at-southpoint",
    "name": "LEGO® Store The Streets at Southpoint",
    "name_local": null,
    "city": "Durham",
    "country": "USA",
    "type": "official",
    "closed_year": null,
    "address": "6910 Fayetteville Road # 2220, Durham, North Carolina 27713, USA",
    "phone": "1-984-319-4149",
    "services": "bam, pab",
    "url": "https://brickstorestamps.com/stores/store-lego-store-the-streets-at-southpoint"
   }
  },
  {
   "type": "Feature",
   "geometry": {
    "type": "Point",
    "coordinates": [
     -74.09709,
     40.83399
    ]
   },
   "properties": {
    "id": "store-legoland-discovery-center-new-jersey-american-dream",
    "name": "LEGOLAND Discovery Center New Jersey/American Dream",
    "name_local": null,
    "city": "East Rutherford",
    "country": "USA",
    "type": "official",
    "closed_year": null,
    "address": null,
    "phone": null,
    "services": null,
    "url": "https://brickstorestamps.com/stores/store-legoland-discovery-center-new-jersey-american-dream"
   }
  },
  {
   "type": "Feature",
   "geometry": {
    "type": "Point",
    "coordinates": [
     -74.09709,
     40.83399
    ]
   },
   "properties": {
    "id": "store-legoland-discovery-centre-store-american-dream-mall",
    "name": "LEGOLAND® Discovery Centre Store American Dream Mall",
    "name_local": null,
    "city": "East Rutherford",
    "country": "USA",
    "type": "official",
    "closed_year": null,
    "address": "1 American Dream Way, Court A Level 1, East Rutherford, New Jersey 07073, USA",
    "phone": null,
    "services": null,
    "url": "https://brickstorestamps.com/stores/store-legoland-discovery-centre-store-american-dream-mall"
   }
  },
  {
   "type": "Feature",
   "geometry": {
    "type": "Point",
    "coordinates": [
     -74.2107,
     40.66399
    ]
   },
   "properties": {
    "id": "store-lego-store-the-mills-at-jersey-gardens",
    "name": "LEGO® Store The Mills At Jersey Gardens",
    "name_local": null,
    "city": "Elizabeth",
    "country": "USA",
    "type": "official",
    "closed_year": null,
    "address": "Jersey Gardens, 651 Kapkowski Road, #1008, Elizabeth, New Jersey 07201, USA",
    "phone": "1-908-201-3018",
    "services": "bam, pab",
    "url": "https://brickstorestamps.com/stores/store-lego-store-the-mills-at-jersey-gardens"
   }
  },
  {
   "type": "Feature",
   "geometry": {
    "type": "Point",
    "coordinates": [
     -111.90624,
     40.98538
    ]
   },
   "properties": {
    "id": "store-lego-store-at-station-park",
    "name": "LEGO® Store at Station Park",
    "name_local": null,
    "city": "Farmington",
    "country": "USA",
    "type": "official",
    "closed_year": null,
    "address": "235 North West Promontory, Farmington, Utah 84025, USA",
    "phone": "385-758-8041",
    "services": "bam, pab",
    "url": "https://brickstorestamps.com/stores/store-lego-store-at-station-park"
   }
  },
  {
   "type": "Feature",
   "geometry": {
    "type": "Point",
    "coordinates": [
     -80.14338,
     26.12231
    ]
   },
   "properties": {
    "id": "store-lego-store-fort-lauderdale-airport",
    "name": "LEGO Store Fort Lauderdale Airport",
    "name_local": null,
    "city": "Fort Lauderdale",
    "country": "USA",
    "type": "official",
    "closed_year": null,
    "address": "Terminal 4, FLL Airport, Fort Lauderdale, USA",
    "phone": null,
    "services": null,
    "url": "https://brickstorestamps.com/stores/store-lego-store-fort-lauderdale-airport"
   }
  },
  {
   "type": "Feature",
   "geometry": {
    "type": "Point",
    "coordinates": [
     -86.86894,
     35.92521
    ]
   },
   "properties": {
    "id": "store-lego-store-coolsprings-galleria",
    "name": "LEGO Store CoolSprings Galleria",
    "name_local": null,
    "city": "Franklin",
    "country": "USA",
    "type": "official",
    "closed_year": null,
    "address": "1800 Galleria Blvd, Suite 2360, Franklin, Tennessee 37067, USA",
    "phone": "1 629-899-7406",
    "services": "bam, pab",
    "url": "https://brickstorestamps.com/stores/store-lego-store-coolsprings-galleria"
   }
  },
  {
   "type": "Feature",
   "geometry": {
    "type": "Point",
    "coordinates": [
     -74.27376,
     40.26011
    ]
   },
   "properties": {
    "id": "store-lego-store-freehold-raceway-mall",
    "name": "LEGO® Store Freehold Raceway Mall",
    "name_local": null,
    "city": "Freehold",
    "country": "USA",
    "type": "official",
    "closed_year": null,
    "address": "3710 Route 9, Unit 232, Freehold Raceway Mall, Freehold, New Jersey 07728, USA",
    "phone": "+1 (732) 756-9169",
    "services": "bam, pab",
    "url": "https://brickstorestamps.com/stores/store-lego-store-freehold-raceway-mall"
   }
  },
  {
   "type": "Feature",
   "geometry": {
    "type": "Point",
    "coordinates": [
     -95.20104,
     29.5294
    ]
   },
   "properties": {
    "id": "store-lego-store-baybrook-mall",
    "name": "LEGO® Store Baybrook Mall",
    "name_local": null,
    "city": "Friendswood",
    "country": "USA",
    "type": "official",
    "closed_year": null,
    "address": "500 Baybrook Mall, Friendswood, Texas 77546, USA",
    "phone": "+1 (281) 612-6938",
    "services": "bam, pab",
    "url": "https://brickstorestamps.com/stores/store-lego-store-baybrook-mall"
   }
  },
  {
   "type": "Feature",
   "geometry": {
    "type": "Point",
    "coordinates": [
     -96.81129,
     33.09916
    ]
   },
   "properties": {
    "id": "store-lego-store-stonebriar-center",
    "name": "LEGO® Store Stonebriar Center",
    "name_local": null,
    "city": "Frisco",
    "country": "USA",
    "type": "official",
    "closed_year": null,
    "address": "2601 Preston Road #1222, Frisco, Texas 75034, USA",
    "phone": "+1 (972) 928-1865",
    "services": "bam, pab",
    "url": "https://brickstorestamps.com/stores/store-lego-store-stonebriar-center"
   }
  },
  {
   "type": "Feature",
   "geometry": {
    "type": "Point",
    "coordinates": [
     -73.61301,
     40.73807
    ]
   },
   "properties": {
    "id": "store-lego-store-roosevelt-field-mall",
    "name": "LEGO® Store Roosevelt Field Mall",
    "name_local": null,
    "city": "Garden City",
    "country": "USA",
    "type": "official",
    "closed_year": null,
    "address": "630 Old Country Rd, Roosevelt Field, Space 1057, Garden City, New York 11530, USA",
    "phone": "+1 516 452 5727",
    "services": "bam, pab",
    "url": "https://brickstorestamps.com/stores/store-lego-store-roosevelt-field-mall"
   }
  },
  {
   "type": "Feature",
   "geometry": {
    "type": "Point",
    "coordinates": [
     -112.22573,
     33.64154
    ]
   },
   "properties": {
    "id": "store-lego-store-arrowhead-towne-centre",
    "name": "LEGO® Store Arrowhead Towne Centre",
    "name_local": null,
    "city": "Glendale",
    "country": "USA",
    "type": "official",
    "closed_year": null,
    "address": "7700 West Arrowhead Towne Center, Glendale, Arizona 85308, USA",
    "phone": "+1 (928) 365-8230",
    "services": "bam, pab",
    "url": "https://brickstorestamps.com/stores/store-lego-store-arrowhead-towne-centre"
   }
  },
  {
   "type": "Feature",
   "geometry": {
    "type": "Point",
    "coordinates": [
     -118.24785,
     34.14694
    ]
   },
   "properties": {
    "id": "store-lego-store-glendale-galleria",
    "name": "LEGO® Store Glendale Galleria",
    "name_local": null,
    "city": "Glendale",
    "country": "USA",
    "type": "official",
    "closed_year": null,
    "address": "2130 Glendale Galleria, Glendale, California 91210, USA",
    "phone": "+1 (818) 572-8635",
    "services": "bam, pab",
    "url": "https://brickstorestamps.com/stores/store-lego-store-glendale-galleria"
   }
  },
  {
   "type": "Feature",
   "geometry": {
    "type": "Point",
    "coordinates": [
     -74.31192,
     41.37679
    ]
   },
   "properties": {
    "id": "store-lego-store-legoland-new-york-resort",
    "name": "LEGOLAND New York",
    "name_local": null,
    "city": "Goshen",
    "country": "USA",
    "type": "official",
    "closed_year": null,
    "address": "1 Legoland Blvd, Goshen, New York 10924, USA",
    "phone": "+18454100290",
    "services": "bam, pab",
    "url": "https://brickstorestamps.com/stores/store-lego-store-legoland-new-york-resort"
   }
  },
  {
   "type": "Feature",
   "geometry": {
    "type": "Point",
    "coordinates": [
     -85.66786,
     42.96324
    ]
   },
   "properties": {
    "id": "store-lego-store-woodland-mall",
    "name": "LEGO® Store Woodland Mall",
    "name_local": null,
    "city": "Grand Rapids",
    "country": "USA",
    "type": "official",
    "closed_year": null,
    "address": "3115 28th Street SE, space F-104, Kentwood, Michigan 49512, USA",
    "phone": "1-616-221-3726",
    "services": "bam, pab",
    "url": "https://brickstorestamps.com/stores/store-lego-store-woodland-mall"
   }
  },
  {
   "type": "Feature",
   "geometry": {
    "type": "Point",
    "coordinates": [
     -97.07888,
     32.93374
    ]
   },
   "properties": {
    "id": "store-legoland-discovery-center-dallas-fort-worth",
    "name": "LEGOLAND Discovery Center Dallas/Fort Worth",
    "name_local": null,
    "city": "Grapevine",
    "country": "USA",
    "type": "official",
    "closed_year": null,
    "address": null,
    "phone": null,
    "services": null,
    "url": "https://brickstorestamps.com/stores/store-legoland-discovery-center-dallas-fort-worth"
   }
  },
  {
   "type": "Feature",
   "geometry": {
    "type": "Point",
    "coordinates": [
     -79.79198,
     36.07264
    ]
   },
   "properties": {
    "id": "store-lego-store-the-shops-at-friendly-centre",
    "name": "LEGO® Store The Shops at Friendly Centre",
    "name_local": null,
    "city": "Greensboro",
    "country": "USA",
    "type": "official",
    "closed_year": null,
    "address": "3334 West Friendly Ave, Suite 101, Greensboro, North Carolina 27408, USA",
    "phone": "743-209-3359",
    "services": "bam, pab",
    "url": "https://brickstorestamps.com/stores/store-lego-store-the-shops-at-friendly-centre"
   }
  },
  {
   "type": "Feature",
   "geometry": {
    "type": "Point",
    "coordinates": [
     -82.39849,
     34.85135
    ]
   },
   "properties": {
    "id": "store-lego-store-haywood-mall",
    "name": "LEGO® Store Haywood Mall",
    "name_local": null,
    "city": "Greenville",
    "country": "USA",
    "type": "official",
    "closed_year": null,
    "address": "700 Haywood Rd, 1016A, Greenville, South Carolina 29607, USA",
    "phone": "+1 (864) 413-7031",
    "services": "bam, pab",
    "url": "https://brickstorestamps.com/stores/store-lego-store-haywood-mall"
   }
  },
  {
   "type": "Feature",
   "geometry": {
    "type": "Point",
    "coordinates": [
     -96.25033,
     41.0981
    ]
   },
   "properties": {
    "id": "store-lego-store-nebraska-crossing",
    "name": "LEGO® Store Nebraska Crossing",
    "name_local": null,
    "city": "Gretna",
    "country": "USA",
    "type": "official",
    "closed_year": null,
    "address": "21317 Nebraska Crossing Drive Suite E145, Gretna, Nebraska 68028, USA",
    "phone": "1-402-831-3447",
    "services": "bam, pab",
    "url": "https://brickstorestamps.com/stores/store-lego-store-nebraska-crossing"
   }
  },
  {
   "type": "Feature",
   "geometry": {
    "type": "Point",
    "coordinates": [
     -87.90202,
     42.3703
    ]
   },
   "properties": {
    "id": "store-lego-store-gurnee-mills",
    "name": "LEGO® Store Gurnee Mills",
    "name_local": null,
    "city": "Gurnee",
    "country": "USA",
    "type": "official",
    "closed_year": null,
    "address": "6170 Grand Avenue #761, Gurnee Mills, Gurnee, Illinois 60031, USA",
    "phone": "+1 (847) 780-2637",
    "services": "bam, pab",
    "url": "https://brickstorestamps.com/stores/store-lego-store-gurnee-mills"
   }
  },
  {
   "type": "Feature",
   "geometry": {
    "type": "Point",
    "coordinates": [
     -76.74374,
     39.15224
    ]
   },
   "properties": {
    "id": "store-lego-store-arundel-mills",
    "name": "LEGO® Store Arundel Mills",
    "name_local": null,
    "city": "Hanover",
    "country": "USA",
    "type": "official",
    "closed_year": null,
    "address": "Arundel Mills, 7000 Arundel Mills Circle, Hanover, Maryland 21076, USA",
    "phone": "+1 (443) 586-8388",
    "services": "bam, minifigure_factory, pab",
    "url": "https://brickstorestamps.com/stores/store-lego-store-arundel-mills"
   }
  },
  {
   "type": "Feature",
   "geometry": {
    "type": "Point",
    "coordinates": [
     -157.85568,
     21.30455
    ]
   },
   "properties": {
    "id": "store-lego-store-ala-moana-centre",
    "name": "LEGO® Store Ala Moana Centre",
    "name_local": null,
    "city": "Honolulu",
    "country": "USA",
    "type": "official",
    "closed_year": null,
    "address": "1450 Ala Moana Blvd, ALA Moana Center, Space 2032, Honolulu, Hawaii 96814, USA",
    "phone": "+1 (808) 427-7021",
    "services": "bam, pab",
    "url": "https://brickstorestamps.com/stores/store-lego-store-ala-moana-centre"
   }
  },
  {
   "type": "Feature",
   "geometry": {
    "type": "Point",
    "coordinates": [
     -95.3677,
     29.75894
    ]
   },
   "properties": {
    "id": "store-lego-store-houston-airport",
    "name": "LEGO Store Houston Airport",
    "name_local": null,
    "city": "Houston",
    "country": "USA",
    "type": "official",
    "closed_year": null,
    "address": "George Bush Intercontinental Airport, Terminal D near Gate D1, 2800 N Terminal Rd, Houston, TX 77032, USA",
    "phone": null,
    "services": null,
    "url": "https://brickstorestamps.com/stores/store-lego-store-houston-airport"
   }
  },
  {
   "type": "Feature",
   "geometry": {
    "type": "Point",
    "coordinates": [
     -95.3677,
     29.75894
    ]
   },
   "properties": {
    "id": "store-lego-store-houston-westheimer-road",
    "name": "LEGO® Store Houston - Westheimer Road",
    "name_local": null,
    "city": "Houston",
    "country": "USA",
    "type": "official",
    "closed_year": null,
    "address": "5015 Westheimer Road, Houston, Texas 77056, USA",
    "phone": "+1 (832) 613-0024",
    "services": "bam, pab",
    "url": "https://brickstorestamps.com/stores/store-lego-store-houston-westheimer-road"
   }
  },
  {
   "type": "Feature",
   "geometry": {
    "type": "Point",
    "coordinates": [
     -95.3677,
     29.75894
    ]
   },
   "properties": {
    "id": "store-lego-store-willowbrook-mall",
    "name": "LEGO® Store Willowbrook Mall",
    "name_local": null,
    "city": "Houston",
    "country": "USA",
    "type": "official",
    "closed_year": null,
    "address": "1568 Willowbrook Mall, Houston, Texas 77070, USA",
    "phone": "+1 (832) 608-7590",
    "services": "bam, pab",
    "url": "https://brickstorestamps.com/stores/store-lego-store-willowbrook-mall"
   }
  },
  {
   "type": "Feature",
   "geometry": {
    "type": "Point",
    "coordinates": [
     -86.5859,
     34.72985
    ]
   },
   "properties": {
    "id": "store-lego-store-bridge-street-town-centre",
    "name": "LEGO® Store Bridge Street Town Centre",
    "name_local": null,
    "city": "Huntsville",
    "country": "USA",
    "type": "official",
    "closed_year": null,
    "address": "320 The Bridge Street Northwest # E124, Huntsville, Alabama 35806, USA",
    "phone": "+1 938 218 9035",
    "services": "bam, pab",
    "url": "https://brickstorestamps.com/stores/store-lego-store-bridge-street-town-centre"
   }
  },
  {
   "type": "Feature",
   "geometry": {
    "type": "Point",
    "coordinates": [
     -86.15835,
     39.76833
    ]
   },
   "properties": {
    "id": "store-lego-store-castleton-square",
    "name": "LEGO® Store Castleton Square",
    "name_local": null,
    "city": "Indianapolis",
    "country": "USA",
    "type": "official",
    "closed_year": null,
    "address": "6020 E 82nd St, Indianapolis, Indiana 46250, USA",
    "phone": "+1 (463) 303-5261",
    "services": "bam, pab",
    "url": "https://brickstorestamps.com/stores/store-lego-store-castleton-square"
   }
  },
  {
   "type": "Feature",
   "geometry": {
    "type": "Point",
    "coordinates": [
     -81.65792,
     30.32622
    ]
   },
   "properties": {
    "id": "store-lego-store-st-john-s-town-centre",
    "name": "LEGO® Store St John's Town Centre",
    "name_local": null,
    "city": "Jacksonville",
    "country": "USA",
    "type": "official",
    "closed_year": null,
    "address": "4764 River City Dr, Suite 100, Jacksonville, Florida 32246, USA",
    "phone": "+1 (904) 579-8726",
    "services": "bam, pab",
    "url": "https://brickstorestamps.com/stores/store-lego-store-st-john-s-town-centre"
   }
  },
  {
   "type": "Feature",
   "geometry": {
    "type": "Point",
    "coordinates": [
     -94.57814,
     39.1001
    ]
   },
   "properties": {
    "id": "store-lego-store-kansas-city-airport",
    "name": "LEGO® Store Kansas City Airport",
    "name_local": null,
    "city": "Kansas City",
    "country": "USA",
    "type": "official",
    "closed_year": null,
    "address": "Kansas City International Airport, New Single Terminal, 1 Kansas City Blvd, Kansas City, MO 64153, USA",
    "phone": null,
    "services": null,
    "url": "https://brickstorestamps.com/stores/store-lego-store-kansas-city-airport"
   }
  },
  {
   "type": "Feature",
   "geometry": {
    "type": "Point",
    "coordinates": [
     -94.57814,
     39.1001
    ]
   },
   "properties": {
    "id": "store-legoland-discovery-center-kansas-city",
    "name": "LEGOLAND Discovery Center Kansas City",
    "name_local": null,
    "city": "Kansas City",
    "country": "USA",
    "type": "official",
    "closed_year": null,
    "address": null,
    "phone": null,
    "services": null,
    "url": "https://brickstorestamps.com/stores/store-legoland-discovery-center-kansas-city"
   }
  },
  {
   "type": "Feature",
   "geometry": {
    "type": "Point",
    "coordinates": [
     -75.38881,
     40.08512
    ]
   },
   "properties": {
    "id": "store-lego-store-king-of-prussia-mall",
    "name": "LEGO® Store King Of Prussia Mall",
    "name_local": null,
    "city": "King of Prussia",
    "country": "USA",
    "type": "official",
    "closed_year": null,
    "address": "160 North Gulph Road, SPACE 1308A, King of Prussia, Pennsylvania 19406, USA",
    "phone": "+1 (610) 502-8868",
    "services": "bam, pab",
    "url": "https://brickstorestamps.com/stores/store-lego-store-king-of-prussia-mall"
   }
  },
  {
   "type": "Feature",
   "geometry": {
    "type": "Point",
    "coordinates": [
     -73.11511,
     40.85288
    ]
   },
   "properties": {
    "id": "store-lego-store-smith-haven-mall",
    "name": "LEGO® Store Smith Haven Mall",
    "name_local": null,
    "city": "Lake Grove",
    "country": "USA",
    "type": "official",
    "closed_year": null,
    "address": "518 Smith Haven Mall Space E08B, Lake Grove, New York 11755, USA",
    "phone": "+1 (631) 485-8029",
    "services": "bam, pab",
    "url": "https://brickstorestamps.com/stores/store-lego-store-smith-haven-mall"
   }
  },
  {
   "type": "Feature",
   "geometry": {
    "type": "Point",
    "coordinates": [
     -105.08467,
     39.70857
    ]
   },
   "properties": {
    "id": "store-lego-store-colorado-mills",
    "name": "LEGO® Store Colorado Mills",
    "name_local": null,
    "city": "Lakewood",
    "country": "USA",
    "type": "official",
    "closed_year": null,
    "address": "14500 W Colfax Ave, Lakewood, Colorado 80401, USA",
    "phone": "+1 (983) 203-7578",
    "services": "bam, minifigure_factory, pab",
    "url": "https://brickstorestamps.com/stores/store-lego-store-colorado-mills"
   }
  },
  {
   "type": "Feature",
   "geometry": {
    "type": "Point",
    "coordinates": [
     -115.14841,
     36.16743
    ]
   },
   "properties": {
    "id": "store-lego-store-downtown-summerlin",
    "name": "LEGO® Store Downtown Summerlin",
    "name_local": null,
    "city": "Las Vegas",
    "country": "USA",
    "type": "official",
    "closed_year": null,
    "address": "1955 Festival Plaza Dr, Suite 160, Las Vegas, Nevada 89135, USA",
    "phone": "1-725-257-4104",
    "services": "bam, pab",
    "url": "https://brickstorestamps.com/stores/store-lego-store-downtown-summerlin"
   }
  },
  {
   "type": "Feature",
   "geometry": {
    "type": "Point",
    "coordinates": [
     -115.14841,
     36.16743
    ]
   },
   "properties": {
    "id": "store-lego-store-las-vegas-fashion-show-mall",
    "name": "LEGO® Store Las Vegas - Fashion Show Mall",
    "name_local": null,
    "city": "Las Vegas",
    "country": "USA",
    "type": "official",
    "closed_year": null,
    "address": "3200 South Las Vegas Boulevard #1520, Las Vegas, Nevada 89109, USA",
    "phone": "+1 (725) 209-7102",
    "services": "bam, pab",
    "url": "https://brickstorestamps.com/stores/store-lego-store-las-vegas-fashion-show-mall"
   }
  },
  {
   "type": "Feature",
   "geometry": {
    "type": "Point",
    "coordinates": [
     -83.98901,
     33.95664
    ]
   },
   "properties": {
    "id": "store-lego-store-sugarloaf-mills",
    "name": "LEGO® Store Sugarloaf Mills",
    "name_local": null,
    "city": "Lawrenceville",
    "country": "USA",
    "type": "official",
    "closed_year": null,
    "address": "5900 Sugarloaf Parkway, Lawrenceville, Georgia 30043, USA",
    "phone": "+1 (770) 697-7041",
    "services": "bam, pab",
    "url": "https://brickstorestamps.com/stores/store-lego-store-sugarloaf-mills"
   }
  },
  {
   "type": "Feature",
   "geometry": {
    "type": "Point",
    "coordinates": [
     -94.6169,
     38.96667
    ]
   },
   "properties": {
    "id": "store-lego-store-town-center-crossing",
    "name": "LEGO® Store Town Center Crossing",
    "name_local": null,
    "city": "Leawood",
    "country": "USA",
    "type": "official",
    "closed_year": null,
    "address": "4411 W 119th Street, Suite A133, Leawood, Kansas 66209, USA",
    "phone": "+1-913-358-5131",
    "services": null,
    "url": "https://brickstorestamps.com/stores/store-lego-store-town-center-crossing"
   }
  },
  {
   "type": "Feature",
   "geometry": {
    "type": "Point",
    "coordinates": [
     -84.49704,
     38.04641
    ]
   },
   "properties": {
    "id": "store-lego-store-fritz-farm",
    "name": "LEGO Store Fritz Farm",
    "name_local": null,
    "city": "Lexington",
    "country": "USA",
    "type": "official",
    "closed_year": null,
    "address": null,
    "phone": null,
    "services": null,
    "url": "https://brickstorestamps.com/stores/store-lego-store-fritz-farm"
   }
  },
  {
   "type": "Feature",
   "geometry": {
    "type": "Point",
    "coordinates": [
     -92.28963,
     34.74651
    ]
   },
   "properties": {
    "id": "store-lego-store-promenade-at-chenal",
    "name": "LEGO® Store Promenade at Chenal",
    "name_local": null,
    "city": "Little Rock",
    "country": "USA",
    "type": "official",
    "closed_year": null,
    "address": "17809 Chenal Parkway, Suite G-103, Little Rock, Arkansas 72223, USA",
    "phone": "1-501-250-2162",
    "services": null,
    "url": "https://brickstorestamps.com/stores/store-lego-store-promenade-at-chenal"
   }
  },
  {
   "type": "Feature",
   "geometry": {
    "type": "Point",
    "coordinates": [
     -104.90415,
     39.53642
    ]
   },
   "properties": {
    "id": "store-lego-store-park-meadows",
    "name": "LEGO® Store Park Meadows",
    "name_local": null,
    "city": "Lone Tree",
    "country": "USA",
    "type": "official",
    "closed_year": null,
    "address": "8401 Park Meadows Center Dr Ste 1225, Lone Tree, Colorado 80124, USA",
    "phone": "+1 (720) 703-9091",
    "services": "bam, pab",
    "url": "https://brickstorestamps.com/stores/store-lego-store-park-meadows"
   }
  },
  {
   "type": "Feature",
   "geometry": {
    "type": "Point",
    "coordinates": [
     -118.24277,
     34.05369
    ]
   },
   "properties": {
    "id": "store-lego-store-los-angeles-airport-lax",
    "name": "LEGO Store Los Angeles Airport - LAX",
    "name_local": null,
    "city": "Los Angeles",
    "country": "USA",
    "type": "official",
    "closed_year": null,
    "address": "Los Angeles International Airport, West Gates, Tom Bradley International Terminal, 380 World Way, Los Angeles, CA 90045, USA",
    "phone": null,
    "services": null,
    "url": "https://brickstorestamps.com/stores/store-lego-store-los-angeles-airport-lax"
   }
  },
  {
   "type": "Feature",
   "geometry": {
    "type": "Point",
    "coordinates": [
     -118.24277,
     34.05369
    ]
   },
   "properties": {
    "id": "store-lego-store-century-city-mall",
    "name": "LEGO® Store Century City Mall",
    "name_local": null,
    "city": "Los Angeles",
    "country": "USA",
    "type": "official",
    "closed_year": null,
    "address": "10250 Santa Monica Blvd Space 2970, Los Angeles, California 90067, USA",
    "phone": "+1 (213) 510-0170",
    "services": "bam, pab",
    "url": "https://brickstorestamps.com/stores/store-lego-store-century-city-mall"
   }
  },
  {
   "type": "Feature",
   "geometry": {
    "type": "Point",
    "coordinates": [
     -85.75941,
     38.25424
    ]
   },
   "properties": {
    "id": "store-lego-store-oxmoor-centre",
    "name": "LEGO® Store Oxmoor Centre",
    "name_local": null,
    "city": "Louisville",
    "country": "USA",
    "type": "official",
    "closed_year": null,
    "address": "7900 Shelbyville Rd, B7, Louisville, Kentucky 40222, USA",
    "phone": "+1 502 521 3507",
    "services": "bam, pab",
    "url": "https://brickstorestamps.com/stores/store-lego-store-oxmoor-centre"
   }
  },
  {
   "type": "Feature",
   "geometry": {
    "type": "Point",
    "coordinates": [
     -122.30539,
     47.82787
    ]
   },
   "properties": {
    "id": "store-lego-store-alderwood",
    "name": "LEGO® Store Alderwood",
    "name_local": null,
    "city": "Lynnwood",
    "country": "USA",
    "type": "official",
    "closed_year": null,
    "address": "3000 184th St SW, Lynnwood, Washington 98037, USA",
    "phone": "+1 (425) 549-4289",
    "services": "bam, pab",
    "url": "https://brickstorestamps.com/stores/store-lego-store-alderwood"
   }
  },
  {
   "type": "Feature",
   "geometry": {
    "type": "Point",
    "coordinates": [
     -98.23006,
     26.20411
    ]
   },
   "properties": {
    "id": "store-lego-store-la-plaza-mall",
    "name": "LEGO® Store La Plaza Mall",
    "name_local": null,
    "city": "McAllen",
    "country": "USA",
    "type": "official",
    "closed_year": null,
    "address": "2200 S 10th St, R02, McAllen, Texas 78503, USA",
    "phone": "+1 (956) 303-0342",
    "services": "bam, pab",
    "url": "https://brickstorestamps.com/stores/store-lego-store-la-plaza-mall"
   }
  },
  {
   "type": "Feature",
   "geometry": {
    "type": "Point",
    "coordinates": [
     -116.35134,
     43.62248
    ]
   },
   "properties": {
    "id": "store-lego-store-village-at-meridian",
    "name": "LEGO® Store Village at Meridian",
    "name_local": null,
    "city": "Meridian",
    "country": "USA",
    "type": "official",
    "closed_year": null,
    "address": "3540 E Longwing Ln, Suite 140, Meridian, Idaho 83642, USA",
    "phone": "208-974-7189",
    "services": "bam, pab",
    "url": "https://brickstorestamps.com/stores/store-lego-store-village-at-meridian"
   }
  },
  {
   "type": "Feature",
   "geometry": {
    "type": "Point",
    "coordinates": [
     -90.1767,
     30.00185
    ]
   },
   "properties": {
    "id": "store-lego-store-lakeside-mall-metairie",
    "name": "LEGO® Store Lakeside Mall",
    "name_local": null,
    "city": "Metairie",
    "country": "USA",
    "type": "official",
    "closed_year": null,
    "address": "3301 Veterans Memorial Blvd, #72, Metairie, Louisiana 70002, USA",
    "phone": "+1 (504) 445-5991",
    "services": null,
    "url": "https://brickstorestamps.com/stores/store-lego-store-lakeside-mall-metairie"
   }
  },
  {
   "type": "Feature",
   "geometry": {
    "type": "Point",
    "coordinates": [
     -80.1936,
     25.77416
    ]
   },
   "properties": {
    "id": "store-lego-store-miami-international-airport-mia",
    "name": "LEGO Store Miami International Airport - MIA",
    "name_local": null,
    "city": "Miami",
    "country": "USA",
    "type": "official",
    "closed_year": null,
    "address": "near Gate D14, Miami International Airport, Miami, USA",
    "phone": null,
    "services": null,
    "url": "https://brickstorestamps.com/stores/store-lego-store-miami-international-airport-mia"
   }
  },
  {
   "type": "Feature",
   "geometry": {
    "type": "Point",
    "coordinates": [
     -80.1936,
     25.77416
    ]
   },
   "properties": {
    "id": "store-lego-store-dadeland-mall",
    "name": "LEGO® Store Dadeland Mall",
    "name_local": null,
    "city": "Miami",
    "country": "USA",
    "type": "official",
    "closed_year": null,
    "address": "7535 N Kendall Dr #1850, Miami, Florida 33156, USA",
    "phone": "+1 (786) 947-9416",
    "services": "bam, pab",
    "url": "https://brickstorestamps.com/stores/store-lego-store-dadeland-mall"
   }
  },
  {
   "type": "Feature",
   "geometry": {
    "type": "Point",
    "coordinates": [
     -121.89892,
     37.43323
    ]
   },
   "properties": {
    "id": "store-legoland-discovery-center-san-francisco-bay-area",
    "name": "LEGOLAND Discovery Center San Francisco Bay Area",
    "name_local": null,
    "city": "Milpitas",
    "country": "USA",
    "type": "official",
    "closed_year": null,
    "address": null,
    "phone": null,
    "services": null,
    "url": "https://brickstorestamps.com/stores/store-legoland-discovery-center-san-francisco-bay-area"
   }
  },
  {
   "type": "Feature",
   "geometry": {
    "type": "Point",
    "coordinates": [
     -93.46389,
     44.94051
    ]
   },
   "properties": {
    "id": "store-lego-store-ridgedale-mall",
    "name": "LEGO® Store Ridgedale Mall",
    "name_local": null,
    "city": "Minnetonka",
    "country": "USA",
    "type": "official",
    "closed_year": null,
    "address": "12267 Wayzata Blvd, Minnetonka, Minnesota 55305, USA",
    "phone": "952-460-1485",
    "services": "bam, pab",
    "url": "https://brickstorestamps.com/stores/store-lego-store-ridgedale-mall"
   }
  },
  {
   "type": "Feature",
   "geometry": {
    "type": "Point",
    "coordinates": [
     -117.65941,
     33.59657
    ]
   },
   "properties": {
    "id": "store-lego-store-the-shops-at-mission-viejo",
    "name": "LEGO® Store The Shops At Mission Viejo",
    "name_local": null,
    "city": "Mission Viejo",
    "country": "USA",
    "type": "official",
    "closed_year": null,
    "address": "555 The Shops at Mission Viejo, The Shops at Mission Viejo, Space 428b, Mission Viejo, California 92691, USA",
    "phone": "+1 (949) 401-2278",
    "services": "bam, pab",
    "url": "https://brickstorestamps.com/stores/store-lego-store-the-shops-at-mission-viejo"
   }
  },
  {
   "type": "Feature",
   "geometry": {
    "type": "Point",
    "coordinates": [
     -111.88623,
     40.63575
    ]
   },
   "properties": {
    "id": "store-lego-store-fashion-place-mall",
    "name": "LEGO® Store Fashion Place Mall",
    "name_local": null,
    "city": "Murray",
    "country": "USA",
    "type": "official",
    "closed_year": null,
    "address": "6191 South State Street, Murray, Utah 84107, USA",
    "phone": "+1 (801) 992-0132",
    "services": "bam, pab",
    "url": "https://brickstorestamps.com/stores/store-lego-store-fashion-place-mall"
   }
  },
  {
   "type": "Feature",
   "geometry": {
    "type": "Point",
    "coordinates": [
     -71.4677,
     42.76563
    ]
   },
   "properties": {
    "id": "store-lego-store-pheasant-lane-mall",
    "name": "LEGO® Store Pheasant Lane Mall",
    "name_local": null,
    "city": "Nashua",
    "country": "USA",
    "type": "official",
    "closed_year": null,
    "address": "310 Daniel Webster Hwy Space W137, Nashua, New Hampshire 03060, USA",
    "phone": "+1 (603) 713-8657",
    "services": "bam, pab",
    "url": "https://brickstorestamps.com/stores/store-lego-store-pheasant-lane-mall"
   }
  },
  {
   "type": "Feature",
   "geometry": {
    "type": "Point",
    "coordinates": [
     -86.7743,
     36.16228
    ]
   },
   "properties": {
    "id": "store-lego-store-nashville-opry-mills-mall",
    "name": "LEGO® Store Nashville - Opry Mills Mall",
    "name_local": null,
    "city": "Nashville",
    "country": "USA",
    "type": "official",
    "closed_year": null,
    "address": "416 Opry Mills Drive #220, Nashville, Tennessee 37214, USA",
    "phone": "+1 (629) 250-3771",
    "services": "bam, minifigure_factory, pab",
    "url": "https://brickstorestamps.com/stores/store-lego-store-nashville-opry-mills-mall"
   }
  },
  {
   "type": "Feature",
   "geometry": {
    "type": "Point",
    "coordinates": [
     -71.347,
     42.28364
    ]
   },
   "properties": {
    "id": "store-lego-store-natick-mall",
    "name": "LEGO® Store Natick Mall",
    "name_local": null,
    "city": "Natick",
    "country": "USA",
    "type": "official",
    "closed_year": null,
    "address": "1245 Worcester St, Natick Mall, Suite 2100, Natick, Massachusetts 01760, USA",
    "phone": "+1 (774) 492-2261",
    "services": "bam, pab",
    "url": "https://brickstorestamps.com/stores/store-lego-store-natick-mall"
   }
  },
  {
   "type": "Feature",
   "geometry": {
    "type": "Point",
    "coordinates": [
     -74.00602,
     40.71273
    ]
   },
   "properties": {
    "id": "store-lego-store-jfk-terminal-8",
    "name": "LEGO Store JFK Terminal 8",
    "name_local": null,
    "city": "New York",
    "country": "USA",
    "type": "official",
    "closed_year": null,
    "address": "JFK International Airport, Terminal 8, Queens, NY 11430, USA",
    "phone": null,
    "services": null,
    "url": "https://brickstorestamps.com/stores/store-lego-store-jfk-terminal-8"
   }
  },
  {
   "type": "Feature",
   "geometry": {
    "type": "Point",
    "coordinates": [
     -74.00602,
     40.71273
    ]
   },
   "properties": {
    "id": "store-lego-store-laguardia-airport-lga",
    "name": "LEGO Store LaGuardia Airport - LGA",
    "name_local": null,
    "city": "New York",
    "country": "USA",
    "type": "official",
    "closed_year": null,
    "address": "LaGuardia Airport, Terminal B, Queens, NY 11371, USA",
    "phone": null,
    "services": null,
    "url": "https://brickstorestamps.com/stores/store-lego-store-laguardia-airport-lga"
   }
  },
  {
   "type": "Feature",
   "geometry": {
    "type": "Point",
    "coordinates": [
     -74.00602,
     40.71273
    ]
   },
   "properties": {
    "id": "store-lego-store-new-york-jfk-t4",
    "name": "LEGO Store New York JFK - T4",
    "name_local": null,
    "city": "New York",
    "country": "USA",
    "type": "official",
    "closed_year": null,
    "address": "Terminal 4, JFK International Airport, New York (Queens), USA",
    "phone": null,
    "services": null,
    "url": "https://brickstorestamps.com/stores/store-lego-store-new-york-jfk-t4"
   }
  },
  {
   "type": "Feature",
   "geometry": {
    "type": "Point",
    "coordinates": [
     -74.00602,
     40.71273
    ]
   },
   "properties": {
    "id": "store-lego-store-flatiron-district",
    "name": "LEGO® Store Flatiron District",
    "name_local": null,
    "city": "New York",
    "country": "USA",
    "type": "official",
    "closed_year": null,
    "address": "200 5th Ave, Flatiron District, New York, New York 10010, USA",
    "phone": "+1 (929) 323-0128",
    "services": "bam, pab",
    "url": "https://brickstorestamps.com/stores/store-lego-store-flatiron-district"
   }
  },
  {
   "type": "Feature",
   "geometry": {
    "type": "Point",
    "coordinates": [
     -74.00602,
     40.71273
    ]
   },
   "properties": {
    "id": "store-lego-store-new-york-fifth-avenue",
    "name": "LEGO® Store New York - Fifth Avenue",
    "name_local": null,
    "city": "New York",
    "country": "USA",
    "type": "official",
    "closed_year": null,
    "address": "636 Fifth Avenue, New York, New York 10020, USA",
    "phone": "+1 (929) 493-3074",
    "services": "bam, minifigure_factory, mosaic_maker, pab",
    "url": "https://brickstorestamps.com/stores/store-lego-store-new-york-fifth-avenue"
   }
  },
  {
   "type": "Feature",
   "geometry": {
    "type": "Point",
    "coordinates": [
     -74.1496,
     40.58346
    ]
   },
   "properties": {
    "id": "store-lego-store-staten-island-mall",
    "name": "LEGO® Store Staten Island Mall",
    "name_local": null,
    "city": "New York",
    "country": "USA",
    "type": "official",
    "closed_year": null,
    "address": "2655 Richmond Avenue #1285, New York, New York 10314, USA",
    "phone": "+1 (929) 224-1235",
    "services": "bam, pab",
    "url": "https://brickstorestamps.com/stores/store-lego-store-staten-island-mall"
   }
  },
  {
   "type": "Feature",
   "geometry": {
    "type": "Point",
    "coordinates": [
     -74.17237,
     40.73566
    ]
   },
   "properties": {
    "id": "store-lego-store-new-ark-airport",
    "name": "LEGO Store New Ark Airport",
    "name_local": null,
    "city": "Newark",
    "country": "USA",
    "type": "official",
    "closed_year": null,
    "address": "Terminal A, Newark Liberty International Airport, Newark, USA",
    "phone": null,
    "services": null,
    "url": "https://brickstorestamps.com/stores/store-lego-store-new-ark-airport"
   }
  },
  {
   "type": "Feature",
   "geometry": {
    "type": "Point",
    "coordinates": [
     -75.65291,
     39.67842
    ]
   },
   "properties": {
    "id": "store-lego-store-christiana-mall-new",
    "name": "LEGO® Store Christiana Mall",
    "name_local": null,
    "city": "Newark",
    "country": "USA",
    "type": "official",
    "closed_year": null,
    "address": "132 Christiana Mall #1547, Newark, Delaware 19702, USA",
    "phone": "+1 (302) 496-6605",
    "services": "bam, pab",
    "url": "https://brickstorestamps.com/stores/store-lego-store-christiana-mall-new"
   }
  },
  {
   "type": "Feature",
   "geometry": {
    "type": "Point",
    "coordinates": [
     -97.51705,
     35.47299
    ]
   },
   "properties": {
    "id": "store-lego-store-penn-square-mall",
    "name": "LEGO® Store Penn Square Mall",
    "name_local": null,
    "city": "Oklahoma City",
    "country": "USA",
    "type": "official",
    "closed_year": null,
    "address": "1901 Northwest Expressway #1058B, Oklahoma City, Oklahoma 73118, USA",
    "phone": "+1 (405) 724-4281",
    "services": "bam, pab",
    "url": "https://brickstorestamps.com/stores/store-lego-store-penn-square-mall"
   }
  },
  {
   "type": "Feature",
   "geometry": {
    "type": "Point",
    "coordinates": [
     -117.64843,
     34.06585
    ]
   },
   "properties": {
    "id": "store-lego-store-ontario-mills",
    "name": "LEGO® Store Ontario Mills",
    "name_local": null,
    "city": "Ontario",
    "country": "USA",
    "type": "official",
    "closed_year": null,
    "address": "1 Mills Circle, Ontario, California 91764, USA",
    "phone": "+1 (909) 563-9740",
    "services": "bam, pab",
    "url": "https://brickstorestamps.com/stores/store-lego-store-ontario-mills"
   }
  },
  {
   "type": "Feature",
   "geometry": {
    "type": "Point",
    "coordinates": [
     -111.69443,
     40.29816
    ]
   },
   "properties": {
    "id": "store-lego-store-university-place",
    "name": "LEGO® Store University Place",
    "name_local": null,
    "city": "Orem",
    "country": "USA",
    "type": "official",
    "closed_year": null,
    "address": "575 E University Pkwy, Unit B33, Orem, Utah 84097, USA",
    "phone": "1-385-537-1900",
    "services": "bam, pab",
    "url": "https://brickstorestamps.com/stores/store-lego-store-university-place"
   }
  },
  {
   "type": "Feature",
   "geometry": {
    "type": "Point",
    "coordinates": [
     -87.85363,
     41.63066
    ]
   },
   "properties": {
    "id": "store-lego-store-orland-square",
    "name": "LEGO® Store Orland Square",
    "name_local": null,
    "city": "Orland Park",
    "country": "USA",
    "type": "official",
    "closed_year": null,
    "address": "732 Orland Square, Orland Square Mall, Orland Park, Illinois 60462, USA",
    "phone": "+1 (708) 675-2241",
    "services": "bam, pab",
    "url": "https://brickstorestamps.com/stores/store-lego-store-orland-square"
   }
  },
  {
   "type": "Feature",
   "geometry": {
    "type": "Point",
    "coordinates": [
     -81.37905,
     28.54212
    ]
   },
   "properties": {
    "id": "store-lego-store-disney-springs",
    "name": "LEGO® Store Disney Springs",
    "name_local": null,
    "city": "Orlando",
    "country": "USA",
    "type": "official",
    "closed_year": null,
    "address": "1672 E Buena Vista Dr, Lake Buena Vista, Florida 32830, USA",
    "phone": "+1 (689) 208-3552",
    "services": "bam, minifigure_factory, pab",
    "url": "https://brickstorestamps.com/stores/store-lego-store-disney-springs"
   }
  },
  {
   "type": "Feature",
   "geometry": {
    "type": "Point",
    "coordinates": [
     -94.68517,
     38.97425
    ]
   },
   "properties": {
    "id": "store-lego-store-oak-park-mall",
    "name": "LEGO® Store Oak Park Mall",
    "name_local": null,
    "city": "Overland Park",
    "country": "USA",
    "type": "official",
    "closed_year": null,
    "address": null,
    "phone": null,
    "services": "bam, pab",
    "url": "https://brickstorestamps.com/stores/store-lego-store-oak-park-mall"
   }
  },
  {
   "type": "Feature",
   "geometry": {
    "type": "Point",
    "coordinates": [
     -74.07359,
     40.94529
    ]
   },
   "properties": {
    "id": "store-lego-store-garden-state-plaza",
    "name": "LEGO® Store Garden State Plaza",
    "name_local": null,
    "city": "Paramus",
    "country": "USA",
    "type": "official",
    "closed_year": null,
    "address": "1 Garden State Plaza, Paramus, New Jersey 07652, USA",
    "phone": "+1 (201) 979-3570",
    "services": "bam, pab",
    "url": "https://brickstorestamps.com/stores/store-lego-store-garden-state-plaza"
   }
  },
  {
   "type": "Feature",
   "geometry": {
    "type": "Point",
    "coordinates": [
     -70.92866,
     42.52787
    ]
   },
   "properties": {
    "id": "store-lego-store-northshore-mall",
    "name": "LEGO® Store Northshore Mall",
    "name_local": null,
    "city": "Peabody",
    "country": "USA",
    "type": "official",
    "closed_year": null,
    "address": "210 Andover Street #169C, Peabody, Massachusetts 01960, USA",
    "phone": "+1 (978) 587-9271",
    "services": "bam, pab",
    "url": "https://brickstorestamps.com/stores/store-lego-store-northshore-mall"
   }
  },
  {
   "type": "Feature",
   "geometry": {
    "type": "Point",
    "coordinates": [
     -75.16353,
     39.95272
    ]
   },
   "properties": {
    "id": "store-lego-travel-retail-store-philadelphia-international-airport",
    "name": "LEGO Travel Retail Store Philadelphia International Airport",
    "name_local": null,
    "city": "Philadelphia",
    "country": "USA",
    "type": "official",
    "closed_year": null,
    "address": "B/C Connector, PHL Airport, Philadelphia, USA",
    "phone": null,
    "services": null,
    "url": "https://brickstorestamps.com/stores/store-lego-travel-retail-store-philadelphia-international-airport"
   }
  },
  {
   "type": "Feature",
   "geometry": {
    "type": "Point",
    "coordinates": [
     -75.16353,
     39.95272
    ]
   },
   "properties": {
    "id": "store-legoland-discovery-center-philadelphia",
    "name": "LEGOLAND Discovery Center Philadelphia",
    "name_local": null,
    "city": "Philadelphia",
    "country": "USA",
    "type": "official",
    "closed_year": null,
    "address": null,
    "phone": null,
    "services": null,
    "url": "https://brickstorestamps.com/stores/store-legoland-discovery-center-philadelphia"
   }
  },
  {
   "type": "Feature",
   "geometry": {
    "type": "Point",
    "coordinates": [
     -80.00257,
     40.4407
    ]
   },
   "properties": {
    "id": "store-lego-store-ross-park-mall",
    "name": "LEGO® Store Ross Park Mall",
    "name_local": null,
    "city": "Pittsburgh",
    "country": "USA",
    "type": "official",
    "closed_year": null,
    "address": "1000 Ross Park Mall Dr, D04, Pittsburgh, Pennsylvania 15237, USA",
    "phone": "+1 (412) 284-9312",
    "services": "bam, pab",
    "url": "https://brickstorestamps.com/stores/store-lego-store-ross-park-mall"
   }
  },
  {
   "type": "Feature",
   "geometry": {
    "type": "Point",
    "coordinates": [
     -121.87468,
     37.66243
    ]
   },
   "properties": {
    "id": "store-lego-store-stoneridge-mall",
    "name": "LEGO® Store Stoneridge Mall",
    "name_local": null,
    "city": "Pleasanton",
    "country": "USA",
    "type": "official",
    "closed_year": null,
    "address": "1444 Stoneridge Mall, Space D117A, Pleasanton, California 94588, USA",
    "phone": "+1 (925) 351-0933",
    "services": "bam, pab",
    "url": "https://brickstorestamps.com/stores/store-lego-store-stoneridge-mall"
   }
  },
  {
   "type": "Feature",
   "geometry": {
    "type": "Point",
    "coordinates": [
     -122.67419,
     45.52025
    ]
   },
   "properties": {
    "id": "store-lego-store-washington-square",
    "name": "LEGO® Store Washington Square",
    "name_local": null,
    "city": "Portland",
    "country": "USA",
    "type": "official",
    "closed_year": null,
    "address": "9410 Southwest Washington Square Road, Tigard, Oregon 97223, USA",
    "phone": "+1 (971) 462-2300",
    "services": "bam, pab",
    "url": "https://brickstorestamps.com/stores/store-lego-store-washington-square"
   }
  },
  {
   "type": "Feature",
   "geometry": {
    "type": "Point",
    "coordinates": [
     -71.41283,
     41.82399
    ]
   },
   "properties": {
    "id": "store-lego-store-providence-place",
    "name": "LEGO® Store Providence Place",
    "name_local": null,
    "city": "Providence",
    "country": "USA",
    "type": "official",
    "closed_year": null,
    "address": "97 Providence Place #3165, Providence, Rhode Island 02903, USA",
    "phone": "+1 (401) 381-7137",
    "services": "bam, pab",
    "url": "https://brickstorestamps.com/stores/store-lego-store-providence-place"
   }
  },
  {
   "type": "Feature",
   "geometry": {
    "type": "Point",
    "coordinates": [
     -78.6391,
     35.7804
    ]
   },
   "properties": {
    "id": "store-lego-store-crabtree-valley-mall",
    "name": "LEGO® Store Crabtree Valley Mall",
    "name_local": null,
    "city": "Raleigh",
    "country": "USA",
    "type": "official",
    "closed_year": null,
    "address": "4325 Glenwood Ave Ste 1078, Raleigh, North Carolina 27612, USA",
    "phone": "+1 (984) 263-2766",
    "services": "bam, pab",
    "url": "https://brickstorestamps.com/stores/store-lego-store-crabtree-valley-mall"
   }
  },
  {
   "type": "Feature",
   "geometry": {
    "type": "Point",
    "coordinates": [
     -77.43428,
     37.53851
    ]
   },
   "properties": {
    "id": "store-lego-store-short-pump-town-center",
    "name": "LEGO® Store Short Pump Town Center",
    "name_local": null,
    "city": "Richmond",
    "country": "USA",
    "type": "official",
    "closed_year": null,
    "address": "11800 W Broad St, 23233 – Suite #1234, Richmond, Virginia 23233, USA",
    "phone": "804-583-2874",
    "services": "bam, pab",
    "url": "https://brickstorestamps.com/stores/store-lego-store-short-pump-town-center"
   }
  },
  {
   "type": "Feature",
   "geometry": {
    "type": "Point",
    "coordinates": [
     -90.13231,
     32.42848
    ]
   },
   "properties": {
    "id": "store-lego-store-renaissance-at-colony-park",
    "name": "LEGO Store Renaissance at Colony Park",
    "name_local": null,
    "city": "Ridgeland",
    "country": "USA",
    "type": "official",
    "closed_year": null,
    "address": null,
    "phone": null,
    "services": null,
    "url": "https://brickstorestamps.com/stores/store-lego-store-renaissance-at-colony-park"
   }
  },
  {
   "type": "Feature",
   "geometry": {
    "type": "Point",
    "coordinates": [
     -94.11938,
     36.33486
    ]
   },
   "properties": {
    "id": "store-lego-store-pinnacle-hills",
    "name": "LEGO® Store Pinnacle Hills",
    "name_local": null,
    "city": "Rogers",
    "country": "USA",
    "type": "official",
    "closed_year": null,
    "address": "2203 S Promenade Blvd Suite 8135, Rogers, Arkansas 72758, USA",
    "phone": "1-479-405-6640",
    "services": "bam, pab",
    "url": "https://brickstorestamps.com/stores/store-lego-store-pinnacle-hills"
   }
  },
  {
   "type": "Feature",
   "geometry": {
    "type": "Point",
    "coordinates": [
     -121.28801,
     38.75212
    ]
   },
   "properties": {
    "id": "store-lego-store-westfield-galleria-at-roseville",
    "name": "LEGO® Store Westfield Galleria At Roseville",
    "name_local": null,
    "city": "Roseville",
    "country": "USA",
    "type": "official",
    "closed_year": null,
    "address": "1151 Galleria Blvd, #116, Roseville, California 95678, USA",
    "phone": "+1 (916) 535-8378",
    "services": "bam, pab",
    "url": "https://brickstorestamps.com/stores/store-lego-store-westfield-galleria-at-roseville"
   }
  },
  {
   "type": "Feature",
   "geometry": {
    "type": "Point",
    "coordinates": [
     -111.9799,
     40.79007
    ]
   },
   "properties": {
    "id": "store-lego-travel-retail-store-salt-lake-city-international-airport",
    "name": "LEGO Travel Retail Store Salt Lake City International Airport",
    "name_local": null,
    "city": "Salt Lake City",
    "country": "USA",
    "type": "official",
    "closed_year": null,
    "address": "Salt Lake City International Airport (SLC), Salt Lake City, USA",
    "phone": null,
    "services": null,
    "url": "https://brickstorestamps.com/stores/store-lego-travel-retail-store-salt-lake-city-international-airport"
   }
  },
  {
   "type": "Feature",
   "geometry": {
    "type": "Point",
    "coordinates": [
     -98.49514,
     29.4246
    ]
   },
   "properties": {
    "id": "store-lego-store-la-cantera",
    "name": "LEGO® Store La Cantera",
    "name_local": null,
    "city": "San Antonio",
    "country": "USA",
    "type": "official",
    "closed_year": null,
    "address": "15900 La Cantera Parkway, Suite 8865, San Antonio, Texas 78256, USA",
    "phone": "830-241-1036",
    "services": "bam, pab",
    "url": "https://brickstorestamps.com/stores/store-lego-store-la-cantera"
   }
  },
  {
   "type": "Feature",
   "geometry": {
    "type": "Point",
    "coordinates": [
     -98.49514,
     29.4246
    ]
   },
   "properties": {
    "id": "store-lego-store-san-antonio-north-star-mall",
    "name": "LEGO® Store San Antonio - North Star Mall",
    "name_local": null,
    "city": "San Antonio",
    "country": "USA",
    "type": "official",
    "closed_year": null,
    "address": "7400 San Pedro Ave, San Antonio, Texas 78216, USA",
    "phone": "+1 (726) 256-6874",
    "services": "bam, pab",
    "url": "https://brickstorestamps.com/stores/store-lego-store-san-antonio-north-star-mall"
   }
  },
  {
   "type": "Feature",
   "geometry": {
    "type": "Point",
    "coordinates": [
     -98.49514,
     29.4246
    ]
   },
   "properties": {
    "id": "store-legoland-discovery-center-san-antonio",
    "name": "LEGOLAND Discovery Center San Antonio",
    "name_local": null,
    "city": "San Antonio",
    "country": "USA",
    "type": "official",
    "closed_year": null,
    "address": null,
    "phone": null,
    "services": null,
    "url": "https://brickstorestamps.com/stores/store-legoland-discovery-center-san-antonio"
   }
  },
  {
   "type": "Feature",
   "geometry": {
    "type": "Point",
    "coordinates": [
     -117.16277,
     32.71742
    ]
   },
   "properties": {
    "id": "store-lego-store-san-diego-fashion-valley",
    "name": "LEGO® Store San Diego - Fashion Valley",
    "name_local": null,
    "city": "San Diego",
    "country": "USA",
    "type": "official",
    "closed_year": null,
    "address": "Fashion Valley, 7007 Friars Road, San Diego, California 92108, USA",
    "phone": "+1 (858) 264-1682",
    "services": "bam, pab",
    "url": "https://brickstorestamps.com/stores/store-lego-store-san-diego-fashion-valley"
   }
  },
  {
   "type": "Feature",
   "geometry": {
    "type": "Point",
    "coordinates": [
     -117.16277,
     32.71742
    ]
   },
   "properties": {
    "id": "store-lego-store-utc-mall",
    "name": "LEGO® Store UTC Mall",
    "name_local": null,
    "city": "San Diego",
    "country": "USA",
    "type": "official",
    "closed_year": null,
    "address": "4545 La Jolla Village Drive, San Diego, California 92122, USA",
    "phone": "+1 (858) 225-3922",
    "services": "bam, pab",
    "url": "https://brickstorestamps.com/stores/store-lego-store-utc-mall"
   }
  },
  {
   "type": "Feature",
   "geometry": {
    "type": "Point",
    "coordinates": [
     -122.40752,
     37.78794
    ]
   },
   "properties": {
    "id": "store-lego-store-san-francisco-airport-t1-sfo",
    "name": "LEGO Store San Francisco Airport T1 - SFO",
    "name_local": null,
    "city": "San Francisco",
    "country": "USA",
    "type": "official",
    "closed_year": null,
    "address": "San Francisco International Airport, Terminal 1, San Francisco, CA 94128, USA",
    "phone": null,
    "services": null,
    "url": "https://brickstorestamps.com/stores/store-lego-store-san-francisco-airport-t1-sfo"
   }
  },
  {
   "type": "Feature",
   "geometry": {
    "type": "Point",
    "coordinates": [
     -122.32533,
     37.563
    ]
   },
   "properties": {
    "id": "store-lego-store-hillsdale-shopping-centre",
    "name": "LEGO® Store Hillsdale Shopping Centre",
    "name_local": null,
    "city": "San Mateo",
    "country": "USA",
    "type": "official",
    "closed_year": null,
    "address": "341 Hillsdale Mall, San Mateo, California 94403, USA",
    "phone": "+1 (650) 295-1472",
    "services": "bam, pab",
    "url": "https://brickstorestamps.com/stores/store-lego-store-hillsdale-shopping-centre"
   }
  },
  {
   "type": "Feature",
   "geometry": {
    "type": "Point",
    "coordinates": [
     -121.95517,
     37.35411
    ]
   },
   "properties": {
    "id": "store-lego-store-westfield-valley-fair",
    "name": "LEGO® Store Westfield Valley Fair",
    "name_local": null,
    "city": "Santa Clara",
    "country": "USA",
    "type": "official",
    "closed_year": null,
    "address": "2855 Stevens Creek Boulevard, Santa Clara, California 95050, USA",
    "phone": "+1 (408) 643-7008",
    "services": "bam, pab",
    "url": "https://brickstorestamps.com/stores/store-lego-store-westfield-valley-fair"
   }
  },
  {
   "type": "Feature",
   "geometry": {
    "type": "Point",
    "coordinates": [
     -88.08341,
     42.03336
    ]
   },
   "properties": {
    "id": "store-lego-store-woodfield-mall",
    "name": "LEGO® Store Woodfield Mall",
    "name_local": null,
    "city": "Schaumburg",
    "country": "USA",
    "type": "official",
    "closed_year": null,
    "address": "5 Woodfield Mall, Schaumburg, Illinois 60173, USA",
    "phone": "+1 (847) 534-1416",
    "services": "bam, pab",
    "url": "https://brickstorestamps.com/stores/store-lego-store-woodfield-mall"
   }
  },
  {
   "type": "Feature",
   "geometry": {
    "type": "Point",
    "coordinates": [
     -88.08341,
     42.03336
    ]
   },
   "properties": {
    "id": "store-legoland-discovery-center-chicago",
    "name": "LEGOLAND Discovery Center Chicago",
    "name_local": null,
    "city": "Schaumburg",
    "country": "USA",
    "type": "official",
    "closed_year": null,
    "address": null,
    "phone": null,
    "services": null,
    "url": "https://brickstorestamps.com/stores/store-legoland-discovery-center-chicago"
   }
  },
  {
   "type": "Feature",
   "geometry": {
    "type": "Point",
    "coordinates": [
     -111.92602,
     33.49422
    ]
   },
   "properties": {
    "id": "store-lego-store-scottsdale-quarter",
    "name": "LEGO® Store Scottsdale Quarter",
    "name_local": null,
    "city": "Scottsdale",
    "country": "USA",
    "type": "official",
    "closed_year": null,
    "address": "15257 N Scottsdale Road, Suite 170,,  Scottsdale, Arizona 85254, USA",
    "phone": "480-956-0424",
    "services": "bam, pab",
    "url": "https://brickstorestamps.com/stores/store-lego-store-scottsdale-quarter"
   }
  },
  {
   "type": "Feature",
   "geometry": {
    "type": "Point",
    "coordinates": [
     -87.75211,
     42.0263
    ]
   },
   "properties": {
    "id": "store-lego-store-old-orchard-centernew",
    "name": "LEGO® Store Old Orchard CenterNew",
    "name_local": null,
    "city": "Skokie",
    "country": "USA",
    "type": "official",
    "closed_year": null,
    "address": "4999 OLD ORCHARD CTR, STE 25, Unit A25, Skokie, Illinois 60077, USA",
    "phone": "224-309-2278",
    "services": "bam, pab",
    "url": "https://brickstorestamps.com/stores/store-lego-store-old-orchard-centernew"
   }
  },
  {
   "type": "Feature",
   "geometry": {
    "type": "Point",
    "coordinates": [
     -71.0995,
     42.3876
    ]
   },
   "properties": {
    "id": "store-legoland-discovery-center-boston",
    "name": "LEGOLAND Discovery Center Boston",
    "name_local": null,
    "city": "Somerville",
    "country": "USA",
    "type": "official",
    "closed_year": null,
    "address": null,
    "phone": null,
    "services": null,
    "url": "https://brickstorestamps.com/stores/store-legoland-discovery-center-boston"
   }
  },
  {
   "type": "Feature",
   "geometry": {
    "type": "Point",
    "coordinates": [
     -117.42351,
     47.65719
    ]
   },
   "properties": {
    "id": "store-lego-store-river-park-square",
    "name": "LEGO® Store River Park Square",
    "name_local": null,
    "city": "Spokane",
    "country": "USA",
    "type": "official",
    "closed_year": null,
    "address": "808 W. Main Ave. Suite 121, Spokane, Washington 99201, USA",
    "phone": "1 509-213-5283",
    "services": "bam, pab",
    "url": "https://brickstorestamps.com/stores/store-lego-store-river-park-square"
   }
  },
  {
   "type": "Feature",
   "geometry": {
    "type": "Point",
    "coordinates": [
     -77.17446,
     38.77456
    ]
   },
   "properties": {
    "id": "store-lego-store-springfield-mall",
    "name": "LEGO® Store Springfield Mall",
    "name_local": null,
    "city": "Springfield",
    "country": "USA",
    "type": "official",
    "closed_year": null,
    "address": "6563 Springfield Mall Suite 12004, Springfield, Virginia 22150, USA",
    "phone": "571-506-4322",
    "services": "bam, pab",
    "url": "https://brickstorestamps.com/stores/store-lego-store-springfield-mall"
   }
  },
  {
   "type": "Feature",
   "geometry": {
    "type": "Point",
    "coordinates": [
     -83.0302,
     42.58031
    ]
   },
   "properties": {
    "id": "store-lego-store-lakeside-mall",
    "name": "LEGO® Store Lakeside Mall",
    "name_local": null,
    "city": "Sterling Heights",
    "country": "USA",
    "type": "official",
    "closed_year": null,
    "address": null,
    "phone": null,
    "services": "bam, pab",
    "url": "https://brickstorestamps.com/stores/store-lego-store-lakeside-mall"
   }
  },
  {
   "type": "Feature",
   "geometry": {
    "type": "Point",
    "coordinates": [
     -80.27876,
     26.16669
    ]
   },
   "properties": {
    "id": "store-lego-store-sawgrass-mills",
    "name": "LEGO® Store Sawgrass Mills",
    "name_local": null,
    "city": "Sunrise",
    "country": "USA",
    "type": "official",
    "closed_year": null,
    "address": "12801 W Sunrise Blvd, Space 1011, Sunrise, Florida 33323, USA",
    "phone": "+1 (754) 336-5775",
    "services": "bam, pab",
    "url": "https://brickstorestamps.com/stores/store-lego-store-sawgrass-mills"
   }
  },
  {
   "type": "Feature",
   "geometry": {
    "type": "Point",
    "coordinates": [
     -76.14742,
     43.04812
    ]
   },
   "properties": {
    "id": "store-lego-store-destiny-usa",
    "name": "LEGO® Store Destiny USA",
    "name_local": null,
    "city": "Syracuse",
    "country": "USA",
    "type": "official",
    "closed_year": null,
    "address": "9090 Destiny USA Dr, Space F210, Syracuse, New York 13204, USA",
    "phone": "+1 (680) 244-7040",
    "services": "bam, pab",
    "url": "https://brickstorestamps.com/stores/store-lego-store-destiny-usa"
   }
  },
  {
   "type": "Feature",
   "geometry": {
    "type": "Point",
    "coordinates": [
     -117.14737,
     33.49464
    ]
   },
   "properties": {
    "id": "store-lego-store-promenade-temecula",
    "name": "LEGO Store Promenade Temecula",
    "name_local": null,
    "city": "Temecula",
    "country": "USA",
    "type": "official",
    "closed_year": null,
    "address": null,
    "phone": null,
    "services": null,
    "url": "https://brickstorestamps.com/stores/store-lego-store-promenade-temecula"
   }
  },
  {
   "type": "Feature",
   "geometry": {
    "type": "Point",
    "coordinates": [
     -111.94002,
     33.42551
    ]
   },
   "properties": {
    "id": "store-legoland-discovery-center-arizona",
    "name": "LEGOLAND Discovery Center Arizona",
    "name_local": null,
    "city": "Tempe",
    "country": "USA",
    "type": "official",
    "closed_year": null,
    "address": null,
    "phone": null,
    "services": null,
    "url": "https://brickstorestamps.com/stores/store-legoland-discovery-center-arizona"
   }
  },
  {
   "type": "Feature",
   "geometry": {
    "type": "Point",
    "coordinates": [
     -95.50469,
     30.17342
    ]
   },
   "properties": {
    "id": "store-lego-store-the-woodlands-mall",
    "name": "LEGO® Store The Woodlands Mall",
    "name_local": null,
    "city": "The Woodlands",
    "country": "USA",
    "type": "official",
    "closed_year": null,
    "address": "1201 Lake Woodlands Drive #01182, The Woodlands, Texas 77380, USA",
    "phone": "+1 (936) 570-3457",
    "services": "bam, pab",
    "url": "https://brickstorestamps.com/stores/store-lego-store-the-woodlands-mall"
   }
  },
  {
   "type": "Feature",
   "geometry": {
    "type": "Point",
    "coordinates": [
     -122.77193,
     45.43075
    ]
   },
   "properties": {
    "id": "store-lego-store-bridgeport-village",
    "name": "LEGO® Store Bridgeport Village",
    "name_local": null,
    "city": "Tigard",
    "country": "USA",
    "type": "official",
    "closed_year": null,
    "address": "7235 SW Bridgeport Rd, Tigard, OR 97224 - Space D-107, Tigard, Oregon 97224, USA",
    "phone": "971-339-5837",
    "services": "bam, pab",
    "url": "https://brickstorestamps.com/stores/store-lego-store-bridgeport-village"
   }
  },
  {
   "type": "Feature",
   "geometry": {
    "type": "Point",
    "coordinates": [
     -83.18411,
     42.56278
    ]
   },
   "properties": {
    "id": "store-lego-store-somerset-collection",
    "name": "LEGO® Store Somerset Collection",
    "name_local": null,
    "city": "Troy",
    "country": "USA",
    "type": "official",
    "closed_year": null,
    "address": "Somerset Collection, 2800 West Big Beaver Road, Troy, Michigan 48084, USA",
    "phone": "+1 (947) 218-3789",
    "services": "bam, minifigure_factory, pab",
    "url": "https://brickstorestamps.com/stores/store-lego-store-somerset-collection"
   }
  },
  {
   "type": "Feature",
   "geometry": {
    "type": "Point",
    "coordinates": [
     -122.25592,
     47.46274
    ]
   },
   "properties": {
    "id": "store-lego-store-westfield-southcenter",
    "name": "LEGO® Store Westfield Southcenter",
    "name_local": null,
    "city": "Tukwila",
    "country": "USA",
    "type": "official",
    "closed_year": null,
    "address": "633 Southcenter Mall, Tukwila, Washington 98188, USA",
    "phone": "+1 (425) 441-6929",
    "services": "bam, pab",
    "url": "https://brickstorestamps.com/stores/store-lego-store-westfield-southcenter"
   }
  },
  {
   "type": "Feature",
   "geometry": {
    "type": "Point",
    "coordinates": [
     -95.99275,
     36.15631
    ]
   },
   "properties": {
    "id": "store-lego-store-woodland-hills-mall",
    "name": "LEGO® Store Woodland Hills Mall",
    "name_local": null,
    "city": "Tulsa",
    "country": "USA",
    "type": "official",
    "closed_year": null,
    "address": "7021 S. Memorial Ste #186, Tulsa, Oklahoma 74133, USA",
    "phone": "(918) 475-8003",
    "services": "bam, pab",
    "url": "https://brickstorestamps.com/stores/store-lego-store-woodland-hills-mall"
   }
  },
  {
   "type": "Feature",
   "geometry": {
    "type": "Point",
    "coordinates": [
     -77.23147,
     38.91859
    ]
   },
   "properties": {
    "id": "store-lego-store-tysons-corner",
    "name": "LEGO® Store Tysons Corner",
    "name_local": null,
    "city": "Tysons",
    "country": "USA",
    "type": "official",
    "closed_year": null,
    "address": "1961 Chain Bridge Rd Mall D7L McLean, VA 22102, McLean, Virginia 22102, USA",
    "phone": "+1 (571) 648-0127",
    "services": "bam, pab",
    "url": "https://brickstorestamps.com/stores/store-lego-store-tysons-corner"
   }
  },
  {
   "type": "Feature",
   "geometry": {
    "type": "Point",
    "coordinates": [
     -77.44663,
     43.02926
    ]
   },
   "properties": {
    "id": "store-lego-store-eastview-mall",
    "name": "LEGO® Store Eastview Mall",
    "name_local": null,
    "city": "Victor",
    "country": "USA",
    "type": "official",
    "closed_year": null,
    "address": "7979 Pittsford Victor Road #131B, Victor, New York 14564, USA",
    "phone": "+1 (585) 407-1502",
    "services": "bam, pab",
    "url": "https://brickstorestamps.com/stores/store-lego-store-eastview-mall"
   }
  },
  {
   "type": "Feature",
   "geometry": {
    "type": "Point",
    "coordinates": [
     -75.97608,
     36.84966
    ]
   },
   "properties": {
    "id": "store-lego-store-virginia-beach",
    "name": "LEGO® Store Virginia Beach",
    "name_local": null,
    "city": "Virginia Beach",
    "country": "USA",
    "type": "official",
    "closed_year": null,
    "address": "172 Central Park Ave, Virginia Beach, Virginia 23462, USA",
    "phone": "1 757-910-0389",
    "services": "bam, pab",
    "url": "https://brickstorestamps.com/stores/store-lego-store-virginia-beach"
   }
  },
  {
   "type": "Feature",
   "geometry": {
    "type": "Point",
    "coordinates": [
     -77.03638,
     38.8951
    ]
   },
   "properties": {
    "id": "store-legoland-discovery-center-washington-dc",
    "name": "LEGOLAND Discovery Center Washington DC",
    "name_local": null,
    "city": "Washington DC",
    "country": "USA",
    "type": "official",
    "closed_year": null,
    "address": null,
    "phone": null,
    "services": null,
    "url": "https://brickstorestamps.com/stores/store-legoland-discovery-center-washington-dc"
   }
  },
  {
   "type": "Feature",
   "geometry": {
    "type": "Point",
    "coordinates": [
     -88.00793,
     43.04941
    ]
   },
   "properties": {
    "id": "store-lego-store-mayfair",
    "name": "LEGO® Store Mayfair",
    "name_local": null,
    "city": "Wauwatosa",
    "country": "USA",
    "type": "official",
    "closed_year": null,
    "address": "2500 North Mayfair Rd, Mayfair, Space 635, Wauwatosa, Wisconsin 53226, USA",
    "phone": "+1 (414) 300-7580",
    "services": "bam, pab",
    "url": "https://brickstorestamps.com/stores/store-lego-store-mayfair"
   }
  },
  {
   "type": "Feature",
   "geometry": {
    "type": "Point",
    "coordinates": [
     -93.75941,
     41.56445
    ]
   },
   "properties": {
    "id": "store-lego-store-jordan-creek",
    "name": "LEGO® Store Jordan Creek",
    "name_local": null,
    "city": "West Des Moines",
    "country": "USA",
    "type": "official",
    "closed_year": null,
    "address": "101 Jordan Creek Pkwy, Suite 11155, West Des Moines‌, Iowa 50266, USA",
    "phone": "1-515-561-5334",
    "services": "bam, pab",
    "url": "https://brickstorestamps.com/stores/store-lego-store-jordan-creek"
   }
  },
  {
   "type": "Feature",
   "geometry": {
    "type": "Point",
    "coordinates": [
     -72.74204,
     41.76204
    ]
   },
   "properties": {
    "id": "store-lego-store-westfarms-mall",
    "name": "LEGO® Store Westfarms Mall",
    "name_local": null,
    "city": "West Hartford",
    "country": "USA",
    "type": "official",
    "closed_year": null,
    "address": "1500 New Britain Avenue d112, West Hartford, Connecticut 06032, USA",
    "phone": "+1 (860) 454-6971",
    "services": "bam, pab",
    "url": "https://brickstorestamps.com/stores/store-lego-store-westfarms-mall"
   }
  },
  {
   "type": "Feature",
   "geometry": {
    "type": "Point",
    "coordinates": [
     -73.97309,
     41.09626
    ]
   },
   "properties": {
    "id": "store-lego-store-palisades-centre",
    "name": "LEGO® Store Palisades Centre",
    "name_local": null,
    "city": "West Nyack",
    "country": "USA",
    "type": "official",
    "closed_year": null,
    "address": "3462 Palisades Center Dr, West Nyack, New York 10994, USA",
    "phone": "+1 (845) 643-1003",
    "services": "bam, pab",
    "url": "https://brickstorestamps.com/stores/store-lego-store-palisades-centre"
   }
  },
  {
   "type": "Feature",
   "geometry": {
    "type": "Point",
    "coordinates": [
     -87.882,
     41.85059
    ]
   },
   "properties": {
    "id": "store-legoland-discovery-center-westchester",
    "name": "LEGOLAND Discovery Center Westchester",
    "name_local": null,
    "city": "Westchester",
    "country": "USA",
    "type": "official",
    "closed_year": null,
    "address": null,
    "phone": null,
    "services": null,
    "url": "https://brickstorestamps.com/stores/store-legoland-discovery-center-westchester"
   }
  },
  {
   "type": "Feature",
   "geometry": {
    "type": "Point",
    "coordinates": [
     -81.95169,
     41.45821
    ]
   },
   "properties": {
    "id": "store-lego-store-crocker-park",
    "name": "LEGO® Store Crocker Park",
    "name_local": null,
    "city": "Westlake",
    "country": "USA",
    "type": "official",
    "closed_year": null,
    "address": "276 Crocker Park Blvd, Space 1020, Westlake, Ohio 44145, USA",
    "phone": "+1 (440) 500-3101",
    "services": "bam, pab",
    "url": "https://brickstorestamps.com/stores/store-lego-store-crocker-park"
   }
  },
  {
   "type": "Feature",
   "geometry": {
    "type": "Point",
    "coordinates": [
     -73.76291,
     41.03399
    ]
   },
   "properties": {
    "id": "store-lego-store-the-westchester",
    "name": "LEGO® Store The Westchester",
    "name_local": null,
    "city": "White Plains",
    "country": "USA",
    "type": "official",
    "closed_year": null,
    "address": "125 Westchester Ave, The Westchester, Unit 3220, White Plains, New York 10601, USA",
    "phone": "+1 (914) 201-1942",
    "services": "bam, pab",
    "url": "https://brickstorestamps.com/stores/store-lego-store-the-westchester"
   }
  },
  {
   "type": "Feature",
   "geometry": {
    "type": "Point",
    "coordinates": [
     -81.73286,
     28.02224
    ]
   },
   "properties": {
    "id": "store-lego-store-legoland-florida-resort",
    "name": "LEGOLAND Florida",
    "name_local": null,
    "city": "Winter Haven",
    "country": "USA",
    "type": "official",
    "closed_year": null,
    "address": "One Legoland Way, Winter Haven, Florida 33884, USA",
    "phone": "877-350-5346",
    "services": "bam, pab",
    "url": "https://brickstorestamps.com/stores/store-lego-store-legoland-florida-resort"
   }
  },
  {
   "type": "Feature",
   "geometry": {
    "type": "Point",
    "coordinates": [
     -77.25307,
     38.66266
    ]
   },
   "properties": {
    "id": "store-lego-store-potomac-mills",
    "name": "LEGO® Store Potomac Mills",
    "name_local": null,
    "city": "Woodbridge",
    "country": "USA",
    "type": "official",
    "closed_year": null,
    "address": "2700 Potomac Mills Circle, Woodbridge, Virginia 22192, USA",
    "phone": "+1 (571) 609-6922",
    "services": "bam, pab",
    "url": "https://brickstorestamps.com/stores/store-lego-store-potomac-mills"
   }
  },
  {
   "type": "Feature",
   "geometry": {
    "type": "Point",
    "coordinates": [
     106.7166,
     10.77373
    ]
   },
   "properties": {
    "id": "store-lego-store-paradise-hcm-cit",
    "name": "LEGO Store Paradise HCM City",
    "name_local": null,
    "city": "Ho Chi Minh City",
    "country": "Vietnam",
    "type": "official",
    "closed_year": null,
    "address": null,
    "phone": null,
    "services": "bam, pab",
    "url": "https://brickstorestamps.com/stores/store-lego-store-paradise-hcm-cit"
   }
  }
 ]
}
